0 verbose cli /usr/local/bin/node /usr/local/bin/npm
1 info using npm@10.9.8
2 info using node@v22.23.2
3 silly config load:file:/usr/local/lib/node_modules/npm/npmrc
4 silly config load:file:/app/.npmrc
5 silly config load:file:/root/.npmrc
6 silly config load:file:/usr/local/etc/npmrc
7 verbose title npm ci
8 verbose argv "ci"
9 verbose logfile logs-max:10 dir:/root/.npm/_logs/2026-09-15T01_37_07_351Z-
10 verbose logfile /root/.npm/_logs/2026-09-15T01_37_07_351Z-debug-0.log
11 silly logfile done cleaning log files
12 silly packumentCache heap:2197815296 maxSize:549453824 maxEntrySize:274726912
13 silly idealTree buildDeps
14 silly reify moves {}
15 verbose reify failed optional dependency /app/node_modules/@tailwindcss/oxide-wasm32-wasi
16 silly reify mark deleted [ '/app/node_modules/@tailwindcss/oxide-wasm32-wasi' ]
17 verbose reify failed optional dependency /app/node_modules/@tailwindcss/oxide-wasm32-wasi/node_modules/@emnapi/core
18 silly reify mark deleted [
18 silly reify   '/app/node_modules/@tailwindcss/oxide-wasm32-wasi/node_modules/@emnapi/core'
18 silly reify ]
19 verbose reify failed optional dependency /app/node_modules/@tailwindcss/oxide-wasm32-wasi/node_modules/@emnapi/runtime
20 silly reify mark deleted [
20 silly reify   '/app/node_modules/@tailwindcss/oxide-wasm32-wasi/node_modules/@emnapi/runtime'
20 silly reify ]
21 verbose reify failed optional dependency /app/node_modules/@tailwindcss/oxide-wasm32-wasi/node_modules/@emnapi/wasi-threads
22 silly reify mark deleted [
22 silly reify   '/app/node_modules/@tailwindcss/oxide-wasm32-wasi/node_modules/@emnapi/wasi-threads'
22 silly reify ]
23 verbose reify failed optional dependency /app/node_modules/@tailwindcss/oxide-wasm32-wasi/node_modules/@napi-rs/wasm-runtime
24 silly reify mark deleted [
24 silly reify   '/app/node_modules/@tailwindcss/oxide-wasm32-wasi/node_modules/@napi-rs/wasm-runtime'
24 silly reify ]
25 verbose reify failed optional dependency /app/node_modules/@tailwindcss/oxide-wasm32-wasi/node_modules/@tybys/wasm-util
26 silly reify mark deleted [
26 silly reify   '/app/node_modules/@tailwindcss/oxide-wasm32-wasi/node_modules/@tybys/wasm-util'
26 silly reify ]
27 verbose reify failed optional dependency /app/node_modules/@tailwindcss/oxide-wasm32-wasi/node_modules/tslib
28 silly reify mark deleted [
28 silly reify   '/app/node_modules/@tailwindcss/oxide-wasm32-wasi/node_modules/tslib'
28 silly reify ]
29 silly audit bulk request {
29 silly audit   '@alloc/quick-lru': [ '5.2.0' ],
29 silly audit   '@antfu/install-pkg': [ '1.1.0' ],
29 silly audit   '@asamuzakjp/css-color': [ '5.1.11' ],
29 silly audit   '@asamuzakjp/dom-selector': [ '7.1.1' ],
29 silly audit   '@asamuzakjp/generational-cache': [ '1.0.1' ],
29 silly audit   '@asamuzakjp/nwsapi': [ '2.3.9' ],
29 silly audit   '@babel/code-frame': [ '7.29.7' ],
29 silly audit   '@babel/helper-validator-identifier': [ '7.29.7' ],
29 silly audit   '@babel/runtime': [ '7.29.7' ],
29 silly audit   '@braintree/sanitize-url': [ '7.1.2' ],
29 silly audit   '@bramus/specificity': [ '2.4.2' ],
29 silly audit   '@chevrotain/types': [ '11.1.2' ],
29 silly audit   '@csstools/color-helpers': [ '6.1.1' ],
29 silly audit   '@csstools/css-calc': [ '3.3.0' ],
29 silly audit   '@csstools/css-color-parser': [ '4.2.0' ],
29 silly audit   '@csstools/css-parser-algorithms': [ '4.0.0' ],
29 silly audit   '@csstools/css-syntax-patches-for-csstree': [ '1.1.8' ],
29 silly audit   '@csstools/css-tokenizer': [ '4.0.0' ],
29 silly audit   '@emnapi/core': [ '1.11.3', '1.11.1', '1.10.0' ],
29 silly audit   '@emnapi/runtime': [ '1.11.3', '1.11.1', '1.10.0' ],
29 silly audit   '@emnapi/wasi-threads': [ '1.2.3', '1.2.2', '1.2.1' ],
29 silly audit   '@eslint-community/eslint-utils': [ '4.10.1' ],
29 silly audit   'eslint-visitor-keys': [ '3.4.3', '5.0.1', '4.2.1' ],
29 silly audit   '@eslint-community/regexpp': [ '4.12.2' ],
29 silly audit   '@eslint/config-array': [ '0.21.2' ],
29 silly audit   '@eslint/config-helpers': [ '0.4.2' ],
29 silly audit   '@eslint/core': [ '0.17.0' ],
29 silly audit   '@eslint/eslintrc': [ '3.3.6' ],
29 silly audit   'strip-json-comments': [ '3.1.1', '2.0.1' ],
29 silly audit   '@eslint/js': [ '9.39.5' ],
29 silly audit   '@eslint/object-schema': [ '2.1.7' ],
29 silly audit   '@eslint/plugin-kit': [ '0.4.1' ],
29 silly audit   '@exodus/bytes': [ '1.15.1' ],
29 silly audit   '@fontsource-variable/inter': [ '5.3.0' ],
29 silly audit   '@fontsource-variable/jetbrains-mono': [ '5.3.0' ],
29 silly audit   '@fontsource-variable/noto-sans-sc': [ '5.3.0' ],
29 silly audit   '@fontsource-variable/noto-serif-sc': [ '5.3.0' ],
29 silly audit   '@fontsource/instrument-serif': [ '5.3.0' ],
29 silly audit   '@humanfs/core': [ '0.19.2' ],
29 silly audit   '@humanfs/node': [ '0.16.8' ],
29 silly audit   '@humanfs/types': [ '0.15.0' ],
29 silly audit   '@humanwhocodes/module-importer': [ '1.0.1' ],
29 silly audit   '@humanwhocodes/retry': [ '0.4.3' ],
29 silly audit   '@iconify/types': [ '2.0.0' ],
29 silly audit   '@iconify/utils': [ '3.1.4' ],
29 silly audit   '@img/colour': [ '1.1.0' ],
29 silly audit   '@img/sharp-darwin-arm64': [ '0.35.3' ],
29 silly audit   '@img/sharp-darwin-x64': [ '0.35.3' ],
29 silly audit   '@img/sharp-freebsd-wasm32': [ '0.35.3' ],
29 silly audit   '@img/sharp-libvips-darwin-arm64': [ '1.3.2' ],
29 silly audit   '@img/sharp-libvips-darwin-x64': [ '1.3.2' ],
29 silly audit   '@img/sharp-libvips-linux-arm': [ '1.3.2' ],
29 silly audit   '@img/sharp-libvips-linux-arm64': [ '1.3.2' ],
29 silly audit   '@img/sharp-libvips-linux-ppc64': [ '1.3.2' ],
29 silly audit   '@img/sharp-libvips-linux-riscv64': [ '1.3.2' ],
29 silly audit   '@img/sharp-libvips-linux-s390x': [ '1.3.2' ],
29 silly audit   '@img/sharp-libvips-linux-x64': [ '1.3.2' ],
29 silly audit   '@img/sharp-libvips-linuxmusl-arm64': [ '1.3.2' ],
29 silly audit   '@img/sharp-libvips-linuxmusl-x64': [ '1.3.2' ],
29 silly audit   '@img/sharp-linux-arm': [ '0.35.3' ],
29 silly audit   '@img/sharp-linux-arm64': [ '0.35.3' ],
29 silly audit   '@img/sharp-linux-ppc64': [ '0.35.3' ],
29 silly audit   '@img/sharp-linux-riscv64': [ '0.35.3' ],
29 silly audit   '@img/sharp-linux-s390x': [ '0.35.3' ],
29 silly audit   '@img/sharp-linux-x64': [ '0.35.3' ],
29 silly audit   '@img/sharp-linuxmusl-arm64': [ '0.35.3' ],
29 silly audit   '@img/sharp-linuxmusl-x64': [ '0.35.3' ],
29 silly audit   '@img/sharp-wasm32': [ '0.35.3' ],
29 silly audit   '@img/sharp-webcontainers-wasm32': [ '0.35.3' ],
29 silly audit   '@img/sharp-win32-arm64': [ '0.35.3' ],
29 silly audit   '@img/sharp-win32-ia32': [ '0.35.3' ],
29 silly audit   '@img/sharp-win32-x64': [ '0.35.3' ],
29 silly audit   '@jridgewell/gen-mapping': [ '0.3.13' ],
29 silly audit   '@jridgewell/remapping': [ '2.3.5' ],
29 silly audit   '@jridgewell/resolve-uri': [ '3.1.2' ],
29 silly audit   '@jridgewell/sourcemap-codec': [ '1.5.5' ],
29 silly audit   '@jridgewell/trace-mapping': [ '0.3.31' ],
29 silly audit   '@mermaid-js/parser': [ '1.2.0' ],
29 silly audit   '@napi-rs/wasm-runtime': [ '0.2.12', '1.1.4', '1.2.3' ],
29 silly audit   '@next/env': [ '15.5.23' ],
29 silly audit   '@next/eslint-plugin-next': [ '15.5.23' ],
29 silly audit   '@next/swc-darwin-arm64': [ '15.5.23' ],
29 silly audit   '@next/swc-darwin-x64': [ '15.5.23' ],
29 silly audit   '@next/swc-linux-arm64-gnu': [ '15.5.23' ],
29 silly audit   '@next/swc-linux-arm64-musl': [ '15.5.23' ],
29 silly audit   '@next/swc-linux-x64-gnu': [ '15.5.23' ],
29 silly audit   '@next/swc-linux-x64-musl': [ '15.5.23' ],
29 silly audit   '@next/swc-win32-arm64-msvc': [ '15.5.23' ],
29 silly audit   '@next/swc-win32-x64-msvc': [ '15.5.23' ],
29 silly audit   '@noble/hashes': [ '1.8.0' ],
29 silly audit   '@node-rs/jieba': [ '2.0.1' ],
29 silly audit   '@node-rs/jieba-android-arm-eabi': [ '2.0.1' ],
29 silly audit   '@node-rs/jieba-android-arm64': [ '2.0.1' ],
29 silly audit   '@node-rs/jieba-darwin-arm64': [ '2.0.1' ],
29 silly audit   '@node-rs/jieba-darwin-x64': [ '2.0.1' ],
29 silly audit   '@node-rs/jieba-freebsd-x64': [ '2.0.1' ],
29 silly audit   '@node-rs/jieba-linux-arm-gnueabihf': [ '2.0.1' ],
29 silly audit   '@node-rs/jieba-linux-arm64-gnu': [ '2.0.1' ],
29 silly audit   '@node-rs/jieba-linux-arm64-musl': [ '2.0.1' ],
29 silly audit   '@node-rs/jieba-linux-x64-gnu': [ '2.0.1' ],
29 silly audit   '@node-rs/jieba-linux-x64-musl': [ '2.0.1' ],
29 silly audit   '@node-rs/jieba-wasm32-wasi': [ '2.0.1' ],
29 silly audit   '@node-rs/jieba-win32-arm64-msvc': [ '2.0.1' ],
29 silly audit   '@node-rs/jieba-win32-ia32-msvc': [ '2.0.1' ],
29 silly audit   '@node-rs/jieba-win32-x64-msvc': [ '2.0.1' ],
29 silly audit   '@nodelib/fs.scandir': [ '2.1.5' ],
29 silly audit   '@nodelib/fs.stat': [ '2.0.5' ],
29 silly audit   '@nodelib/fs.walk': [ '1.2.8' ],
29 silly audit   '@nolyfill/is-core-module': [ '1.0.39' ],
29 silly audit   '@oxc-project/types': [ '0.144.0' ],
29 silly audit   '@paralleldrive/cuid2': [ '2.3.1' ],
29 silly audit   '@popperjs/core': [ '2.11.8' ],
29 silly audit   '@remirror/core-constants': [ '3.0.0' ],
29 silly audit   '@rolldown/binding-android-arm64': [ '1.2.4' ],
29 silly audit   '@rolldown/binding-darwin-arm64': [ '1.2.4' ],
29 silly audit   '@rolldown/binding-darwin-x64': [ '1.2.4' ],
29 silly audit   '@rolldown/binding-freebsd-x64': [ '1.2.4' ],
29 silly audit   '@rolldown/binding-linux-arm-gnueabihf': [ '1.2.4' ],
29 silly audit   '@rolldown/binding-linux-arm64-gnu': [ '1.2.4' ],
29 silly audit   '@rolldown/binding-linux-arm64-musl': [ '1.2.4' ],
29 silly audit   '@rolldown/binding-linux-ppc64-gnu': [ '1.2.4' ],
29 silly audit   '@rolldown/binding-linux-s390x-gnu': [ '1.2.4' ],
29 silly audit   '@rolldown/binding-linux-x64-gnu': [ '1.2.4' ],
29 silly audit   '@rolldown/binding-linux-x64-musl': [ '1.2.4' ],
29 silly audit   '@rolldown/binding-openharmony-arm64': [ '1.2.4' ],
29 silly audit   '@rolldown/binding-win32-arm64-msvc': [ '1.2.4' ],
29 silly audit   '@rolldown/binding-win32-x64-msvc': [ '1.2.4' ],
29 silly audit   '@rolldown/pluginutils': [ '1.0.1' ],
29 silly audit   '@rtsao/scc': [ '1.1.0' ],
29 silly audit   '@rushstack/eslint-patch': [ '1.16.1' ],
29 silly audit   '@standard-schema/spec': [ '1.1.0' ],
29 silly audit   '@swc/helpers': [ '0.5.15' ],
29 silly audit   '@tailwindcss/node': [ '4.3.3' ],
29 silly audit   '@tailwindcss/oxide': [ '4.3.3' ],
29 silly audit   '@tailwindcss/oxide-android-arm64': [ '4.3.3' ],
29 silly audit   '@tailwindcss/oxide-darwin-arm64': [ '4.3.3' ],
29 silly audit   '@tailwindcss/oxide-darwin-x64': [ '4.3.3' ],
29 silly audit   '@tailwindcss/oxide-freebsd-x64': [ '4.3.3' ],
29 silly audit   '@tailwindcss/oxide-linux-arm-gnueabihf': [ '4.3.3' ],
29 silly audit   '@tailwindcss/oxide-linux-arm64-gnu': [ '4.3.3' ],
29 silly audit   '@tailwindcss/oxide-linux-arm64-musl': [ '4.3.3' ],
29 silly audit   '@tailwindcss/oxide-linux-x64-gnu': [ '4.3.3' ],
29 silly audit   '@tailwindcss/oxide-linux-x64-musl': [ '4.3.3' ],
29 silly audit   '@tybys/wasm-util': [ '0.10.2', '0.10.3' ],
29 silly audit   tslib: [ '2.8.1' ],
29 silly audit   '@tailwindcss/oxide-win32-arm64-msvc': [ '4.3.3' ],
29 silly audit   '@tailwindcss/oxide-win32-x64-msvc': [ '4.3.3' ],
29 silly audit   '@tailwindcss/postcss': [ '4.3.3' ],
29 silly audit   '@testing-library/dom': [ '10.4.1' ],
29 silly audit   'aria-query': [ '5.3.0', '5.3.2' ],
29 silly audit   '@testing-library/react': [ '16.3.2' ],
29 silly audit   '@tiptap/core': [ '2.27.2' ],
29 silly audit   '@tiptap/extension-blockquote': [ '2.27.2' ],
29 silly audit   '@tiptap/extension-bold': [ '2.27.2' ],
29 silly audit   '@tiptap/extension-bubble-menu': [ '2.27.2' ],
29 silly audit   '@tiptap/extension-bullet-list': [ '2.27.2' ],
29 silly audit   '@tiptap/extension-code': [ '2.27.2' ],
29 silly audit   '@tiptap/extension-code-block': [ '2.27.2' ],
29 silly audit   '@tiptap/extension-document': [ '2.27.2' ],
29 silly audit   '@tiptap/extension-dropcursor': [ '2.27.2' ],
29 silly audit   '@tiptap/extension-floating-menu': [ '2.27.2' ],
29 silly audit   '@tiptap/extension-gapcursor': [ '2.27.2' ],
29 silly audit   '@tiptap/extension-hard-break': [ '2.27.2' ],
29 silly audit   '@tiptap/extension-heading': [ '2.27.2' ],
29 silly audit   '@tiptap/extension-history': [ '2.27.2' ],
29 silly audit   '@tiptap/extension-horizontal-rule': [ '2.27.2' ],
29 silly audit   '@tiptap/extension-image': [ '2.27.2' ],
29 silly audit   '@tiptap/extension-italic': [ '2.27.2' ],
29 silly audit   '@tiptap/extension-link': [ '2.27.2' ],
29 silly audit   '@tiptap/extension-list-item': [ '2.27.2' ],
29 silly audit   '@tiptap/extension-ordered-list': [ '2.27.2' ],
29 silly audit   '@tiptap/extension-paragraph': [ '2.27.2' ],
29 silly audit   '@tiptap/extension-placeholder': [ '2.27.2' ],
29 silly audit   '@tiptap/extension-strike': [ '2.27.2' ],
29 silly audit   '@tiptap/extension-table': [ '2.27.2' ],
29 silly audit   '@tiptap/extension-table-cell': [ '2.27.2' ],
29 silly audit   '@tiptap/extension-table-header': [ '2.27.2' ],
29 silly audit   '@tiptap/extension-table-row': [ '2.27.2' ],
29 silly audit   '@tiptap/extension-text': [ '2.27.2' ],
29 silly audit   '@tiptap/extension-text-style': [ '2.27.2' ],
29 silly audit   '@tiptap/pm': [ '2.27.2' ],
29 silly audit   '@tiptap/react': [ '2.27.2' ],
29 silly audit   '@tiptap/starter-kit': [ '2.27.2' ],
29 silly audit   '@types/aria-query': [ '5.0.4' ],
29 silly audit   '@types/better-sqlite3': [ '7.6.13' ],
29 silly audit   '@types/chai': [ '5.2.3' ],
29 silly audit   '@types/d3': [ '7.4.3' ],
29 silly audit   '@types/d3-array': [ '3.2.2' ],
29 silly audit   '@types/d3-axis': [ '3.0.6' ],
29 silly audit   '@types/d3-brush': [ '3.0.6' ],
29 silly audit   '@types/d3-chord': [ '3.0.6' ],
29 silly audit   '@types/d3-color': [ '3.1.3' ],
29 silly audit   '@types/d3-contour': [ '3.0.6' ],
29 silly audit   '@types/d3-delaunay': [ '6.0.4' ],
29 silly audit   '@types/d3-dispatch': [ '3.0.7' ],
29 silly audit   '@types/d3-drag': [ '3.0.7' ],
29 silly audit   '@types/d3-dsv': [ '3.0.7' ],
29 silly audit   '@types/d3-ease': [ '3.0.2' ],
29 silly audit   '@types/d3-fetch': [ '3.0.7' ],
29 silly audit   '@types/d3-force': [ '3.0.10' ],
29 silly audit   '@types/d3-format': [ '3.0.4' ],
29 silly audit   '@types/d3-geo': [ '3.1.1' ],
29 silly audit   '@types/d3-hierarchy': [ '3.1.7' ],
29 silly audit   '@types/d3-interpolate': [ '3.0.4' ],
29 silly audit   '@types/d3-path': [ '3.1.1' ],
29 silly audit   '@types/d3-polygon': [ '3.0.2' ],
29 silly audit   '@types/d3-quadtree': [ '3.0.6' ],
29 silly audit   '@types/d3-random': [ '3.0.4' ],
29 silly audit   '@types/d3-scale': [ '4.0.9' ],
29 silly audit   '@types/d3-scale-chromatic': [ '3.1.0' ],
29 silly audit   '@types/d3-selection': [ '3.0.11' ],
29 silly audit   '@types/d3-shape': [ '3.1.8' ],
29 silly audit   '@types/d3-time': [ '3.0.4' ],
29 silly audit   '@types/d3-time-format': [ '4.0.3' ],
29 silly audit   '@types/d3-timer': [ '3.0.2' ],
29 silly audit   '@types/d3-transition': [ '3.0.9' ],
29 silly audit   '@types/d3-zoom': [ '3.0.8' ],
29 silly audit   '@types/debug': [ '4.1.13' ],
29 silly audit   '@types/deep-eql': [ '4.0.2' ],
29 silly audit   '@types/estree': [ '1.0.9' ],
29 silly audit   '@types/estree-jsx': [ '1.0.5' ],
29 silly audit   '@types/geojson': [ '7946.0.16' ],
29 silly audit   '@types/hast': [ '3.0.5' ],
29 silly audit   '@types/json-schema': [ '7.0.15' ],
29 silly audit   '@types/json5': [ '0.0.29' ],
29 silly audit   '@types/linkify-it': [ '5.0.0', '3.0.5' ],
29 silly audit   '@types/markdown-it': [ '14.1.2', '13.0.9' ],
29 silly audit   '@types/mdast': [ '4.0.4' ],
29 silly audit   '@types/mdurl': [ '2.0.0', '1.0.5' ],
29 silly audit   '@types/ms': [ '2.1.0' ],
29 silly audit   '@types/node': [ '22.20.1' ],
29 silly audit   '@types/react': [ '19.2.18' ],
29 silly audit   '@types/react-dom': [ '19.2.4' ],
29 silly audit   '@types/trusted-types': [ '2.0.7' ],
29 silly audit   '@types/unist': [ '3.0.3', '2.0.11' ],
29 silly audit   '@types/use-sync-external-store': [ '0.0.6' ],
29 silly audit   '@types/yauzl': [ '3.4.0' ],
29 silly audit   '@types/yazl': [ '3.3.1' ],
29 silly audit   '@typescript-eslint/eslint-plugin': [ '8.67.0' ],
29 silly audit   ignore: [ '7.0.6', '5.3.2' ],
29 silly audit   '@typescript-eslint/parser': [ '8.67.0' ],
29 silly audit   '@typescript-eslint/project-service': [ '8.67.0' ],
29 silly audit   '@typescript-eslint/scope-manager': [ '8.67.0' ],
29 silly audit   '@typescript-eslint/tsconfig-utils': [ '8.67.0' ],
29 silly audit   '@typescript-eslint/type-utils': [ '8.67.0' ],
29 silly audit   '@typescript-eslint/types': [ '8.67.0' ],
29 silly audit   '@typescript-eslint/typescript-estree': [ '8.67.0' ],
29 silly audit   'balanced-match': [ '4.0.4', '1.0.2' ],
29 silly audit   'brace-expansion': [ '5.0.9', '1.1.18' ],
29 silly audit   minimatch: [ '10.2.6', '3.1.5' ],
29 silly audit   '@typescript-eslint/utils': [ '8.67.0' ],
29 silly audit   '@typescript-eslint/visitor-keys': [ '8.67.0' ],
29 silly audit   '@ungap/structured-clone': [ '1.3.3' ],
29 silly audit   '@unrs/resolver-binding-android-arm-eabi': [ '1.12.2' ],
29 silly audit   '@unrs/resolver-binding-android-arm64': [ '1.12.2' ],
29 silly audit   '@unrs/resolver-binding-darwin-arm64': [ '1.12.2' ],
29 silly audit   '@unrs/resolver-binding-darwin-x64': [ '1.12.2' ],
29 silly audit   '@unrs/resolver-binding-freebsd-x64': [ '1.12.2' ],
29 silly audit   '@unrs/resolver-binding-linux-arm-gnueabihf': [ '1.12.2' ],
29 silly audit   '@unrs/resolver-binding-linux-arm-musleabihf': [ '1.12.2' ],
29 silly audit   '@unrs/resolver-binding-linux-arm64-gnu': [ '1.12.2' ],
29 silly audit   '@unrs/resolver-binding-linux-arm64-musl': [ '1.12.2' ],
29 silly audit   '@unrs/resolver-binding-linux-loong64-gnu': [ '1.12.2' ],
29 silly audit   '@unrs/resolver-binding-linux-loong64-musl': [ '1.12.2' ],
29 silly audit   '@unrs/resolver-binding-linux-ppc64-gnu': [ '1.12.2' ],
29 silly audit   '@unrs/resolver-binding-linux-riscv64-gnu': [ '1.12.2' ],
29 silly audit   '@unrs/resolver-binding-linux-riscv64-musl': [ '1.12.2' ],
29 silly audit   '@unrs/resolver-binding-linux-s390x-gnu': [ '1.12.2' ],
29 silly audit   '@unrs/resolver-binding-linux-x64-gnu': [ '1.12.2' ],
29 silly audit   '@unrs/resolver-binding-linux-x64-musl': [ '1.12.2' ],
29 silly audit   '@unrs/resolver-binding-openharmony-arm64': [ '1.12.2' ],
29 silly audit   '@unrs/resolver-binding-wasm32-wasi': [ '1.12.2' ],
29 silly audit   '@unrs/resolver-binding-win32-arm64-msvc': [ '1.12.2' ],
29 silly audit   '@unrs/resolver-binding-win32-ia32-msvc': [ '1.12.2' ],
29 silly audit   '@unrs/resolver-binding-win32-x64-msvc': [ '1.12.2' ],
29 silly audit   '@upsetjs/venn.js': [ '2.0.0' ],
29 silly audit   '@vitest/expect': [ '4.1.10' ],
29 silly audit   '@vitest/mocker': [ '4.1.10' ],
29 silly audit   '@vitest/pretty-format': [ '4.1.10' ],
29 silly audit   '@vitest/runner': [ '4.1.10' ],
29 silly audit   '@vitest/snapshot': [ '4.1.10' ],
29 silly audit   '@vitest/spy': [ '4.1.10' ],
29 silly audit   '@vitest/utils': [ '4.1.10' ],
29 silly audit   acorn: [ '8.18.0' ],
29 silly audit   'acorn-jsx': [ '5.3.2' ],
29 silly audit   ajv: [ '6.15.0' ],
29 silly audit   'ansi-regex': [ '5.0.1' ],
29 silly audit   'ansi-styles': [ '4.3.0', '5.2.0' ],
29 silly audit   argparse: [ '2.0.1' ],
29 silly audit   'array-buffer-byte-length': [ '1.0.2' ],
29 silly audit   'array-includes': [ '3.1.9' ],
29 silly audit   'array.prototype.findlast': [ '1.2.5' ],
29 silly audit   'array.prototype.findlastindex': [ '1.2.6' ],
29 silly audit   'array.prototype.flat': [ '1.3.3' ],
29 silly audit   'array.prototype.flatmap': [ '1.3.3' ],
29 silly audit   'array.prototype.tosorted': [ '1.1.4' ],
29 silly audit   'arraybuffer.prototype.slice': [ '1.0.4' ],
29 silly audit   'assertion-error': [ '2.0.1' ],
29 silly audit   'ast-types-flow': [ '0.0.8' ],
29 silly audit   'async-function': [ '1.0.0' ],
29 silly audit   'available-typed-arrays': [ '1.0.7' ],
29 silly audit   'axe-core': [ '4.13.0' ],
29 silly audit   'axobject-query': [ '4.1.0' ],
29 silly audit   bail: [ '2.0.2' ],
29 silly audit   'base64-js': [ '1.5.1' ],
29 silly audit   'better-sqlite3': [ '12.11.1' ],
29 silly audit   'bidi-js': [ '1.0.3' ],
29 silly audit   bindings: [ '1.5.0' ],
29 silly audit   bl: [ '4.1.0' ],
29 silly audit   braces: [ '3.0.3' ],
29 silly audit   buffer: [ '5.7.1' ],
29 silly audit   'buffer-crc32': [ '1.0.0' ],
29 silly audit   'call-bind': [ '1.0.9' ],
29 silly audit   'call-bind-apply-helpers': [ '1.0.2' ],
29 silly audit   'call-bound': [ '1.0.4' ],
29 silly audit   callsites: [ '3.1.0' ],
29 silly audit   'caniuse-lite': [ '1.0.30001809' ],
29 silly audit   ccount: [ '2.0.1' ],
29 silly audit   chai: [ '6.2.2' ],
29 silly audit   chalk: [ '4.1.2' ],
29 silly audit   'character-entities': [ '2.0.2' ],
29 silly audit   'character-entities-html4': [ '2.1.0' ],
29 silly audit   'character-entities-legacy': [ '3.0.0' ],
29 silly audit   'character-reference-invalid': [ '2.0.1' ],
29 silly audit   chownr: [ '1.1.4' ],
29 silly audit   'client-only': [ '0.0.1' ],
29 silly audit   'color-convert': [ '2.0.1' ],
29 silly audit   'color-name': [ '1.1.4' ],
29 silly audit   'comma-separated-tokens': [ '2.0.3' ],
29 silly audit   commander: [ '7.2.0', '8.3.0' ],
29 silly audit   'concat-map': [ '0.0.1' ],
29 silly audit   'convert-source-map': [ '2.0.0' ],
29 silly audit   'cose-base': [ '1.0.3', '2.2.0' ],
29 silly audit   crelt: [ '1.0.7' ],
29 silly audit   'cross-spawn': [ '7.0.6' ],
29 silly audit   'css-tree': [ '3.2.1' ],
29 silly audit   csstype: [ '3.2.3' ],
29 silly audit   cytoscape: [ '3.34.1' ],
29 silly audit   'cytoscape-cose-bilkent': [ '4.1.0' ],
29 silly audit   'cytoscape-fcose': [ '2.2.0' ],
29 silly audit   'layout-base': [ '2.0.1', '1.0.2' ],
29 silly audit   d3: [ '7.9.0' ],
29 silly audit   'd3-array': [ '3.2.4', '2.12.1' ],
29 silly audit   'd3-axis': [ '3.0.0' ],
29 silly audit   'd3-brush': [ '3.0.0' ],
29 silly audit   'd3-chord': [ '3.0.1' ],
29 silly audit   'd3-color': [ '3.1.0' ],
29 silly audit   'd3-contour': [ '4.0.2' ],
29 silly audit   'd3-delaunay': [ '6.0.4' ],
29 silly audit   'd3-dispatch': [ '3.0.1' ],
29 silly audit   'd3-drag': [ '3.0.0' ],
29 silly audit   'd3-dsv': [ '3.0.1' ],
29 silly audit   'd3-ease': [ '3.0.1' ],
29 silly audit   'd3-fetch': [ '3.0.1' ],
29 silly audit   'd3-force': [ '3.0.0' ],
29 silly audit   'd3-format': [ '3.1.2' ],
29 silly audit   'd3-geo': [ '3.1.1' ],
29 silly audit   'd3-hierarchy': [ '3.1.2' ],
29 silly audit   'd3-interpolate': [ '3.0.1' ],
29 silly audit   'd3-path': [ '3.1.0', '1.0.9' ],
29 silly audit   'd3-polygon': [ '3.0.1' ],
29 silly audit   'd3-quadtree': [ '3.0.1' ],
29 silly audit   'd3-random': [ '3.0.1' ],
29 silly audit   'd3-sankey': [ '0.12.3' ],
29 silly audit   'd3-shape': [ '1.3.7', '3.2.0' ],
29 silly audit   internmap: [ '1.0.1', '2.0.3' ],
29 silly audit   'd3-scale': [ '4.0.2' ],
29 silly audit   'd3-scale-chromatic': [ '3.1.0' ],
29 silly audit   'd3-selection': [ '3.0.0' ],
29 silly audit   'd3-time': [ '3.1.0' ],
29 silly audit   'd3-time-format': [ '4.1.0' ],
29 silly audit   'd3-timer': [ '3.0.1' ],
29 silly audit   'd3-transition': [ '3.0.1' ],
29 silly audit   'd3-zoom': [ '3.0.0' ],
29 silly audit   'dagre-d3-es': [ '7.0.14' ],
29 silly audit   'damerau-levenshtein': [ '1.0.8' ],
29 silly audit   'data-urls': [ '7.0.0' ],
29 silly audit   'data-view-buffer': [ '1.0.2' ],
29 silly audit   'data-view-byte-length': [ '1.0.2' ],
29 silly audit   'data-view-byte-offset': [ '1.0.1' ],
29 silly audit   dayjs: [ '1.11.21' ],
29 silly audit   debug: [ '4.4.3', '3.2.7' ],
29 silly audit   'decimal.js': [ '10.6.0' ],
29 silly audit   'decode-named-character-reference': [ '1.3.0' ],
29 silly audit   'decompress-response': [ '6.0.0' ],
29 silly audit   'deep-extend': [ '0.6.0' ],
29 silly audit   'deep-is': [ '0.1.4' ],
29 silly audit   'define-data-property': [ '1.1.4' ],
29 silly audit   'define-properties': [ '1.2.1' ],
29 silly audit   delaunator: [ '5.1.0' ],
29 silly audit   dequal: [ '2.0.3' ],
29 silly audit   'detect-libc': [ '2.1.2' ],
29 silly audit   devlop: [ '1.1.0' ],
29 silly audit   doctrine: [ '2.1.0' ],
29 silly audit   'dom-accessibility-api': [ '0.5.16' ],
29 silly audit   dompurify: [ '3.4.13' ],
29 silly audit   'drizzle-orm': [ '0.45.2' ],
29 silly audit   'dunder-proto': [ '1.0.1' ],
29 silly audit   'emoji-regex': [ '9.2.2' ],
29 silly audit   'end-of-stream': [ '1.4.5' ],
29 silly audit   'enhanced-resolve': [ '5.24.5' ],
29 silly audit   entities: [ '4.5.0', '8.0.0' ],
29 silly audit   'es-abstract': [ '1.24.2' ],
29 silly audit   'es-abstract-get': [ '1.0.0' ],
29 silly audit   'es-define-property': [ '1.0.1' ],
29 silly audit   'es-errors': [ '1.3.0' ],
29 silly audit   'es-iterator-helpers': [ '1.4.0' ],
29 silly audit   'es-module-lexer': [ '2.3.1' ],
29 silly audit   'es-object-atoms': [ '1.1.2' ],
29 silly audit   'es-set-tostringtag': [ '2.1.0' ],
29 silly audit   'es-shim-unscopables': [ '1.1.0' ],
29 silly audit   'es-to-primitive': [ '1.3.4' ],
29 silly audit   'es-toolkit': [ '1.50.0' ],
29 silly audit   'escape-string-regexp': [ '4.0.0', '5.0.0' ],
29 silly audit   eslint: [ '9.39.5' ],
29 silly audit   'eslint-config-next': [ '15.5.23' ],
29 silly audit   'eslint-import-resolver-node': [ '0.3.10' ],
29 silly audit   'eslint-import-resolver-typescript': [ '3.10.1' ],
29 silly audit   'eslint-module-utils': [ '2.14.0' ],
29 silly audit   'eslint-plugin-import': [ '2.32.0' ],
29 silly audit   semver: [ '6.3.1', '7.8.5' ],
29 silly audit   'eslint-plugin-jsx-a11y': [ '6.10.2' ],
29 silly audit   'eslint-plugin-react': [ '7.37.5' ],
29 silly audit   'eslint-plugin-react-hooks': [ '5.2.0' ],
29 silly audit   'eslint-scope': [ '8.4.0' ],
29 silly audit   espree: [ '10.4.0' ],
29 silly audit   esquery: [ '1.7.0' ],
29 silly audit   esrecurse: [ '4.3.0' ],
29 silly audit   estraverse: [ '5.3.0' ],
29 silly audit   'estree-util-is-identifier-name': [ '3.0.0' ],
29 silly audit   'estree-walker': [ '3.0.3' ],
29 silly audit   esutils: [ '2.0.3' ],
29 silly audit   'expand-template': [ '2.0.3' ],
29 silly audit   'expect-type': [ '1.4.0' ],
29 silly audit   extend: [ '3.0.2' ],
29 silly audit   'fast-deep-equal': [ '3.1.3' ],
29 silly audit   'fast-glob': [ '3.3.1' ],
29 silly audit   'glob-parent': [ '5.1.2', '6.0.2' ],
29 silly audit   'fast-json-stable-stringify': [ '2.1.0' ],
29 silly audit   'fast-levenshtein': [ '2.0.6' ],
29 silly audit   fastq: [ '1.20.1' ],
29 silly audit   'file-entry-cache': [ '8.0.0' ],
29 silly audit   'file-uri-to-path': [ '1.0.0' ],
29 silly audit   'fill-range': [ '7.1.1' ],
29 silly audit   'find-up': [ '5.0.0' ],
29 silly audit   'flat-cache': [ '4.0.1' ],
29 silly audit   flatted: [ '3.4.4' ],
29 silly audit   'for-each': [ '0.3.5' ],
29 silly audit   'fs-constants': [ '1.0.0' ],
29 silly audit   fsevents: [ '2.3.3' ],
29 silly audit   'function-bind': [ '1.1.2' ],
29 silly audit   'function.prototype.name': [ '1.2.0' ],
29 silly audit   'functions-have-names': [ '1.2.3' ],
29 silly audit   'generator-function': [ '2.0.1' ],
29 silly audit   'get-intrinsic': [ '1.3.0' ],
29 silly audit   'get-proto': [ '1.0.1' ],
29 silly audit   'get-symbol-description': [ '1.1.0' ],
29 silly audit   'get-tsconfig': [ '4.14.2' ],
29 silly audit   'github-from-package': [ '0.0.0' ],
29 silly audit   globals: [ '14.0.0' ],
29 silly audit   globalthis: [ '1.0.4' ],
29 silly audit   gopd: [ '1.2.0' ],
29 silly audit   'graceful-fs': [ '4.2.11' ],
29 silly audit   'hachure-fill': [ '0.5.2' ],
29 silly audit   'has-bigints': [ '1.1.0' ],
29 silly audit   'has-flag': [ '4.0.0' ],
29 silly audit   'has-property-descriptors': [ '1.0.2' ],
29 silly audit   'has-proto': [ '1.2.0' ],
29 silly audit   'has-symbols': [ '1.1.0' ],
29 silly audit   'has-tostringtag': [ '1.0.2' ],
29 silly audit   hasown: [ '2.0.4' ],
29 silly audit   'hast-util-to-jsx-runtime': [ '2.3.6' ],
29 silly audit   'hast-util-whitespace': [ '3.0.0' ],
29 silly audit   'heic-convert': [ '2.1.0' ],
29 silly audit   'heic-decode': [ '2.1.0' ],
29 silly audit   'html-encoding-sniffer': [ '6.0.0' ],
29 silly audit   'html-url-attributes': [ '3.0.1' ],
29 silly audit   'iconv-lite': [ '0.6.3' ],
29 silly audit   ieee754: [ '1.2.1' ],
29 silly audit   'import-fresh': [ '3.3.1' ],
29 silly audit   'import-meta-resolve': [ '4.2.0' ],
29 silly audit   imurmurhash: [ '0.1.4' ],
29 silly audit   inherits: [ '2.0.4' ],
29 silly audit   ini: [ '1.3.8' ],
29 silly audit   'inline-style-parser': [ '0.2.7' ],
29 silly audit   'internal-slot': [ '1.1.0' ],
29 silly audit   'is-alphabetical': [ '2.0.1' ],
29 silly audit   'is-alphanumerical': [ '2.0.1' ],
29 silly audit   'is-array-buffer': [ '3.0.5' ],
29 silly audit   'is-async-function': [ '2.1.1' ],
29 silly audit   'is-bigint': [ '1.1.0' ],
29 silly audit   'is-boolean-object': [ '1.2.2' ],
29 silly audit   'is-bun-module': [ '2.0.0' ],
29 silly audit   'is-callable': [ '1.2.7' ],
29 silly audit   'is-core-module': [ '2.16.2' ],
29 silly audit   'is-data-view': [ '1.0.2' ],
29 silly audit   'is-date-object': [ '1.1.0' ],
29 silly audit   'is-decimal': [ '2.0.1' ],
29 silly audit   'is-document.all': [ '1.0.0' ],
29 silly audit   'is-extglob': [ '2.1.1' ],
29 silly audit   'is-finalizationregistry': [ '1.1.1' ],
29 silly audit   'is-generator-function': [ '1.1.2' ],
29 silly audit   'is-glob': [ '4.0.3' ],
29 silly audit   'is-hexadecimal': [ '2.0.1' ],
29 silly audit   'is-map': [ '2.0.3' ],
29 silly audit   'is-negative-zero': [ '2.0.3' ],
29 silly audit   'is-number': [ '7.0.0' ],
29 silly audit   'is-number-object': [ '1.1.1' ],
29 silly audit   'is-plain-obj': [ '4.1.0' ],
29 silly audit   'is-potential-custom-element-name': [ '1.0.1' ],
29 silly audit   'is-regex': [ '1.2.1' ],
29 silly audit   'is-set': [ '2.0.3' ],
29 silly audit   'is-shared-array-buffer': [ '1.0.4' ],
29 silly audit   'is-string': [ '1.1.1' ],
29 silly audit   'is-symbol': [ '1.1.1' ],
29 silly audit   'is-typed-array': [ '1.1.15' ],
29 silly audit   'is-weakmap': [ '2.0.2' ],
29 silly audit   'is-weakref': [ '1.1.1' ],
29 silly audit   'is-weakset': [ '2.0.4' ],
29 silly audit   isarray: [ '2.0.5' ],
29 silly audit   isexe: [ '2.0.0' ],
29 silly audit   'iterator.prototype': [ '1.1.5' ],
29 silly audit   jiti: [ '2.7.0' ],
29 silly audit   jose: [ '6.2.8' ],
29 silly audit   'jpeg-js': [ '0.4.4' ],
29 silly audit   'js-tokens': [ '4.0.0' ],
29 silly audit   'js-yaml': [ '4.3.1' ],
29 silly audit   jsdom: [ '29.1.1' ],
29 silly audit   'json-buffer': [ '3.0.1' ],
29 silly audit   'json-schema-traverse': [ '0.4.1' ],
29 silly audit   'json-stable-stringify-without-jsonify': [ '1.0.1' ],
29 silly audit   json5: [ '1.0.2' ],
29 silly audit   'jsx-ast-utils': [ '3.3.5' ],
29 silly audit   katex: [ '0.16.47' ],
29 silly audit   keyv: [ '4.5.4' ],
29 silly audit   khroma: [ '2.1.0' ],
29 silly audit   'language-subtag-registry': [ '0.3.23' ],
29 silly audit   'language-tags': [ '1.0.9' ],
29 silly audit   levn: [ '0.4.1' ],
29 silly audit   'libheif-js': [ '1.19.8' ],
29 silly audit   lightningcss: [ '1.32.0', '1.33.0' ],
29 silly audit   'lightningcss-android-arm64': [ '1.32.0', '1.33.0' ],
29 silly audit   'lightningcss-darwin-arm64': [ '1.32.0', '1.33.0' ],
29 silly audit   'lightningcss-darwin-x64': [ '1.32.0', '1.33.0' ],
29 silly audit   'lightningcss-freebsd-x64': [ '1.32.0', '1.33.0' ],
29 silly audit   'lightningcss-linux-arm-gnueabihf': [ '1.32.0', '1.33.0' ],
29 silly audit   'lightningcss-linux-arm64-gnu': [ '1.32.0', '1.33.0' ],
29 silly audit   'lightningcss-linux-arm64-musl': [ '1.32.0', '1.33.0' ],
29 silly audit   'lightningcss-linux-x64-gnu': [ '1.32.0', '1.33.0' ],
29 silly audit   'lightningcss-linux-x64-musl': [ '1.32.0', '1.33.0' ],
29 silly audit   'lightningcss-win32-arm64-msvc': [ '1.32.0', '1.33.0' ],
29 silly audit   'lightningcss-win32-x64-msvc': [ '1.32.0', '1.33.0' ],
29 silly audit   'linkify-it': [ '5.0.2' ],
29 silly audit   linkifyjs: [ '4.3.3' ],
29 silly audit   'locate-path': [ '6.0.0' ],
29 silly audit   'lodash-es': [ '4.18.1' ],
29 silly audit   'lodash.merge': [ '4.6.2' ],
29 silly audit   'longest-streak': [ '3.1.0' ],
29 silly audit   'loose-envify': [ '1.4.0' ],
29 silly audit   'lru-cache': [ '11.5.2' ],
29 silly audit   'lz-string': [ '1.5.0' ],
29 silly audit   'magic-string': [ '0.30.21' ],
29 silly audit   'markdown-it': [ '14.3.0' ],
29 silly audit   'markdown-it-task-lists': [ '2.1.1' ],
29 silly audit   'markdown-table': [ '3.0.4' ],
29 silly audit   marked: [ '16.4.2' ],
29 silly audit   'math-intrinsics': [ '1.1.0' ],
29 silly audit   'mdast-util-find-and-replace': [ '3.0.2' ],
29 silly audit   'mdast-util-from-markdown': [ '2.0.3' ],
29 silly audit   'mdast-util-gfm': [ '3.1.0' ],
29 silly audit   'mdast-util-gfm-autolink-literal': [ '2.0.1' ],
29 silly audit   'mdast-util-gfm-footnote': [ '2.1.0' ],
29 silly audit   'mdast-util-gfm-strikethrough': [ '2.0.0' ],
29 silly audit   'mdast-util-gfm-table': [ '2.0.0' ],
29 silly audit   'mdast-util-gfm-task-list-item': [ '2.0.0' ],
29 silly audit   'mdast-util-mdx-expression': [ '2.0.1' ],
29 silly audit   'mdast-util-mdx-jsx': [ '3.2.0' ],
29 silly audit   'mdast-util-mdxjs-esm': [ '2.0.1' ],
29 silly audit   'mdast-util-phrasing': [ '4.1.0' ],
29 silly audit   'mdast-util-to-hast': [ '13.2.1' ],
29 silly audit   'mdast-util-to-markdown': [ '2.1.2' ],
29 silly audit   'mdast-util-to-string': [ '4.0.0' ],
29 silly audit   'mdn-data': [ '2.27.1' ],
29 silly audit   mdurl: [ '2.1.0' ],
29 silly audit   merge2: [ '1.4.1' ],
29 silly audit   mermaid: [ '11.16.1' ],
29 silly audit   micromark: [ '4.0.2' ],
29 silly audit   'micromark-core-commonmark': [ '2.0.3' ],
29 silly audit   'micromark-extension-gfm': [ '3.0.0' ],
29 silly audit   'micromark-extension-gfm-autolink-literal': [ '2.1.0' ],
29 silly audit   'micromark-extension-gfm-footnote': [ '2.1.0' ],
29 silly audit   'micromark-extension-gfm-strikethrough': [ '2.1.0' ],
29 silly audit   'micromark-extension-gfm-table': [ '2.1.1' ],
29 silly audit   'micromark-extension-gfm-tagfilter': [ '2.0.0' ],
29 silly audit   'micromark-extension-gfm-task-list-item': [ '2.1.0' ],
29 silly audit   'micromark-factory-destination': [ '2.0.1' ],
29 silly audit   'micromark-factory-label': [ '2.0.1' ],
29 silly audit   'micromark-factory-space': [ '2.0.1' ],
29 silly audit   'micromark-factory-title': [ '2.0.1' ],
29 silly audit   'micromark-factory-whitespace': [ '2.0.1' ],
29 silly audit   'micromark-util-character': [ '2.1.1' ],
29 silly audit   'micromark-util-chunked': [ '2.0.1' ],
29 silly audit   'micromark-util-classify-character': [ '2.0.1' ],
29 silly audit   'micromark-util-combine-extensions': [ '2.0.1' ],
29 silly audit   'micromark-util-decode-numeric-character-reference': [ '2.0.2' ],
29 silly audit   'micromark-util-decode-string': [ '2.0.1' ],
29 silly audit   'micromark-util-encode': [ '2.0.1' ],
29 silly audit   'micromark-util-html-tag-name': [ '2.0.1' ],
29 silly audit   'micromark-util-normalize-identifier': [ '2.0.1' ],
29 silly audit   'micromark-util-resolve-all': [ '2.0.1' ],
29 silly audit   'micromark-util-sanitize-uri': [ '2.0.1' ],
29 silly audit   'micromark-util-subtokenize': [ '2.1.0' ],
29 silly audit   'micromark-util-symbol': [ '2.0.1' ],
29 silly audit   'micromark-util-types': [ '2.0.2' ],
29 silly audit   micromatch: [ '4.0.8' ],
29 silly audit   'mimic-response': [ '3.1.0' ],
29 silly audit   minimist: [ '1.2.8' ],
29 silly audit   'mkdirp-classic': [ '0.5.3' ],
29 silly audit   ms: [ '2.1.3' ],
29 silly audit   nanoid: [ '3.3.18' ],
29 silly audit   'napi-build-utils': [ '1.0.2' ],
29 silly audit   'napi-postinstall': [ '0.3.4' ],
29 silly audit   'natural-compare': [ '1.4.0' ],
29 silly audit   next: [ '15.5.23' ],
29 silly audit   'next-themes': [ '0.4.6' ],
29 silly audit   'node-abi': [ '3.94.0' ],
29 silly audit   'node-exports-info': [ '1.6.2' ],
29 silly audit   'object-assign': [ '4.1.1' ],
29 silly audit   'object-inspect': [ '1.13.4' ],
29 silly audit   'object-keys': [ '1.1.1' ],
29 silly audit   'object.assign': [ '4.1.7' ],
29 silly audit   'object.entries': [ '1.1.9' ],
29 silly audit   'object.fromentries': [ '2.0.8' ],
29 silly audit   'object.groupby': [ '1.0.3' ],
29 silly audit   'object.values': [ '1.2.1' ],
29 silly audit   obug: [ '2.1.4' ],
29 silly audit   once: [ '1.4.0' ],
29 silly audit   optionator: [ '0.9.4' ],
29 silly audit   orderedmap: [ '2.1.1' ],
29 silly audit   'own-keys': [ '1.0.2' ],
29 silly audit   'p-limit': [ '3.1.0' ],
29 silly audit   'p-locate': [ '5.0.0' ],
29 silly audit   'package-manager-detector': [ '1.8.0' ],
29 silly audit   'parent-module': [ '1.0.1' ],
29 silly audit   'parse-entities': [ '4.0.2' ],
29 silly audit   parse5: [ '8.0.1' ],
29 silly audit   'path-data-parser': [ '0.1.0' ],
29 silly audit   'path-exists': [ '4.0.0' ],
29 silly audit   'path-key': [ '3.1.1' ],
29 silly audit   'path-parse': [ '1.0.7' ],
29 silly audit   pathe: [ '2.0.3' ],
29 silly audit   pend: [ '1.2.0' ],
29 silly audit   picocolors: [ '1.1.1' ],
29 silly audit   picomatch: [ '2.3.2', '4.0.5' ],
29 silly audit   pngjs: [ '6.0.0' ],
29 silly audit   'points-on-curve': [ '0.2.0' ],
29 silly audit   'points-on-path': [ '0.2.1' ],
29 silly audit   'possible-typed-array-names': [ '1.1.0' ],
29 silly audit   postcss: [ '8.5.26' ],
29 silly audit   'prebuild-install': [ '7.1.2' ],
29 silly audit   'prelude-ls': [ '1.2.1' ],
29 silly audit   'pretty-format': [ '27.5.1' ],
29 silly audit   'react-is': [ '17.0.2', '16.13.1' ],
29 silly audit   'prop-types': [ '15.8.1' ],
29 silly audit   'property-information': [ '7.2.0' ],
29 silly audit   'prosemirror-changeset': [ '2.4.1' ],
29 silly audit   'prosemirror-collab': [ '1.3.1' ],
29 silly audit   'prosemirror-commands': [ '1.7.2' ],
29 silly audit   'prosemirror-dropcursor': [ '1.8.3' ],
29 silly audit   'prosemirror-gapcursor': [ '1.4.1' ],
29 silly audit   'prosemirror-history': [ '1.5.0' ],
29 silly audit   'prosemirror-inputrules': [ '1.5.1' ],
29 silly audit   'prosemirror-keymap': [ '1.2.3' ],
29 silly audit   'prosemirror-markdown': [ '1.13.5' ],
29 silly audit   'prosemirror-menu': [ '1.3.2' ],
29 silly audit   'prosemirror-model': [ '1.25.11' ],
29 silly audit   'prosemirror-schema-basic': [ '1.2.4' ],
29 silly audit   'prosemirror-schema-list': [ '1.5.1' ],
29 silly audit   'prosemirror-state': [ '1.4.4' ],
29 silly audit   'prosemirror-tables': [ '1.8.5' ],
29 silly audit   'prosemirror-trailing-node': [ '3.0.0' ],
29 silly audit   'prosemirror-transform': [ '1.12.0' ],
29 silly audit   'prosemirror-view': [ '1.42.2' ],
29 silly audit   pump: [ '3.0.4' ],
29 silly audit   punycode: [ '2.3.1' ],
29 silly audit   'punycode.js': [ '2.3.1' ],
29 silly audit   'queue-microtask': [ '1.2.3' ],
29 silly audit   rc: [ '1.2.8' ],
29 silly audit   react: [ '19.2.8' ],
29 silly audit   'react-dom': [ '19.2.8' ],
29 silly audit   'react-markdown': [ '10.1.0' ],
29 silly audit   'readable-stream': [ '3.6.2' ],
29 silly audit   'reflect.getprototypeof': [ '1.0.10' ],
29 silly audit   'regexp.prototype.flags': [ '1.5.4' ],
29 silly audit   'remark-gfm': [ '4.0.1' ],
29 silly audit   'remark-parse': [ '11.0.0' ],
29 silly audit   'remark-rehype': [ '11.1.2' ],
29 silly audit   'remark-stringify': [ '11.0.0' ],
29 silly audit   'require-from-string': [ '2.0.2' ],
29 silly audit   resolve: [ '2.0.0-next.7' ],
29 silly audit   'resolve-from': [ '4.0.0' ],
29 silly audit   'resolve-pkg-maps': [ '1.0.0' ],
29 silly audit   reusify: [ '1.1.0' ],
29 silly audit   'robust-predicates': [ '3.0.3' ],
29 silly audit   rolldown: [ '1.2.4' ],
29 silly audit   'rope-sequence': [ '1.3.4' ],
29 silly audit   roughjs: [ '4.6.6' ],
29 silly audit   'run-parallel': [ '1.2.0' ],
29 silly audit   rw: [ '1.3.3' ],
29 silly audit   'safe-array-concat': [ '1.1.4' ],
29 silly audit   'safe-buffer': [ '5.2.1' ],
29 silly audit   'safe-push-apply': [ '1.0.0' ],
29 silly audit   'safe-regex-test': [ '1.1.0' ],
29 silly audit   'safer-buffer': [ '2.1.2' ],
29 silly audit   saxes: [ '6.0.0' ],
29 silly audit   scheduler: [ '0.27.0' ],
29 silly audit   'set-function-length': [ '1.2.2' ],
29 silly audit   'set-function-name': [ '2.0.2' ],
29 silly audit   'set-proto': [ '1.0.0' ],
29 silly audit   sharp: [ '0.35.3' ],
29 silly audit   'shebang-command': [ '2.0.0' ],
29 silly audit   'shebang-regex': [ '3.0.0' ],
29 silly audit   'side-channel': [ '1.1.1' ],
29 silly audit   'side-channel-list': [ '1.0.1' ],
29 silly audit   'side-channel-map': [ '1.0.1' ],
29 silly audit   'side-channel-weakmap': [ '1.0.2' ],
29 silly audit   siginfo: [ '2.0.0' ],
29 silly audit   'simple-concat': [ '1.0.1' ],
29 silly audit   'simple-get': [ '4.0.1' ],
29 silly audit   'source-map-js': [ '1.2.1' ],
29 silly audit   'space-separated-tokens': [ '2.0.2' ],
29 silly audit   'stable-hash': [ '0.0.5' ],
29 silly audit   stackback: [ '0.0.2' ],
29 silly audit   'std-env': [ '4.2.0' ],
29 silly audit   'stop-iteration-iterator': [ '1.1.0' ],
29 silly audit   string_decoder: [ '1.3.0' ],
29 silly audit   'string.prototype.includes': [ '2.0.1' ],
29 silly audit   'string.prototype.matchall': [ '4.0.12' ],
29 silly audit   'string.prototype.repeat': [ '1.0.0' ],
29 silly audit   'string.prototype.trim': [ '1.2.11' ],
29 silly audit   'string.prototype.trimend': [ '1.0.10' ],
29 silly audit   'string.prototype.trimstart': [ '1.0.8' ],
29 silly audit   'stringify-entities': [ '4.0.4' ],
29 silly audit   'strip-bom': [ '3.0.0' ],
29 silly audit   'style-to-js': [ '1.1.21' ],
29 silly audit   'style-to-object': [ '1.0.14' ],
29 silly audit   'styled-jsx': [ '5.1.6' ],
29 silly audit   stylis: [ '4.4.0' ],
29 silly audit   'supports-color': [ '7.2.0' ],
29 silly audit   'supports-preserve-symlinks-flag': [ '1.0.0' ],
29 silly audit   'symbol-tree': [ '3.2.4' ],
29 silly audit   tailwindcss: [ '4.3.3' ],
29 silly audit   tapable: [ '2.3.3' ],
29 silly audit   'tar-fs': [ '2.1.5' ],
29 silly audit   'tar-stream': [ '2.2.0' ],
29 silly audit   tinybench: [ '2.9.0' ],
29 silly audit   tinyexec: [ '1.3.0' ],
29 silly audit   tinyglobby: [ '0.2.17' ],
29 silly audit   fdir: [ '6.5.0' ],
29 silly audit   tinyrainbow: [ '3.1.1' ],
29 silly audit   'tippy.js': [ '6.3.7' ],
29 silly audit   'tiptap-markdown': [ '0.8.10' ],
29 silly audit   tldts: [ '7.4.10' ],
29 silly audit   'tldts-core': [ '7.4.10' ],
29 silly audit   'to-regex-range': [ '5.0.1' ],
29 silly audit   'tough-cookie': [ '6.0.2' ],
29 silly audit   tr46: [ '6.0.0' ],
29 silly audit   'trim-lines': [ '3.0.1' ],
29 silly audit   trough: [ '2.2.0' ],
29 silly audit   'ts-api-utils': [ '2.5.0' ],
29 silly audit   'ts-dedent': [ '2.3.0' ],
29 silly audit   'tsconfig-paths': [ '3.15.0' ],
29 silly audit   'tunnel-agent': [ '0.6.0' ],
29 silly audit   'type-check': [ '0.4.0' ],
29 silly audit   'typed-array-buffer': [ '1.0.3' ],
29 silly audit   'typed-array-byte-length': [ '1.0.3' ],
29 silly audit   'typed-array-byte-offset': [ '1.0.4' ],
29 silly audit   'typed-array-length': [ '1.0.8' ],
29 silly audit   typescript: [ '5.9.3' ],
29 silly audit   'uc.micro': [ '2.1.0' ],
29 silly audit   'unbox-primitive': [ '1.1.0' ],
29 silly audit   undici: [ '7.29.0' ],
29 silly audit   'undici-types': [ '6.21.0' ],
29 silly audit   unified: [ '11.0.5' ],
29 silly audit   'unist-util-is': [ '6.0.1' ],
29 silly audit   'unist-util-position': [ '5.0.0' ],
29 silly audit   'unist-util-stringify-position': [ '4.0.0' ],
29 silly audit   'unist-util-visit': [ '5.1.0' ],
29 silly audit   'unist-util-visit-parents': [ '6.0.2' ],
29 silly audit   'unrs-resolver': [ '1.12.2' ],
29 silly audit   'uri-js': [ '4.4.1' ],
29 silly audit   'use-sync-external-store': [ '1.6.0' ],
29 silly audit   'util-deprecate': [ '1.0.2' ],
29 silly audit   uuid: [ '14.0.1' ],
29 silly audit   vfile: [ '6.0.3' ],
29 silly audit   'vfile-message': [ '4.0.3' ],
29 silly audit   vite: [ '8.2.1' ],
29 silly audit   vitest: [ '4.1.10' ],
29 silly audit   'w3c-keyname': [ '2.2.8' ],
29 silly audit   'w3c-xmlserializer': [ '5.0.0' ],
29 silly audit   'webidl-conversions': [ '8.0.1' ],
29 silly audit   'whatwg-mimetype': [ '5.0.0' ],
29 silly audit   'whatwg-url': [ '16.0.1' ],
29 silly audit   which: [ '2.0.2' ],
29 silly audit   'which-boxed-primitive': [ '1.1.1' ],
29 silly audit   'which-builtin-type': [ '1.2.1' ],
29 silly audit   'which-collection': [ '1.0.2' ],
29 silly audit   'which-typed-array': [ '1.1.22' ],
29 silly audit   'why-is-node-running': [ '2.3.0' ],
29 silly audit   'word-wrap': [ '1.2.5' ],
29 silly audit   wrappy: [ '1.0.2' ],
29 silly audit   'xml-name-validator': [ '5.0.0' ],
29 silly audit   xmlchars: [ '2.2.0' ],
29 silly audit   yaml: [ '2.9.0' ],
29 silly audit   yauzl: [ '3.4.0' ],
29 silly audit   yazl: [ '3.3.1' ],
29 silly audit   'yocto-queue': [ '0.1.0' ],
29 silly audit   zod: [ '4.4.3' ],
29 silly audit   zwitch: [ '2.0.4' ],
29 silly audit   '@tailwindcss/oxide-wasm32-wasi': [ '4.3.3' ]
29 silly audit }
30 verbose reify failed optional dependency /app/node_modules/vite/node_modules/lightningcss-win32-x64-msvc
31 silly reify mark deleted [ '/app/node_modules/vite/node_modules/lightningcss-win32-x64-msvc' ]
32 verbose reify failed optional dependency /app/node_modules/vite/node_modules/lightningcss-win32-arm64-msvc
33 silly reify mark deleted [ '/app/node_modules/vite/node_modules/lightningcss-win32-arm64-msvc' ]
34 verbose reify failed optional dependency /app/node_modules/vite/node_modules/lightningcss-linux-arm64-musl
35 silly reify mark deleted [ '/app/node_modules/vite/node_modules/lightningcss-linux-arm64-musl' ]
36 verbose reify failed optional dependency /app/node_modules/vite/node_modules/lightningcss-linux-arm64-gnu
37 silly reify mark deleted [ '/app/node_modules/vite/node_modules/lightningcss-linux-arm64-gnu' ]
38 verbose reify failed optional dependency /app/node_modules/vite/node_modules/lightningcss-linux-arm-gnueabihf
39 silly reify mark deleted [
39 silly reify   '/app/node_modules/vite/node_modules/lightningcss-linux-arm-gnueabihf'
39 silly reify ]
40 verbose reify failed optional dependency /app/node_modules/vite/node_modules/lightningcss-freebsd-x64
41 silly reify mark deleted [ '/app/node_modules/vite/node_modules/lightningcss-freebsd-x64' ]
42 verbose reify failed optional dependency /app/node_modules/vite/node_modules/lightningcss-darwin-x64
43 silly reify mark deleted [ '/app/node_modules/vite/node_modules/lightningcss-darwin-x64' ]
44 verbose reify failed optional dependency /app/node_modules/vite/node_modules/lightningcss-darwin-arm64
45 silly reify mark deleted [ '/app/node_modules/vite/node_modules/lightningcss-darwin-arm64' ]
46 verbose reify failed optional dependency /app/node_modules/vite/node_modules/lightningcss-android-arm64
47 silly reify mark deleted [ '/app/node_modules/vite/node_modules/lightningcss-android-arm64' ]
48 verbose reify failed optional dependency /app/node_modules/lightningcss-win32-x64-msvc
49 silly reify mark deleted [ '/app/node_modules/lightningcss-win32-x64-msvc' ]
50 verbose reify failed optional dependency /app/node_modules/lightningcss-win32-arm64-msvc
51 silly reify mark deleted [ '/app/node_modules/lightningcss-win32-arm64-msvc' ]
52 verbose reify failed optional dependency /app/node_modules/lightningcss-linux-arm64-musl
53 silly reify mark deleted [ '/app/node_modules/lightningcss-linux-arm64-musl' ]
54 verbose reify failed optional dependency /app/node_modules/lightningcss-linux-arm64-gnu
55 silly reify mark deleted [ '/app/node_modules/lightningcss-linux-arm64-gnu' ]
56 verbose reify failed optional dependency /app/node_modules/lightningcss-linux-arm-gnueabihf
57 silly reify mark deleted [ '/app/node_modules/lightningcss-linux-arm-gnueabihf' ]
58 verbose reify failed optional dependency /app/node_modules/lightningcss-freebsd-x64
59 silly reify mark deleted [ '/app/node_modules/lightningcss-freebsd-x64' ]
60 verbose reify failed optional dependency /app/node_modules/lightningcss-darwin-x64
61 silly reify mark deleted [ '/app/node_modules/lightningcss-darwin-x64' ]
62 verbose reify failed optional dependency /app/node_modules/lightningcss-darwin-arm64
63 silly reify mark deleted [ '/app/node_modules/lightningcss-darwin-arm64' ]
64 verbose reify failed optional dependency /app/node_modules/lightningcss-android-arm64
65 silly reify mark deleted [ '/app/node_modules/lightningcss-android-arm64' ]
66 verbose reify failed optional dependency /app/node_modules/fsevents
67 silly reify mark deleted [ '/app/node_modules/fsevents' ]
68 verbose reify failed optional dependency /app/node_modules/@unrs/resolver-binding-win32-x64-msvc
69 silly reify mark deleted [ '/app/node_modules/@unrs/resolver-binding-win32-x64-msvc' ]
70 verbose reify failed optional dependency /app/node_modules/@unrs/resolver-binding-win32-ia32-msvc
71 silly reify mark deleted [ '/app/node_modules/@unrs/resolver-binding-win32-ia32-msvc' ]
72 verbose reify failed optional dependency /app/node_modules/@unrs/resolver-binding-win32-arm64-msvc
73 silly reify mark deleted [ '/app/node_modules/@unrs/resolver-binding-win32-arm64-msvc' ]
74 verbose reify failed optional dependency /app/node_modules/@unrs/resolver-binding-wasm32-wasi
75 silly reify mark deleted [ '/app/node_modules/@unrs/resolver-binding-wasm32-wasi' ]
76 verbose reify failed optional dependency /app/node_modules/@unrs/resolver-binding-wasm32-wasi/node_modules/@emnapi/core
77 silly reify mark deleted [
77 silly reify   '/app/node_modules/@unrs/resolver-binding-wasm32-wasi/node_modules/@emnapi/core'
77 silly reify ]
78 verbose reify failed optional dependency /app/node_modules/@unrs/resolver-binding-wasm32-wasi/node_modules/@emnapi/runtime
79 silly reify mark deleted [
79 silly reify   '/app/node_modules/@unrs/resolver-binding-wasm32-wasi/node_modules/@emnapi/runtime'
79 silly reify ]
80 verbose reify failed optional dependency /app/node_modules/@unrs/resolver-binding-wasm32-wasi/node_modules/@napi-rs/wasm-runtime
81 silly reify mark deleted [
81 silly reify   '/app/node_modules/@unrs/resolver-binding-wasm32-wasi/node_modules/@napi-rs/wasm-runtime'
81 silly reify ]
82 verbose reify failed optional dependency /app/node_modules/@unrs/resolver-binding-wasm32-wasi/node_modules/@emnapi/wasi-threads
83 silly reify mark deleted [
83 silly reify   '/app/node_modules/@unrs/resolver-binding-wasm32-wasi/node_modules/@emnapi/wasi-threads'
83 silly reify ]
84 verbose reify failed optional dependency /app/node_modules/@unrs/resolver-binding-openharmony-arm64
85 silly reify mark deleted [ '/app/node_modules/@unrs/resolver-binding-openharmony-arm64' ]
86 verbose reify failed optional dependency /app/node_modules/@unrs/resolver-binding-linux-s390x-gnu
87 silly reify mark deleted [ '/app/node_modules/@unrs/resolver-binding-linux-s390x-gnu' ]
88 verbose reify failed optional dependency /app/node_modules/@unrs/resolver-binding-linux-riscv64-musl
89 silly reify mark deleted [ '/app/node_modules/@unrs/resolver-binding-linux-riscv64-musl' ]
90 verbose reify failed optional dependency /app/node_modules/@unrs/resolver-binding-linux-riscv64-gnu
91 silly reify mark deleted [ '/app/node_modules/@unrs/resolver-binding-linux-riscv64-gnu' ]
92 verbose reify failed optional dependency /app/node_modules/@unrs/resolver-binding-linux-ppc64-gnu
93 silly reify mark deleted [ '/app/node_modules/@unrs/resolver-binding-linux-ppc64-gnu' ]
94 verbose reify failed optional dependency /app/node_modules/@unrs/resolver-binding-linux-loong64-musl
95 silly reify mark deleted [ '/app/node_modules/@unrs/resolver-binding-linux-loong64-musl' ]
96 verbose reify failed optional dependency /app/node_modules/@unrs/resolver-binding-linux-loong64-gnu
97 silly reify mark deleted [ '/app/node_modules/@unrs/resolver-binding-linux-loong64-gnu' ]
98 verbose reify failed optional dependency /app/node_modules/@unrs/resolver-binding-linux-arm64-musl
99 silly reify mark deleted [ '/app/node_modules/@unrs/resolver-binding-linux-arm64-musl' ]
100 verbose reify failed optional dependency /app/node_modules/@unrs/resolver-binding-linux-arm64-gnu
101 silly reify mark deleted [ '/app/node_modules/@unrs/resolver-binding-linux-arm64-gnu' ]
102 verbose reify failed optional dependency /app/node_modules/@unrs/resolver-binding-linux-arm-musleabihf
103 silly reify mark deleted [ '/app/node_modules/@unrs/resolver-binding-linux-arm-musleabihf' ]
104 verbose reify failed optional dependency /app/node_modules/@unrs/resolver-binding-linux-arm-gnueabihf
105 silly reify mark deleted [ '/app/node_modules/@unrs/resolver-binding-linux-arm-gnueabihf' ]
106 verbose reify failed optional dependency /app/node_modules/@unrs/resolver-binding-freebsd-x64
107 silly reify mark deleted [ '/app/node_modules/@unrs/resolver-binding-freebsd-x64' ]
108 verbose reify failed optional dependency /app/node_modules/@unrs/resolver-binding-darwin-x64
109 silly reify mark deleted [ '/app/node_modules/@unrs/resolver-binding-darwin-x64' ]
110 verbose reify failed optional dependency /app/node_modules/@unrs/resolver-binding-darwin-arm64
111 silly reify mark deleted [ '/app/node_modules/@unrs/resolver-binding-darwin-arm64' ]
112 verbose reify failed optional dependency /app/node_modules/@unrs/resolver-binding-android-arm64
113 silly reify mark deleted [ '/app/node_modules/@unrs/resolver-binding-android-arm64' ]
114 verbose reify failed optional dependency /app/node_modules/@unrs/resolver-binding-android-arm-eabi
115 silly reify mark deleted [ '/app/node_modules/@unrs/resolver-binding-android-arm-eabi' ]
116 verbose reify failed optional dependency /app/node_modules/@tailwindcss/oxide-win32-x64-msvc
117 silly reify mark deleted [ '/app/node_modules/@tailwindcss/oxide-win32-x64-msvc' ]
118 verbose reify failed optional dependency /app/node_modules/@tailwindcss/oxide-win32-arm64-msvc
119 silly reify mark deleted [ '/app/node_modules/@tailwindcss/oxide-win32-arm64-msvc' ]
120 verbose reify failed optional dependency /app/node_modules/@tailwindcss/oxide-linux-arm64-musl
121 silly reify mark deleted [ '/app/node_modules/@tailwindcss/oxide-linux-arm64-musl' ]
122 verbose reify failed optional dependency /app/node_modules/@tailwindcss/oxide-linux-arm64-gnu
123 silly reify mark deleted [ '/app/node_modules/@tailwindcss/oxide-linux-arm64-gnu' ]
124 verbose reify failed optional dependency /app/node_modules/@tailwindcss/oxide-linux-arm-gnueabihf
125 silly reify mark deleted [ '/app/node_modules/@tailwindcss/oxide-linux-arm-gnueabihf' ]
126 verbose reify failed optional dependency /app/node_modules/@tailwindcss/oxide-freebsd-x64
127 silly reify mark deleted [ '/app/node_modules/@tailwindcss/oxide-freebsd-x64' ]
128 verbose reify failed optional dependency /app/node_modules/@tailwindcss/oxide-darwin-x64
129 silly reify mark deleted [ '/app/node_modules/@tailwindcss/oxide-darwin-x64' ]
130 verbose reify failed optional dependency /app/node_modules/@tailwindcss/oxide-darwin-arm64
131 silly reify mark deleted [ '/app/node_modules/@tailwindcss/oxide-darwin-arm64' ]
132 verbose reify failed optional dependency /app/node_modules/@tailwindcss/oxide-android-arm64
133 silly reify mark deleted [ '/app/node_modules/@tailwindcss/oxide-android-arm64' ]
134 verbose reify failed optional dependency /app/node_modules/@rolldown/binding-win32-x64-msvc
135 silly reify mark deleted [ '/app/node_modules/@rolldown/binding-win32-x64-msvc' ]
136 verbose reify failed optional dependency /app/node_modules/@rolldown/binding-win32-arm64-msvc
137 silly reify mark deleted [ '/app/node_modules/@rolldown/binding-win32-arm64-msvc' ]
138 verbose reify failed optional dependency /app/node_modules/@rolldown/binding-openharmony-arm64
139 silly reify mark deleted [ '/app/node_modules/@rolldown/binding-openharmony-arm64' ]
140 verbose reify failed optional dependency /app/node_modules/@rolldown/binding-linux-s390x-gnu
141 silly reify mark deleted [ '/app/node_modules/@rolldown/binding-linux-s390x-gnu' ]
142 verbose reify failed optional dependency /app/node_modules/@rolldown/binding-linux-ppc64-gnu
143 silly reify mark deleted [ '/app/node_modules/@rolldown/binding-linux-ppc64-gnu' ]
144 verbose reify failed optional dependency /app/node_modules/@rolldown/binding-linux-arm64-musl
145 silly reify mark deleted [ '/app/node_modules/@rolldown/binding-linux-arm64-musl' ]
146 verbose reify failed optional dependency /app/node_modules/@rolldown/binding-linux-arm64-gnu
147 silly reify mark deleted [ '/app/node_modules/@rolldown/binding-linux-arm64-gnu' ]
148 verbose reify failed optional dependency /app/node_modules/@rolldown/binding-linux-arm-gnueabihf
149 silly reify mark deleted [ '/app/node_modules/@rolldown/binding-linux-arm-gnueabihf' ]
150 verbose reify failed optional dependency /app/node_modules/@rolldown/binding-freebsd-x64
151 silly reify mark deleted [ '/app/node_modules/@rolldown/binding-freebsd-x64' ]
152 verbose reify failed optional dependency /app/node_modules/@rolldown/binding-darwin-x64
153 silly reify mark deleted [ '/app/node_modules/@rolldown/binding-darwin-x64' ]
154 verbose reify failed optional dependency /app/node_modules/@rolldown/binding-darwin-arm64
155 silly reify mark deleted [ '/app/node_modules/@rolldown/binding-darwin-arm64' ]
156 verbose reify failed optional dependency /app/node_modules/@rolldown/binding-android-arm64
157 silly reify mark deleted [ '/app/node_modules/@rolldown/binding-android-arm64' ]
158 verbose reify failed optional dependency /app/node_modules/@node-rs/jieba-win32-x64-msvc
159 silly reify mark deleted [ '/app/node_modules/@node-rs/jieba-win32-x64-msvc' ]
160 verbose reify failed optional dependency /app/node_modules/@node-rs/jieba-win32-ia32-msvc
161 silly reify mark deleted [ '/app/node_modules/@node-rs/jieba-win32-ia32-msvc' ]
162 verbose reify failed optional dependency /app/node_modules/@node-rs/jieba-win32-arm64-msvc
163 silly reify mark deleted [ '/app/node_modules/@node-rs/jieba-win32-arm64-msvc' ]
164 verbose reify failed optional dependency /app/node_modules/@node-rs/jieba-wasm32-wasi
165 silly reify mark deleted [ '/app/node_modules/@node-rs/jieba-wasm32-wasi' ]
166 verbose reify failed optional dependency /app/node_modules/@napi-rs/wasm-runtime
167 silly reify mark deleted [ '/app/node_modules/@napi-rs/wasm-runtime' ]
168 verbose reify failed optional dependency /app/node_modules/@emnapi/core
169 silly reify mark deleted [ '/app/node_modules/@emnapi/core' ]
170 verbose reify failed optional dependency /app/node_modules/@emnapi/wasi-threads
171 silly reify mark deleted [ '/app/node_modules/@emnapi/wasi-threads' ]
172 verbose reify failed optional dependency /app/node_modules/@node-rs/jieba-linux-arm64-musl
173 silly reify mark deleted [ '/app/node_modules/@node-rs/jieba-linux-arm64-musl' ]
174 verbose reify failed optional dependency /app/node_modules/@node-rs/jieba-linux-arm64-gnu
175 silly reify mark deleted [ '/app/node_modules/@node-rs/jieba-linux-arm64-gnu' ]
176 verbose reify failed optional dependency /app/node_modules/@node-rs/jieba-linux-arm-gnueabihf
177 silly reify mark deleted [ '/app/node_modules/@node-rs/jieba-linux-arm-gnueabihf' ]
178 verbose reify failed optional dependency /app/node_modules/@node-rs/jieba-freebsd-x64
179 silly reify mark deleted [ '/app/node_modules/@node-rs/jieba-freebsd-x64' ]
180 verbose reify failed optional dependency /app/node_modules/@node-rs/jieba-darwin-x64
181 silly reify mark deleted [ '/app/node_modules/@node-rs/jieba-darwin-x64' ]
182 verbose reify failed optional dependency /app/node_modules/@node-rs/jieba-darwin-arm64
183 silly reify mark deleted [ '/app/node_modules/@node-rs/jieba-darwin-arm64' ]
184 verbose reify failed optional dependency /app/node_modules/@node-rs/jieba-android-arm64
185 silly reify mark deleted [ '/app/node_modules/@node-rs/jieba-android-arm64' ]
186 verbose reify failed optional dependency /app/node_modules/@node-rs/jieba-android-arm-eabi
187 silly reify mark deleted [ '/app/node_modules/@node-rs/jieba-android-arm-eabi' ]
188 verbose reify failed optional dependency /app/node_modules/@next/swc-win32-x64-msvc
189 silly reify mark deleted [ '/app/node_modules/@next/swc-win32-x64-msvc' ]
190 verbose reify failed optional dependency /app/node_modules/@next/swc-win32-arm64-msvc
191 silly reify mark deleted [ '/app/node_modules/@next/swc-win32-arm64-msvc' ]
192 verbose reify failed optional dependency /app/node_modules/@next/swc-linux-arm64-musl
193 silly reify mark deleted [ '/app/node_modules/@next/swc-linux-arm64-musl' ]
194 verbose reify failed optional dependency /app/node_modules/@next/swc-linux-arm64-gnu
195 silly reify mark deleted [ '/app/node_modules/@next/swc-linux-arm64-gnu' ]
196 verbose reify failed optional dependency /app/node_modules/@next/swc-darwin-x64
197 silly reify mark deleted [ '/app/node_modules/@next/swc-darwin-x64' ]
198 verbose reify failed optional dependency /app/node_modules/@next/swc-darwin-arm64
199 silly reify mark deleted [ '/app/node_modules/@next/swc-darwin-arm64' ]
200 verbose reify failed optional dependency /app/node_modules/@img/sharp-win32-x64
201 silly reify mark deleted [ '/app/node_modules/@img/sharp-win32-x64' ]
202 verbose reify failed optional dependency /app/node_modules/@img/sharp-win32-ia32
203 silly reify mark deleted [ '/app/node_modules/@img/sharp-win32-ia32' ]
204 verbose reify failed optional dependency /app/node_modules/@img/sharp-win32-arm64
205 silly reify mark deleted [ '/app/node_modules/@img/sharp-win32-arm64' ]
206 verbose reify failed optional dependency /app/node_modules/@img/sharp-webcontainers-wasm32
207 silly reify mark deleted [ '/app/node_modules/@img/sharp-webcontainers-wasm32' ]
208 verbose reify failed optional dependency /app/node_modules/@img/sharp-linuxmusl-arm64
209 silly reify mark deleted [ '/app/node_modules/@img/sharp-linuxmusl-arm64' ]
210 verbose reify failed optional dependency /app/node_modules/@img/sharp-linux-s390x
211 silly reify mark deleted [ '/app/node_modules/@img/sharp-linux-s390x' ]
212 verbose reify failed optional dependency /app/node_modules/@img/sharp-linux-riscv64
213 silly reify mark deleted [ '/app/node_modules/@img/sharp-linux-riscv64' ]
214 verbose reify failed optional dependency /app/node_modules/@img/sharp-linux-ppc64
215 silly reify mark deleted [ '/app/node_modules/@img/sharp-linux-ppc64' ]
216 verbose reify failed optional dependency /app/node_modules/@img/sharp-linux-arm64
217 silly reify mark deleted [ '/app/node_modules/@img/sharp-linux-arm64' ]
218 verbose reify failed optional dependency /app/node_modules/@img/sharp-linux-arm
219 silly reify mark deleted [ '/app/node_modules/@img/sharp-linux-arm' ]
220 verbose reify failed optional dependency /app/node_modules/@img/sharp-libvips-linuxmusl-arm64
221 silly reify mark deleted [ '/app/node_modules/@img/sharp-libvips-linuxmusl-arm64' ]
222 verbose reify failed optional dependency /app/node_modules/@img/sharp-libvips-linux-s390x
223 silly reify mark deleted [ '/app/node_modules/@img/sharp-libvips-linux-s390x' ]
224 verbose reify failed optional dependency /app/node_modules/@img/sharp-libvips-linux-riscv64
225 silly reify mark deleted [ '/app/node_modules/@img/sharp-libvips-linux-riscv64' ]
226 verbose reify failed optional dependency /app/node_modules/@img/sharp-libvips-linux-ppc64
227 silly reify mark deleted [ '/app/node_modules/@img/sharp-libvips-linux-ppc64' ]
228 verbose reify failed optional dependency /app/node_modules/@img/sharp-libvips-linux-arm64
229 silly reify mark deleted [ '/app/node_modules/@img/sharp-libvips-linux-arm64' ]
230 verbose reify failed optional dependency /app/node_modules/@img/sharp-libvips-linux-arm
231 silly reify mark deleted [ '/app/node_modules/@img/sharp-libvips-linux-arm' ]
232 verbose reify failed optional dependency /app/node_modules/@img/sharp-libvips-darwin-x64
233 silly reify mark deleted [ '/app/node_modules/@img/sharp-libvips-darwin-x64' ]
234 verbose reify failed optional dependency /app/node_modules/@img/sharp-libvips-darwin-arm64
235 silly reify mark deleted [ '/app/node_modules/@img/sharp-libvips-darwin-arm64' ]
236 verbose reify failed optional dependency /app/node_modules/@img/sharp-freebsd-wasm32
237 silly reify mark deleted [ '/app/node_modules/@img/sharp-freebsd-wasm32' ]
238 verbose reify failed optional dependency /app/node_modules/@img/sharp-darwin-x64
239 silly reify mark deleted [ '/app/node_modules/@img/sharp-darwin-x64' ]
240 verbose reify failed optional dependency /app/node_modules/@img/sharp-darwin-arm64
241 silly reify mark deleted [ '/app/node_modules/@img/sharp-darwin-arm64' ]
242 http cache zwitch@https://registry.npmmirror.com/zwitch/-/zwitch-2.0.4.tgz 0ms (cache hit)
243 http cache zod@https://registry.npmmirror.com/zod/-/zod-4.4.3.tgz 0ms (cache hit)
244 http cache yocto-queue@https://registry.npmmirror.com/yocto-queue/-/yocto-queue-0.1.0.tgz 0ms (cache hit)
245 http cache yauzl@https://registry.npmmirror.com/yauzl/-/yauzl-3.4.0.tgz 0ms (cache hit)
246 http cache yaml@https://registry.npmmirror.com/yaml/-/yaml-2.9.0.tgz 0ms (cache hit)
247 http cache xmlchars@https://registry.npmmirror.com/xmlchars/-/xmlchars-2.2.0.tgz 0ms (cache hit)
248 http cache xml-name-validator@https://registry.npmmirror.com/xml-name-validator/-/xml-name-validator-5.0.0.tgz 0ms (cache hit)
249 http cache yazl@https://registry.npmmirror.com/yazl/-/yazl-3.3.1.tgz 0ms (cache hit)
250 http cache wrappy@https://registry.npmmirror.com/wrappy/-/wrappy-1.0.2.tgz 0ms (cache hit)
251 http cache word-wrap@https://registry.npmmirror.com/word-wrap/-/word-wrap-1.2.5.tgz 0ms (cache hit)
252 http cache which-collection@https://registry.npmmirror.com/which-collection/-/which-collection-1.0.2.tgz 0ms (cache hit)
253 http cache which-builtin-type@https://registry.npmmirror.com/which-builtin-type/-/which-builtin-type-1.2.1.tgz 0ms (cache hit)
254 http cache which-boxed-primitive@https://registry.npmmirror.com/which-boxed-primitive/-/which-boxed-primitive-1.1.1.tgz 0ms (cache hit)
255 http cache which@https://registry.npmmirror.com/which/-/which-2.0.2.tgz 0ms (cache hit)
256 http cache why-is-node-running@https://registry.npmmirror.com/why-is-node-running/-/why-is-node-running-2.3.0.tgz 0ms (cache hit)
257 http cache which-typed-array@https://registry.npmmirror.com/which-typed-array/-/which-typed-array-1.1.22.tgz 0ms (cache hit)
258 http cache whatwg-url@https://registry.npmmirror.com/whatwg-url/-/whatwg-url-16.0.1.tgz 0ms (cache hit)
259 http cache webidl-conversions@https://registry.npmmirror.com/webidl-conversions/-/webidl-conversions-8.0.1.tgz 0ms (cache hit)
260 http cache w3c-xmlserializer@https://registry.npmmirror.com/w3c-xmlserializer/-/w3c-xmlserializer-5.0.0.tgz 0ms (cache hit)
261 http cache whatwg-mimetype@https://registry.npmmirror.com/whatwg-mimetype/-/whatwg-mimetype-5.0.0.tgz 0ms (cache hit)
262 http cache w3c-keyname@https://registry.npmmirror.com/w3c-keyname/-/w3c-keyname-2.2.8.tgz 0ms (cache hit)
263 http cache vite@https://registry.npmmirror.com/vite/-/vite-8.2.1.tgz 0ms (cache hit)
264 http cache vitest@https://registry.npmmirror.com/vitest/-/vitest-4.1.10.tgz 0ms (cache hit)
265 http cache vfile@https://registry.npmmirror.com/vfile/-/vfile-6.0.3.tgz 0ms (cache hit)
266 http cache vfile-message@https://registry.npmmirror.com/vfile-message/-/vfile-message-4.0.3.tgz 0ms (cache hit)
267 http cache util-deprecate@https://registry.npmmirror.com/util-deprecate/-/util-deprecate-1.0.2.tgz 0ms (cache hit)
268 http cache use-sync-external-store@https://registry.npmmirror.com/use-sync-external-store/-/use-sync-external-store-1.6.0.tgz 0ms (cache hit)
269 http cache unrs-resolver@https://registry.npmmirror.com/unrs-resolver/-/unrs-resolver-1.12.2.tgz 0ms (cache hit)
270 http cache unist-util-visit-parents@https://registry.npmmirror.com/unist-util-visit-parents/-/unist-util-visit-parents-6.0.2.tgz 0ms (cache hit)
271 http cache uuid@https://registry.npmmirror.com/uuid/-/uuid-14.0.1.tgz 0ms (cache hit)
272 http cache unist-util-visit@https://registry.npmmirror.com/unist-util-visit/-/unist-util-visit-5.1.0.tgz 0ms (cache hit)
273 http cache uri-js@https://registry.npmmirror.com/uri-js/-/uri-js-4.4.1.tgz 0ms (cache hit)
274 http cache unist-util-is@https://registry.npmmirror.com/unist-util-is/-/unist-util-is-6.0.1.tgz 0ms (cache hit)
275 http cache unist-util-position@https://registry.npmmirror.com/unist-util-position/-/unist-util-position-5.0.0.tgz 0ms (cache hit)
276 http cache undici@https://registry.npmmirror.com/undici/-/undici-7.29.0.tgz 0ms (cache hit)
277 http cache unbox-primitive@https://registry.npmmirror.com/unbox-primitive/-/unbox-primitive-1.1.0.tgz 0ms (cache hit)
278 http cache unist-util-stringify-position@https://registry.npmmirror.com/unist-util-stringify-position/-/unist-util-stringify-position-4.0.0.tgz 0ms (cache hit)
279 http cache undici-types@https://registry.npmmirror.com/undici-types/-/undici-types-6.21.0.tgz 0ms (cache hit)
280 http cache uc.micro@https://registry.npmmirror.com/uc.micro/-/uc.micro-2.1.0.tgz 0ms (cache hit)
281 http cache typescript@https://registry.npmmirror.com/typescript/-/typescript-5.9.3.tgz 0ms (cache hit)
282 http cache typed-array-length@https://registry.npmmirror.com/typed-array-length/-/typed-array-length-1.0.8.tgz 0ms (cache hit)
283 http cache typed-array-byte-offset@https://registry.npmmirror.com/typed-array-byte-offset/-/typed-array-byte-offset-1.0.4.tgz 0ms (cache hit)
284 http cache typed-array-buffer@https://registry.npmmirror.com/typed-array-buffer/-/typed-array-buffer-1.0.3.tgz 0ms (cache hit)
285 http cache type-check@https://registry.npmmirror.com/type-check/-/type-check-0.4.0.tgz 0ms (cache hit)
286 http cache tunnel-agent@https://registry.npmmirror.com/tunnel-agent/-/tunnel-agent-0.6.0.tgz 0ms (cache hit)
287 http cache tsconfig-paths@https://registry.npmmirror.com/tsconfig-paths/-/tsconfig-paths-3.15.0.tgz 0ms (cache hit)
288 http cache tslib@https://registry.npmmirror.com/tslib/-/tslib-2.8.1.tgz 0ms (cache hit)
289 http cache ts-dedent@https://registry.npmmirror.com/ts-dedent/-/ts-dedent-2.3.0.tgz 0ms (cache hit)
290 http cache trim-lines@https://registry.npmmirror.com/trim-lines/-/trim-lines-3.0.1.tgz 0ms (cache hit)
291 http cache ts-api-utils@https://registry.npmmirror.com/ts-api-utils/-/ts-api-utils-2.5.0.tgz 0ms (cache hit)
292 http cache trough@https://registry.npmmirror.com/trough/-/trough-2.2.0.tgz 0ms (cache hit)
293 http cache tr46@https://registry.npmmirror.com/tr46/-/tr46-6.0.0.tgz 0ms (cache hit)
294 http cache tough-cookie@https://registry.npmmirror.com/tough-cookie/-/tough-cookie-6.0.2.tgz 0ms (cache hit)
295 http cache tldts-core@https://registry.npmmirror.com/tldts-core/-/tldts-core-7.4.10.tgz 0ms (cache hit)
296 http cache to-regex-range@https://registry.npmmirror.com/to-regex-range/-/to-regex-range-5.0.1.tgz 0ms (cache hit)
297 http cache tldts@https://registry.npmmirror.com/tldts/-/tldts-7.4.10.tgz 0ms (cache hit)
298 http cache tiptap-markdown@https://registry.npmmirror.com/tiptap-markdown/-/tiptap-markdown-0.8.10.tgz 0ms (cache hit)
299 http cache tippy.js@https://registry.npmmirror.com/tippy.js/-/tippy.js-6.3.7.tgz 0ms (cache hit)
300 http cache tinyrainbow@https://registry.npmmirror.com/tinyrainbow/-/tinyrainbow-3.1.1.tgz 0ms (cache hit)
301 http cache typed-array-byte-length@https://registry.npmmirror.com/typed-array-byte-length/-/typed-array-byte-length-1.0.3.tgz 0ms (cache hit)
302 http cache tinyglobby@https://registry.npmmirror.com/tinyglobby/-/tinyglobby-0.2.17.tgz 0ms (cache hit)
303 http cache tinyexec@https://registry.npmmirror.com/tinyexec/-/tinyexec-1.3.0.tgz 0ms (cache hit)
304 http cache tinybench@https://registry.npmmirror.com/tinybench/-/tinybench-2.9.0.tgz 0ms (cache hit)
305 http cache unified@https://registry.npmmirror.com/unified/-/unified-11.0.5.tgz 0ms (cache hit)
306 http cache tar-stream@https://registry.npmmirror.com/tar-stream/-/tar-stream-2.2.0.tgz 0ms (cache hit)
307 http cache tar-fs@https://registry.npmmirror.com/tar-fs/-/tar-fs-2.1.5.tgz 0ms (cache hit)
308 http cache tapable@https://registry.npmmirror.com/tapable/-/tapable-2.3.3.tgz 0ms (cache hit)
309 http cache tailwindcss@https://registry.npmmirror.com/tailwindcss/-/tailwindcss-4.3.3.tgz 0ms (cache hit)
310 http cache symbol-tree@https://registry.npmmirror.com/symbol-tree/-/symbol-tree-3.2.4.tgz 0ms (cache hit)
311 http cache supports-preserve-symlinks-flag@https://registry.npmmirror.com/supports-preserve-symlinks-flag/-/supports-preserve-symlinks-flag-1.0.0.tgz 0ms (cache hit)
312 http cache supports-color@https://registry.npmmirror.com/supports-color/-/supports-color-7.2.0.tgz 0ms (cache hit)
313 http cache styled-jsx@https://registry.npmmirror.com/styled-jsx/-/styled-jsx-5.1.6.tgz 0ms (cache hit)
314 http cache style-to-object@https://registry.npmmirror.com/style-to-object/-/style-to-object-1.0.14.tgz 0ms (cache hit)
315 http cache stylis@https://registry.npmmirror.com/stylis/-/stylis-4.4.0.tgz 0ms (cache hit)
316 http cache style-to-js@https://registry.npmmirror.com/style-to-js/-/style-to-js-1.1.21.tgz 0ms (cache hit)
317 http cache strip-bom@https://registry.npmmirror.com/strip-bom/-/strip-bom-3.0.0.tgz 0ms (cache hit)
318 http cache stringify-entities@https://registry.npmmirror.com/stringify-entities/-/stringify-entities-4.0.4.tgz 0ms (cache hit)
319 http cache string.prototype.trimstart@https://registry.npmmirror.com/string.prototype.trimstart/-/string.prototype.trimstart-1.0.8.tgz 0ms (cache hit)
320 http cache string.prototype.trimend@https://registry.npmmirror.com/string.prototype.trimend/-/string.prototype.trimend-1.0.10.tgz 0ms (cache hit)
321 http cache string.prototype.trim@https://registry.npmmirror.com/string.prototype.trim/-/string.prototype.trim-1.2.11.tgz 0ms (cache hit)
322 http cache string.prototype.repeat@https://registry.npmmirror.com/string.prototype.repeat/-/string.prototype.repeat-1.0.0.tgz 0ms (cache hit)
323 http cache strip-json-comments@https://registry.npmmirror.com/strip-json-comments/-/strip-json-comments-2.0.1.tgz 0ms (cache hit)
324 http cache string.prototype.matchall@https://registry.npmmirror.com/string.prototype.matchall/-/string.prototype.matchall-4.0.12.tgz 0ms (cache hit)
325 http cache string.prototype.includes@https://registry.npmmirror.com/string.prototype.includes/-/string.prototype.includes-2.0.1.tgz 0ms (cache hit)
326 http cache string_decoder@https://registry.npmmirror.com/string_decoder/-/string_decoder-1.3.0.tgz 0ms (cache hit)
327 http cache stop-iteration-iterator@https://registry.npmmirror.com/stop-iteration-iterator/-/stop-iteration-iterator-1.1.0.tgz 0ms (cache hit)
328 http cache std-env@https://registry.npmmirror.com/std-env/-/std-env-4.2.0.tgz 0ms (cache hit)
329 http cache stackback@https://registry.npmmirror.com/stackback/-/stackback-0.0.2.tgz 0ms (cache hit)
330 http cache stable-hash@https://registry.npmmirror.com/stable-hash/-/stable-hash-0.0.5.tgz 0ms (cache hit)
331 http cache space-separated-tokens@https://registry.npmmirror.com/space-separated-tokens/-/space-separated-tokens-2.0.2.tgz 0ms (cache hit)
332 http cache simple-get@https://registry.npmmirror.com/simple-get/-/simple-get-4.0.1.tgz 0ms (cache hit)
333 http cache source-map-js@https://registry.npmmirror.com/source-map-js/-/source-map-js-1.2.1.tgz 0ms (cache hit)
334 http cache simple-concat@https://registry.npmmirror.com/simple-concat/-/simple-concat-1.0.1.tgz 0ms (cache hit)
335 http cache siginfo@https://registry.npmmirror.com/siginfo/-/siginfo-2.0.0.tgz 0ms (cache hit)
336 http cache side-channel-weakmap@https://registry.npmmirror.com/side-channel-weakmap/-/side-channel-weakmap-1.0.2.tgz 0ms (cache hit)
337 http cache side-channel-map@https://registry.npmmirror.com/side-channel-map/-/side-channel-map-1.0.1.tgz 0ms (cache hit)
338 http cache side-channel-list@https://registry.npmmirror.com/side-channel-list/-/side-channel-list-1.0.1.tgz 0ms (cache hit)
339 http cache side-channel@https://registry.npmmirror.com/side-channel/-/side-channel-1.1.1.tgz 0ms (cache hit)
340 http cache shebang-regex@https://registry.npmmirror.com/shebang-regex/-/shebang-regex-3.0.0.tgz 0ms (cache hit)
341 http cache shebang-command@https://registry.npmmirror.com/shebang-command/-/shebang-command-2.0.0.tgz 0ms (cache hit)
342 http cache sharp@https://registry.npmmirror.com/sharp/-/sharp-0.35.3.tgz 0ms (cache hit)
343 http cache set-proto@https://registry.npmmirror.com/set-proto/-/set-proto-1.0.0.tgz 0ms (cache hit)
344 http cache set-function-name@https://registry.npmmirror.com/set-function-name/-/set-function-name-2.0.2.tgz 0ms (cache hit)
345 http cache set-function-length@https://registry.npmmirror.com/set-function-length/-/set-function-length-1.2.2.tgz 0ms (cache hit)
346 http cache semver@https://registry.npmmirror.com/semver/-/semver-7.8.5.tgz 0ms (cache hit)
347 http cache scheduler@https://registry.npmmirror.com/scheduler/-/scheduler-0.27.0.tgz 0ms (cache hit)
348 http cache saxes@https://registry.npmmirror.com/saxes/-/saxes-6.0.0.tgz 0ms (cache hit)
349 http cache safer-buffer@https://registry.npmmirror.com/safer-buffer/-/safer-buffer-2.1.2.tgz 0ms (cache hit)
350 http cache safe-regex-test@https://registry.npmmirror.com/safe-regex-test/-/safe-regex-test-1.1.0.tgz 0ms (cache hit)
351 http cache safe-push-apply@https://registry.npmmirror.com/safe-push-apply/-/safe-push-apply-1.0.0.tgz 0ms (cache hit)
352 http cache safe-array-concat@https://registry.npmmirror.com/safe-array-concat/-/safe-array-concat-1.1.4.tgz 0ms (cache hit)
353 http cache rw@https://registry.npmmirror.com/rw/-/rw-1.3.3.tgz 0ms (cache hit)
354 http cache roughjs@https://registry.npmmirror.com/roughjs/-/roughjs-4.6.6.tgz 0ms (cache hit)
355 http cache run-parallel@https://registry.npmmirror.com/run-parallel/-/run-parallel-1.2.0.tgz 0ms (cache hit)
356 http cache rope-sequence@https://registry.npmmirror.com/rope-sequence/-/rope-sequence-1.3.4.tgz 0ms (cache hit)
357 http cache rolldown@https://registry.npmmirror.com/rolldown/-/rolldown-1.2.4.tgz 0ms (cache hit)
358 http cache robust-predicates@https://registry.npmmirror.com/robust-predicates/-/robust-predicates-3.0.3.tgz 0ms (cache hit)
359 http cache reusify@https://registry.npmmirror.com/reusify/-/reusify-1.1.0.tgz 0ms (cache hit)
360 http cache resolve-pkg-maps@https://registry.npmmirror.com/resolve-pkg-maps/-/resolve-pkg-maps-1.0.0.tgz 0ms (cache hit)
361 http cache safe-buffer@https://registry.npmmirror.com/safe-buffer/-/safe-buffer-5.2.1.tgz 0ms (cache hit)
362 http cache resolve@https://registry.npmmirror.com/resolve/-/resolve-2.0.0-next.7.tgz 0ms (cache hit)
363 http cache remark-rehype@https://registry.npmmirror.com/remark-rehype/-/remark-rehype-11.1.2.tgz 0ms (cache hit)
364 http cache require-from-string@https://registry.npmmirror.com/require-from-string/-/require-from-string-2.0.2.tgz 0ms (cache hit)
365 http cache remark-stringify@https://registry.npmmirror.com/remark-stringify/-/remark-stringify-11.0.0.tgz 0ms (cache hit)
366 http cache remark-parse@https://registry.npmmirror.com/remark-parse/-/remark-parse-11.0.0.tgz 0ms (cache hit)
367 http cache remark-gfm@https://registry.npmmirror.com/remark-gfm/-/remark-gfm-4.0.1.tgz 0ms (cache hit)
368 http cache regexp.prototype.flags@https://registry.npmmirror.com/regexp.prototype.flags/-/regexp.prototype.flags-1.5.4.tgz 0ms (cache hit)
369 http cache resolve-from@https://registry.npmmirror.com/resolve-from/-/resolve-from-4.0.0.tgz 0ms (cache hit)
370 http cache react-markdown@https://registry.npmmirror.com/react-markdown/-/react-markdown-10.1.0.tgz 0ms (cache hit)
371 http cache react-is@https://registry.npmmirror.com/react-is/-/react-is-16.13.1.tgz 0ms (cache hit)
372 http cache react-dom@https://registry.npmmirror.com/react-dom/-/react-dom-19.2.8.tgz 0ms (cache hit)
373 http cache react@https://registry.npmmirror.com/react/-/react-19.2.8.tgz 0ms (cache hit)
374 http cache reflect.getprototypeof@https://registry.npmmirror.com/reflect.getprototypeof/-/reflect.getprototypeof-1.0.10.tgz 0ms (cache hit)
375 http cache rc@https://registry.npmmirror.com/rc/-/rc-1.2.8.tgz 0ms (cache hit)
376 http cache readable-stream@https://registry.npmmirror.com/readable-stream/-/readable-stream-3.6.2.tgz 0ms (cache hit)
377 http cache queue-microtask@https://registry.npmmirror.com/queue-microtask/-/queue-microtask-1.2.3.tgz 0ms (cache hit)
378 http cache punycode.js@https://registry.npmmirror.com/punycode.js/-/punycode.js-2.3.1.tgz 0ms (cache hit)
379 http cache punycode@https://registry.npmmirror.com/punycode/-/punycode-2.3.1.tgz 0ms (cache hit)
380 http cache prosemirror-transform@https://registry.npmmirror.com/prosemirror-transform/-/prosemirror-transform-1.12.0.tgz 0ms (cache hit)
381 http cache prosemirror-view@https://registry.npmmirror.com/prosemirror-view/-/prosemirror-view-1.42.2.tgz 0ms (cache hit)
382 http cache pump@https://registry.npmmirror.com/pump/-/pump-3.0.4.tgz 0ms (cache hit)
383 http cache prosemirror-trailing-node@https://registry.npmmirror.com/prosemirror-trailing-node/-/prosemirror-trailing-node-3.0.0.tgz 0ms (cache hit)
384 http cache prosemirror-state@https://registry.npmmirror.com/prosemirror-state/-/prosemirror-state-1.4.4.tgz 0ms (cache hit)
385 http cache prosemirror-schema-list@https://registry.npmmirror.com/prosemirror-schema-list/-/prosemirror-schema-list-1.5.1.tgz 0ms (cache hit)
386 http cache prosemirror-tables@https://registry.npmmirror.com/prosemirror-tables/-/prosemirror-tables-1.8.5.tgz 0ms (cache hit)
387 http cache prosemirror-model@https://registry.npmmirror.com/prosemirror-model/-/prosemirror-model-1.25.11.tgz 0ms (cache hit)
388 http cache prosemirror-schema-basic@https://registry.npmmirror.com/prosemirror-schema-basic/-/prosemirror-schema-basic-1.2.4.tgz 0ms (cache hit)
389 http cache prosemirror-markdown@https://registry.npmmirror.com/prosemirror-markdown/-/prosemirror-markdown-1.13.5.tgz 0ms (cache hit)
390 http cache prosemirror-menu@https://registry.npmmirror.com/prosemirror-menu/-/prosemirror-menu-1.3.2.tgz 0ms (cache hit)
391 http cache prosemirror-inputrules@https://registry.npmmirror.com/prosemirror-inputrules/-/prosemirror-inputrules-1.5.1.tgz 0ms (cache hit)
392 http cache prosemirror-history@https://registry.npmmirror.com/prosemirror-history/-/prosemirror-history-1.5.0.tgz 0ms (cache hit)
393 http cache prosemirror-keymap@https://registry.npmmirror.com/prosemirror-keymap/-/prosemirror-keymap-1.2.3.tgz 0ms (cache hit)
394 http cache prosemirror-gapcursor@https://registry.npmmirror.com/prosemirror-gapcursor/-/prosemirror-gapcursor-1.4.1.tgz 0ms (cache hit)
395 http cache prosemirror-commands@https://registry.npmmirror.com/prosemirror-commands/-/prosemirror-commands-1.7.2.tgz 0ms (cache hit)
396 http cache prosemirror-changeset@https://registry.npmmirror.com/prosemirror-changeset/-/prosemirror-changeset-2.4.1.tgz 0ms (cache hit)
397 http cache prosemirror-collab@https://registry.npmmirror.com/prosemirror-collab/-/prosemirror-collab-1.3.1.tgz 0ms (cache hit)
398 http cache property-information@https://registry.npmmirror.com/property-information/-/property-information-7.2.0.tgz 0ms (cache hit)
399 http cache pretty-format@https://registry.npmmirror.com/pretty-format/-/pretty-format-27.5.1.tgz 0ms (cache hit)
400 http cache prop-types@https://registry.npmmirror.com/prop-types/-/prop-types-15.8.1.tgz 0ms (cache hit)
401 http cache prelude-ls@https://registry.npmmirror.com/prelude-ls/-/prelude-ls-1.2.1.tgz 0ms (cache hit)
402 http cache prosemirror-dropcursor@https://registry.npmmirror.com/prosemirror-dropcursor/-/prosemirror-dropcursor-1.8.3.tgz 0ms (cache hit)
403 http cache prebuild-install@https://registry.npmmirror.com/prebuild-install/-/prebuild-install-7.1.2.tgz 0ms (cache hit)
404 http cache possible-typed-array-names@https://registry.npmmirror.com/possible-typed-array-names/-/possible-typed-array-names-1.1.0.tgz 0ms (cache hit)
405 http cache postcss@https://registry.npmmirror.com/postcss/-/postcss-8.5.26.tgz 0ms (cache hit)
406 http cache points-on-path@https://registry.npmmirror.com/points-on-path/-/points-on-path-0.2.1.tgz 0ms (cache hit)
407 http cache points-on-curve@https://registry.npmmirror.com/points-on-curve/-/points-on-curve-0.2.0.tgz 0ms (cache hit)
408 http cache pngjs@https://registry.npmmirror.com/pngjs/-/pngjs-6.0.0.tgz 0ms (cache hit)
409 http cache picomatch@https://registry.npmmirror.com/picomatch/-/picomatch-2.3.2.tgz 0ms (cache hit)
410 http cache picocolors@https://registry.npmmirror.com/picocolors/-/picocolors-1.1.1.tgz 0ms (cache hit)
411 http cache pend@https://registry.npmmirror.com/pend/-/pend-1.2.0.tgz 0ms (cache hit)
412 http cache path-parse@https://registry.npmmirror.com/path-parse/-/path-parse-1.0.7.tgz 0ms (cache hit)
413 http cache path-key@https://registry.npmmirror.com/path-key/-/path-key-3.1.1.tgz 0ms (cache hit)
414 http cache path-exists@https://registry.npmmirror.com/path-exists/-/path-exists-4.0.0.tgz 0ms (cache hit)
415 http cache path-data-parser@https://registry.npmmirror.com/path-data-parser/-/path-data-parser-0.1.0.tgz 0ms (cache hit)
416 http cache parse5@https://registry.npmmirror.com/parse5/-/parse5-8.0.1.tgz 0ms (cache hit)
417 http cache parse-entities@https://registry.npmmirror.com/parse-entities/-/parse-entities-4.0.2.tgz 0ms (cache hit)
418 http cache parent-module@https://registry.npmmirror.com/parent-module/-/parent-module-1.0.1.tgz 0ms (cache hit)
419 http cache package-manager-detector@https://registry.npmmirror.com/package-manager-detector/-/package-manager-detector-1.8.0.tgz 0ms (cache hit)
420 http cache pathe@https://registry.npmmirror.com/pathe/-/pathe-2.0.3.tgz 0ms (cache hit)
421 http cache p-limit@https://registry.npmmirror.com/p-limit/-/p-limit-3.1.0.tgz 0ms (cache hit)
422 http cache own-keys@https://registry.npmmirror.com/own-keys/-/own-keys-1.0.2.tgz 0ms (cache hit)
423 http cache orderedmap@https://registry.npmmirror.com/orderedmap/-/orderedmap-2.1.1.tgz 0ms (cache hit)
424 http cache p-locate@https://registry.npmmirror.com/p-locate/-/p-locate-5.0.0.tgz 0ms (cache hit)
425 http cache optionator@https://registry.npmmirror.com/optionator/-/optionator-0.9.4.tgz 0ms (cache hit)
426 http cache once@https://registry.npmmirror.com/once/-/once-1.4.0.tgz 0ms (cache hit)
427 http cache obug@https://registry.npmmirror.com/obug/-/obug-2.1.4.tgz 0ms (cache hit)
428 http cache object.values@https://registry.npmmirror.com/object.values/-/object.values-1.2.1.tgz 0ms (cache hit)
429 http cache object.fromentries@https://registry.npmmirror.com/object.fromentries/-/object.fromentries-2.0.8.tgz 0ms (cache hit)
430 http cache object.entries@https://registry.npmmirror.com/object.entries/-/object.entries-1.1.9.tgz 0ms (cache hit)
431 http cache object.assign@https://registry.npmmirror.com/object.assign/-/object.assign-4.1.7.tgz 0ms (cache hit)
432 http cache object-inspect@https://registry.npmmirror.com/object-inspect/-/object-inspect-1.13.4.tgz 0ms (cache hit)
433 http cache object-assign@https://registry.npmmirror.com/object-assign/-/object-assign-4.1.1.tgz 0ms (cache hit)
434 http cache object.groupby@https://registry.npmmirror.com/object.groupby/-/object.groupby-1.0.3.tgz 0ms (cache hit)
435 http cache node-exports-info@https://registry.npmmirror.com/node-exports-info/-/node-exports-info-1.6.2.tgz 0ms (cache hit)
436 http cache object-keys@https://registry.npmmirror.com/object-keys/-/object-keys-1.1.1.tgz 0ms (cache hit)
437 http cache next-themes@https://registry.npmmirror.com/next-themes/-/next-themes-0.4.6.tgz 0ms (cache hit)
438 http cache node-abi@https://registry.npmmirror.com/node-abi/-/node-abi-3.94.0.tgz 0ms (cache hit)
439 http cache next@https://registry.npmmirror.com/next/-/next-15.5.23.tgz 0ms (cache hit)
440 http cache natural-compare@https://registry.npmmirror.com/natural-compare/-/natural-compare-1.4.0.tgz 0ms (cache hit)
441 http cache napi-postinstall@https://registry.npmmirror.com/napi-postinstall/-/napi-postinstall-0.3.4.tgz 0ms (cache hit)
442 http cache nanoid@https://registry.npmmirror.com/nanoid/-/nanoid-3.3.18.tgz 0ms (cache hit)
443 http cache napi-build-utils@https://registry.npmmirror.com/napi-build-utils/-/napi-build-utils-1.0.2.tgz 0ms (cache hit)
444 http cache ms@https://registry.npmmirror.com/ms/-/ms-2.1.3.tgz 0ms (cache hit)
445 http cache mkdirp-classic@https://registry.npmmirror.com/mkdirp-classic/-/mkdirp-classic-0.5.3.tgz 0ms (cache hit)
446 http cache minimist@https://registry.npmmirror.com/minimist/-/minimist-1.2.8.tgz 0ms (cache hit)
447 http cache minimatch@https://registry.npmmirror.com/minimatch/-/minimatch-3.1.5.tgz 0ms (cache hit)
448 http cache micromatch@https://registry.npmmirror.com/micromatch/-/micromatch-4.0.8.tgz 0ms (cache hit)
449 http cache mimic-response@https://registry.npmmirror.com/mimic-response/-/mimic-response-3.1.0.tgz 0ms (cache hit)
450 http cache micromark-util-types@https://registry.npmmirror.com/micromark-util-types/-/micromark-util-types-2.0.2.tgz 0ms (cache hit)
451 http cache micromark-util-symbol@https://registry.npmmirror.com/micromark-util-symbol/-/micromark-util-symbol-2.0.1.tgz 0ms (cache hit)
452 http cache micromark-util-subtokenize@https://registry.npmmirror.com/micromark-util-subtokenize/-/micromark-util-subtokenize-2.1.0.tgz 0ms (cache hit)
453 http cache micromark-util-resolve-all@https://registry.npmmirror.com/micromark-util-resolve-all/-/micromark-util-resolve-all-2.0.1.tgz 0ms (cache hit)
454 http cache micromark-util-sanitize-uri@https://registry.npmmirror.com/micromark-util-sanitize-uri/-/micromark-util-sanitize-uri-2.0.1.tgz 0ms (cache hit)
455 http cache micromark-util-normalize-identifier@https://registry.npmmirror.com/micromark-util-normalize-identifier/-/micromark-util-normalize-identifier-2.0.1.tgz 0ms (cache hit)
456 http cache micromark-util-encode@https://registry.npmmirror.com/micromark-util-encode/-/micromark-util-encode-2.0.1.tgz 0ms (cache hit)
457 http cache micromark-util-html-tag-name@https://registry.npmmirror.com/micromark-util-html-tag-name/-/micromark-util-html-tag-name-2.0.1.tgz 0ms (cache hit)
458 http cache micromark-util-combine-extensions@https://registry.npmmirror.com/micromark-util-combine-extensions/-/micromark-util-combine-extensions-2.0.1.tgz 0ms (cache hit)
459 http cache micromark-util-classify-character@https://registry.npmmirror.com/micromark-util-classify-character/-/micromark-util-classify-character-2.0.1.tgz 0ms (cache hit)
460 http cache micromark-util-decode-numeric-character-reference@https://registry.npmmirror.com/micromark-util-decode-numeric-character-reference/-/micromark-util-decode-numeric-character-reference-2.0.2.tgz 0ms (cache hit)
461 http cache micromark-util-chunked@https://registry.npmmirror.com/micromark-util-chunked/-/micromark-util-chunked-2.0.1.tgz 0ms (cache hit)
462 http cache micromark-util-decode-string@https://registry.npmmirror.com/micromark-util-decode-string/-/micromark-util-decode-string-2.0.1.tgz 0ms (cache hit)
463 http cache micromark-factory-whitespace@https://registry.npmmirror.com/micromark-factory-whitespace/-/micromark-factory-whitespace-2.0.1.tgz 0ms (cache hit)
464 http cache micromark-factory-space@https://registry.npmmirror.com/micromark-factory-space/-/micromark-factory-space-2.0.1.tgz 0ms (cache hit)
465 http cache micromark-factory-destination@https://registry.npmmirror.com/micromark-factory-destination/-/micromark-factory-destination-2.0.1.tgz 0ms (cache hit)
466 http cache micromark-extension-gfm-task-list-item@https://registry.npmmirror.com/micromark-extension-gfm-task-list-item/-/micromark-extension-gfm-task-list-item-2.1.0.tgz 0ms (cache hit)
467 http cache micromark-extension-gfm-tagfilter@https://registry.npmmirror.com/micromark-extension-gfm-tagfilter/-/micromark-extension-gfm-tagfilter-2.0.0.tgz 0ms (cache hit)
468 http cache micromark-extension-gfm-strikethrough@https://registry.npmmirror.com/micromark-extension-gfm-strikethrough/-/micromark-extension-gfm-strikethrough-2.1.0.tgz 0ms (cache hit)
469 http cache micromark-extension-gfm-table@https://registry.npmmirror.com/micromark-extension-gfm-table/-/micromark-extension-gfm-table-2.1.1.tgz 0ms (cache hit)
470 http cache micromark-util-character@https://registry.npmmirror.com/micromark-util-character/-/micromark-util-character-2.1.1.tgz 0ms (cache hit)
471 http cache micromark-extension-gfm-footnote@https://registry.npmmirror.com/micromark-extension-gfm-footnote/-/micromark-extension-gfm-footnote-2.1.0.tgz 0ms (cache hit)
472 http cache micromark-extension-gfm-autolink-literal@https://registry.npmmirror.com/micromark-extension-gfm-autolink-literal/-/micromark-extension-gfm-autolink-literal-2.1.0.tgz 0ms (cache hit)
473 http cache micromark-factory-label@https://registry.npmmirror.com/micromark-factory-label/-/micromark-factory-label-2.0.1.tgz 0ms (cache hit)
474 http cache micromark-core-commonmark@https://registry.npmmirror.com/micromark-core-commonmark/-/micromark-core-commonmark-2.0.3.tgz 0ms (cache hit)
475 http cache micromark@https://registry.npmmirror.com/micromark/-/micromark-4.0.2.tgz 0ms (cache hit)
476 http cache micromark-extension-gfm@https://registry.npmmirror.com/micromark-extension-gfm/-/micromark-extension-gfm-3.0.0.tgz 0ms (cache hit)
477 http cache merge2@https://registry.npmmirror.com/merge2/-/merge2-1.4.1.tgz 0ms (cache hit)
478 http cache mermaid@https://registry.npmmirror.com/mermaid/-/mermaid-11.16.1.tgz 0ms (cache hit)
479 http cache mdn-data@https://registry.npmmirror.com/mdn-data/-/mdn-data-2.27.1.tgz 0ms (cache hit)
480 http cache mdast-util-to-string@https://registry.npmmirror.com/mdast-util-to-string/-/mdast-util-to-string-4.0.0.tgz 0ms (cache hit)
481 http cache mdast-util-to-hast@https://registry.npmmirror.com/mdast-util-to-hast/-/mdast-util-to-hast-13.2.1.tgz 0ms (cache hit)
482 http cache mdast-util-to-markdown@https://registry.npmmirror.com/mdast-util-to-markdown/-/mdast-util-to-markdown-2.1.2.tgz 0ms (cache hit)
483 http cache mdast-util-phrasing@https://registry.npmmirror.com/mdast-util-phrasing/-/mdast-util-phrasing-4.1.0.tgz 0ms (cache hit)
484 http cache mdast-util-mdxjs-esm@https://registry.npmmirror.com/mdast-util-mdxjs-esm/-/mdast-util-mdxjs-esm-2.0.1.tgz 0ms (cache hit)
485 http cache micromark-factory-title@https://registry.npmmirror.com/micromark-factory-title/-/micromark-factory-title-2.0.1.tgz 0ms (cache hit)
486 http cache mdast-util-mdx-expression@https://registry.npmmirror.com/mdast-util-mdx-expression/-/mdast-util-mdx-expression-2.0.1.tgz 0ms (cache hit)
487 http cache mdast-util-mdx-jsx@https://registry.npmmirror.com/mdast-util-mdx-jsx/-/mdast-util-mdx-jsx-3.2.0.tgz 0ms (cache hit)
488 http cache mdast-util-gfm-task-list-item@https://registry.npmmirror.com/mdast-util-gfm-task-list-item/-/mdast-util-gfm-task-list-item-2.0.0.tgz 0ms (cache hit)
489 http cache mdast-util-gfm-table@https://registry.npmmirror.com/mdast-util-gfm-table/-/mdast-util-gfm-table-2.0.0.tgz 0ms (cache hit)
490 http cache mdast-util-gfm-strikethrough@https://registry.npmmirror.com/mdast-util-gfm-strikethrough/-/mdast-util-gfm-strikethrough-2.0.0.tgz 0ms (cache hit)
491 http cache mdast-util-gfm-footnote@https://registry.npmmirror.com/mdast-util-gfm-footnote/-/mdast-util-gfm-footnote-2.1.0.tgz 0ms (cache hit)
492 http cache mdast-util-gfm-autolink-literal@https://registry.npmmirror.com/mdast-util-gfm-autolink-literal/-/mdast-util-gfm-autolink-literal-2.0.1.tgz 0ms (cache hit)
493 http cache mdast-util-find-and-replace@https://registry.npmmirror.com/mdast-util-find-and-replace/-/mdast-util-find-and-replace-3.0.2.tgz 0ms (cache hit)
494 http cache mdast-util-gfm@https://registry.npmmirror.com/mdast-util-gfm/-/mdast-util-gfm-3.1.0.tgz 0ms (cache hit)
495 http cache mdast-util-from-markdown@https://registry.npmmirror.com/mdast-util-from-markdown/-/mdast-util-from-markdown-2.0.3.tgz 1ms (cache hit)
496 http cache math-intrinsics@https://registry.npmmirror.com/math-intrinsics/-/math-intrinsics-1.1.0.tgz 0ms (cache hit)
497 http cache marked@https://registry.npmmirror.com/marked/-/marked-16.4.2.tgz 0ms (cache hit)
498 http cache markdown-table@https://registry.npmmirror.com/markdown-table/-/markdown-table-3.0.4.tgz 0ms (cache hit)
499 http cache markdown-it-task-lists@https://registry.npmmirror.com/markdown-it-task-lists/-/markdown-it-task-lists-2.1.1.tgz 0ms (cache hit)
500 http cache magic-string@https://registry.npmmirror.com/magic-string/-/magic-string-0.30.21.tgz 0ms (cache hit)
501 http cache markdown-it@https://registry.npmmirror.com/markdown-it/-/markdown-it-14.3.0.tgz 0ms (cache hit)
502 http cache lz-string@https://registry.npmmirror.com/lz-string/-/lz-string-1.5.0.tgz 0ms (cache hit)
503 http cache mdurl@https://registry.npmmirror.com/mdurl/-/mdurl-2.1.0.tgz 0ms (cache hit)
504 http cache lru-cache@https://registry.npmmirror.com/lru-cache/-/lru-cache-11.5.2.tgz 0ms (cache hit)
505 http cache loose-envify@https://registry.npmmirror.com/loose-envify/-/loose-envify-1.4.0.tgz 0ms (cache hit)
506 http cache longest-streak@https://registry.npmmirror.com/longest-streak/-/longest-streak-3.1.0.tgz 0ms (cache hit)
507 http cache lodash.merge@https://registry.npmmirror.com/lodash.merge/-/lodash.merge-4.6.2.tgz 0ms (cache hit)
508 http cache lodash-es@https://registry.npmmirror.com/lodash-es/-/lodash-es-4.18.1.tgz 0ms (cache hit)
509 http cache locate-path@https://registry.npmmirror.com/locate-path/-/locate-path-6.0.0.tgz 0ms (cache hit)
510 http cache linkifyjs@https://registry.npmmirror.com/linkifyjs/-/linkifyjs-4.3.3.tgz 0ms (cache hit)
511 http cache linkify-it@https://registry.npmmirror.com/linkify-it/-/linkify-it-5.0.2.tgz 0ms (cache hit)
512 http cache lightningcss-linux-x64-musl@https://registry.npmmirror.com/lightningcss-linux-x64-musl/-/lightningcss-linux-x64-musl-1.32.0.tgz 0ms (cache hit)
513 http cache lightningcss-linux-x64-gnu@https://registry.npmmirror.com/lightningcss-linux-x64-gnu/-/lightningcss-linux-x64-gnu-1.32.0.tgz 0ms (cache hit)
514 http cache libheif-js@https://registry.npmmirror.com/libheif-js/-/libheif-js-1.19.8.tgz 0ms (cache hit)
515 http cache levn@https://registry.npmmirror.com/levn/-/levn-0.4.1.tgz 0ms (cache hit)
516 http cache layout-base@https://registry.npmmirror.com/layout-base/-/layout-base-1.0.2.tgz 0ms (cache hit)
517 http cache language-tags@https://registry.npmmirror.com/language-tags/-/language-tags-1.0.9.tgz 0ms (cache hit)
518 http cache katex@https://registry.npmmirror.com/katex/-/katex-0.16.47.tgz 0ms (cache hit)
519 http cache language-subtag-registry@https://registry.npmmirror.com/language-subtag-registry/-/language-subtag-registry-0.3.23.tgz 0ms (cache hit)
520 http cache keyv@https://registry.npmmirror.com/keyv/-/keyv-4.5.4.tgz 0ms (cache hit)
521 http cache jsx-ast-utils@https://registry.npmmirror.com/jsx-ast-utils/-/jsx-ast-utils-3.3.5.tgz 0ms (cache hit)
522 http cache json5@https://registry.npmmirror.com/json5/-/json5-1.0.2.tgz 0ms (cache hit)
523 http cache json-stable-stringify-without-jsonify@https://registry.npmmirror.com/json-stable-stringify-without-jsonify/-/json-stable-stringify-without-jsonify-1.0.1.tgz 0ms (cache hit)
524 http cache khroma@https://registry.npmmirror.com/khroma/-/khroma-2.1.0.tgz 0ms (cache hit)
525 http cache jsdom@https://registry.npmmirror.com/jsdom/-/jsdom-29.1.1.tgz 0ms (cache hit)
526 http cache json-buffer@https://registry.npmmirror.com/json-buffer/-/json-buffer-3.0.1.tgz 0ms (cache hit)
527 http cache jpeg-js@https://registry.npmmirror.com/jpeg-js/-/jpeg-js-0.4.4.tgz 0ms (cache hit)
528 http cache jose@https://registry.npmmirror.com/jose/-/jose-6.2.8.tgz 0ms (cache hit)
529 http cache js-tokens@https://registry.npmmirror.com/js-tokens/-/js-tokens-4.0.0.tgz 0ms (cache hit)
530 http cache js-yaml@https://registry.npmmirror.com/js-yaml/-/js-yaml-4.3.1.tgz 0ms (cache hit)
531 http cache jiti@https://registry.npmmirror.com/jiti/-/jiti-2.7.0.tgz 0ms (cache hit)
532 http cache json-schema-traverse@https://registry.npmmirror.com/json-schema-traverse/-/json-schema-traverse-0.4.1.tgz 0ms (cache hit)
533 http cache iterator.prototype@https://registry.npmmirror.com/iterator.prototype/-/iterator.prototype-1.1.5.tgz 0ms (cache hit)
534 http cache isarray@https://registry.npmmirror.com/isarray/-/isarray-2.0.5.tgz 0ms (cache hit)
535 http cache isexe@https://registry.npmmirror.com/isexe/-/isexe-2.0.0.tgz 0ms (cache hit)
536 http cache is-weakset@https://registry.npmmirror.com/is-weakset/-/is-weakset-2.0.4.tgz 0ms (cache hit)
537 http cache is-weakref@https://registry.npmmirror.com/is-weakref/-/is-weakref-1.1.1.tgz 0ms (cache hit)
538 http cache is-weakmap@https://registry.npmmirror.com/is-weakmap/-/is-weakmap-2.0.2.tgz 0ms (cache hit)
539 http cache is-typed-array@https://registry.npmmirror.com/is-typed-array/-/is-typed-array-1.1.15.tgz 0ms (cache hit)
540 http cache is-symbol@https://registry.npmmirror.com/is-symbol/-/is-symbol-1.1.1.tgz 0ms (cache hit)
541 http cache is-string@https://registry.npmmirror.com/is-string/-/is-string-1.1.1.tgz 0ms (cache hit)
542 http cache is-shared-array-buffer@https://registry.npmmirror.com/is-shared-array-buffer/-/is-shared-array-buffer-1.0.4.tgz 0ms (cache hit)
543 http cache is-set@https://registry.npmmirror.com/is-set/-/is-set-2.0.3.tgz 0ms (cache hit)
544 http cache is-potential-custom-element-name@https://registry.npmmirror.com/is-potential-custom-element-name/-/is-potential-custom-element-name-1.0.1.tgz 0ms (cache hit)
545 http cache is-plain-obj@https://registry.npmmirror.com/is-plain-obj/-/is-plain-obj-4.1.0.tgz 0ms (cache hit)
546 http cache is-number-object@https://registry.npmmirror.com/is-number-object/-/is-number-object-1.1.1.tgz 0ms (cache hit)
547 http cache is-number@https://registry.npmmirror.com/is-number/-/is-number-7.0.0.tgz 0ms (cache hit)
548 http cache is-negative-zero@https://registry.npmmirror.com/is-negative-zero/-/is-negative-zero-2.0.3.tgz 0ms (cache hit)
549 http cache is-map@https://registry.npmmirror.com/is-map/-/is-map-2.0.3.tgz 0ms (cache hit)
550 http cache is-glob@https://registry.npmmirror.com/is-glob/-/is-glob-4.0.3.tgz 0ms (cache hit)
551 http cache is-generator-function@https://registry.npmmirror.com/is-generator-function/-/is-generator-function-1.1.2.tgz 0ms (cache hit)
552 http cache is-finalizationregistry@https://registry.npmmirror.com/is-finalizationregistry/-/is-finalizationregistry-1.1.1.tgz 0ms (cache hit)
553 http cache is-regex@https://registry.npmmirror.com/is-regex/-/is-regex-1.2.1.tgz 0ms (cache hit)
554 http cache is-extglob@https://registry.npmmirror.com/is-extglob/-/is-extglob-2.1.1.tgz 0ms (cache hit)
555 http cache is-document.all@https://registry.npmmirror.com/is-document.all/-/is-document.all-1.0.0.tgz 0ms (cache hit)
556 http cache is-decimal@https://registry.npmmirror.com/is-decimal/-/is-decimal-2.0.1.tgz 0ms (cache hit)
557 http cache is-hexadecimal@https://registry.npmmirror.com/is-hexadecimal/-/is-hexadecimal-2.0.1.tgz 0ms (cache hit)
558 http cache is-data-view@https://registry.npmmirror.com/is-data-view/-/is-data-view-1.0.2.tgz 0ms (cache hit)
559 http cache is-date-object@https://registry.npmmirror.com/is-date-object/-/is-date-object-1.1.0.tgz 0ms (cache hit)
560 http cache is-core-module@https://registry.npmmirror.com/is-core-module/-/is-core-module-2.16.2.tgz 0ms (cache hit)
561 http cache is-callable@https://registry.npmmirror.com/is-callable/-/is-callable-1.2.7.tgz 0ms (cache hit)
562 http cache is-bun-module@https://registry.npmmirror.com/is-bun-module/-/is-bun-module-2.0.0.tgz 0ms (cache hit)
563 http cache is-boolean-object@https://registry.npmmirror.com/is-boolean-object/-/is-boolean-object-1.2.2.tgz 0ms (cache hit)
564 http cache is-async-function@https://registry.npmmirror.com/is-async-function/-/is-async-function-2.1.1.tgz 0ms (cache hit)
565 http cache is-bigint@https://registry.npmmirror.com/is-bigint/-/is-bigint-1.1.0.tgz 0ms (cache hit)
566 http cache is-array-buffer@https://registry.npmmirror.com/is-array-buffer/-/is-array-buffer-3.0.5.tgz 0ms (cache hit)
567 http cache is-alphanumerical@https://registry.npmmirror.com/is-alphanumerical/-/is-alphanumerical-2.0.1.tgz 0ms (cache hit)
568 http cache is-alphabetical@https://registry.npmmirror.com/is-alphabetical/-/is-alphabetical-2.0.1.tgz 0ms (cache hit)
569 http cache internmap@https://registry.npmmirror.com/internmap/-/internmap-2.0.3.tgz 0ms (cache hit)
570 http cache internal-slot@https://registry.npmmirror.com/internal-slot/-/internal-slot-1.1.0.tgz 0ms (cache hit)
571 http cache inline-style-parser@https://registry.npmmirror.com/inline-style-parser/-/inline-style-parser-0.2.7.tgz 0ms (cache hit)
572 http cache ini@https://registry.npmmirror.com/ini/-/ini-1.3.8.tgz 0ms (cache hit)
573 http cache inherits@https://registry.npmmirror.com/inherits/-/inherits-2.0.4.tgz 0ms (cache hit)
574 http cache imurmurhash@https://registry.npmmirror.com/imurmurhash/-/imurmurhash-0.1.4.tgz 0ms (cache hit)
575 http cache import-meta-resolve@https://registry.npmmirror.com/import-meta-resolve/-/import-meta-resolve-4.2.0.tgz 0ms (cache hit)
576 http cache ignore@https://registry.npmmirror.com/ignore/-/ignore-5.3.2.tgz 0ms (cache hit)
577 http cache import-fresh@https://registry.npmmirror.com/import-fresh/-/import-fresh-3.3.1.tgz 0ms (cache hit)
578 http cache iconv-lite@https://registry.npmmirror.com/iconv-lite/-/iconv-lite-0.6.3.tgz 0ms (cache hit)
579 http cache ieee754@https://registry.npmmirror.com/ieee754/-/ieee754-1.2.1.tgz 0ms (cache hit)
580 http cache html-url-attributes@https://registry.npmmirror.com/html-url-attributes/-/html-url-attributes-3.0.1.tgz 0ms (cache hit)
581 http cache html-encoding-sniffer@https://registry.npmmirror.com/html-encoding-sniffer/-/html-encoding-sniffer-6.0.0.tgz 0ms (cache hit)
582 http cache heic-decode@https://registry.npmmirror.com/heic-decode/-/heic-decode-2.1.0.tgz 0ms (cache hit)
583 http cache heic-convert@https://registry.npmmirror.com/heic-convert/-/heic-convert-2.1.0.tgz 0ms (cache hit)
584 http cache hast-util-whitespace@https://registry.npmmirror.com/hast-util-whitespace/-/hast-util-whitespace-3.0.0.tgz 0ms (cache hit)
585 http cache hast-util-to-jsx-runtime@https://registry.npmmirror.com/hast-util-to-jsx-runtime/-/hast-util-to-jsx-runtime-2.3.6.tgz 0ms (cache hit)
586 http cache hasown@https://registry.npmmirror.com/hasown/-/hasown-2.0.4.tgz 0ms (cache hit)
587 http cache has-symbols@https://registry.npmmirror.com/has-symbols/-/has-symbols-1.1.0.tgz 0ms (cache hit)
588 http cache has-tostringtag@https://registry.npmmirror.com/has-tostringtag/-/has-tostringtag-1.0.2.tgz 0ms (cache hit)
589 http cache has-proto@https://registry.npmmirror.com/has-proto/-/has-proto-1.2.0.tgz 0ms (cache hit)
590 http cache has-flag@https://registry.npmmirror.com/has-flag/-/has-flag-4.0.0.tgz 0ms (cache hit)
591 http cache has-property-descriptors@https://registry.npmmirror.com/has-property-descriptors/-/has-property-descriptors-1.0.2.tgz 0ms (cache hit)
592 http cache has-bigints@https://registry.npmmirror.com/has-bigints/-/has-bigints-1.1.0.tgz 0ms (cache hit)
593 http cache hachure-fill@https://registry.npmmirror.com/hachure-fill/-/hachure-fill-0.5.2.tgz 0ms (cache hit)
594 http cache gopd@https://registry.npmmirror.com/gopd/-/gopd-1.2.0.tgz 0ms (cache hit)
595 http cache graceful-fs@https://registry.npmmirror.com/graceful-fs/-/graceful-fs-4.2.11.tgz 0ms (cache hit)
596 http cache globalthis@https://registry.npmmirror.com/globalthis/-/globalthis-1.0.4.tgz 0ms (cache hit)
597 http cache globals@https://registry.npmmirror.com/globals/-/globals-14.0.0.tgz 0ms (cache hit)
598 http cache glob-parent@https://registry.npmmirror.com/glob-parent/-/glob-parent-6.0.2.tgz 0ms (cache hit)
599 http cache github-from-package@https://registry.npmmirror.com/github-from-package/-/github-from-package-0.0.0.tgz 0ms (cache hit)
600 http cache get-symbol-description@https://registry.npmmirror.com/get-symbol-description/-/get-symbol-description-1.1.0.tgz 0ms (cache hit)
601 http cache get-proto@https://registry.npmmirror.com/get-proto/-/get-proto-1.0.1.tgz 0ms (cache hit)
602 http cache get-tsconfig@https://registry.npmmirror.com/get-tsconfig/-/get-tsconfig-4.14.2.tgz 0ms (cache hit)
603 http cache get-intrinsic@https://registry.npmmirror.com/get-intrinsic/-/get-intrinsic-1.3.0.tgz 0ms (cache hit)
604 http cache generator-function@https://registry.npmmirror.com/generator-function/-/generator-function-2.0.1.tgz 0ms (cache hit)
605 http cache functions-have-names@https://registry.npmmirror.com/functions-have-names/-/functions-have-names-1.2.3.tgz 0ms (cache hit)
606 http cache function.prototype.name@https://registry.npmmirror.com/function.prototype.name/-/function.prototype.name-1.2.0.tgz 0ms (cache hit)
607 http cache lightningcss@https://registry.npmmirror.com/lightningcss/-/lightningcss-1.32.0.tgz 0ms (cache hit)
608 http cache fs-constants@https://registry.npmmirror.com/fs-constants/-/fs-constants-1.0.0.tgz 0ms (cache hit)
609 http cache function-bind@https://registry.npmmirror.com/function-bind/-/function-bind-1.1.2.tgz 0ms (cache hit)
610 http cache for-each@https://registry.npmmirror.com/for-each/-/for-each-0.3.5.tgz 0ms (cache hit)
611 http cache flatted@https://registry.npmmirror.com/flatted/-/flatted-3.4.4.tgz 0ms (cache hit)
612 http cache find-up@https://registry.npmmirror.com/find-up/-/find-up-5.0.0.tgz 0ms (cache hit)
613 http cache fill-range@https://registry.npmmirror.com/fill-range/-/fill-range-7.1.1.tgz 0ms (cache hit)
614 http cache file-uri-to-path@https://registry.npmmirror.com/file-uri-to-path/-/file-uri-to-path-1.0.0.tgz 0ms (cache hit)
615 http cache fast-levenshtein@https://registry.npmmirror.com/fast-levenshtein/-/fast-levenshtein-2.0.6.tgz 0ms (cache hit)
616 http cache file-entry-cache@https://registry.npmmirror.com/file-entry-cache/-/file-entry-cache-8.0.0.tgz 0ms (cache hit)
617 http cache fastq@https://registry.npmmirror.com/fastq/-/fastq-1.20.1.tgz 0ms (cache hit)
618 http cache flat-cache@https://registry.npmmirror.com/flat-cache/-/flat-cache-4.0.1.tgz 0ms (cache hit)
619 http cache fast-glob@https://registry.npmmirror.com/fast-glob/-/fast-glob-3.3.1.tgz 0ms (cache hit)
620 http cache fast-deep-equal@https://registry.npmmirror.com/fast-deep-equal/-/fast-deep-equal-3.1.3.tgz 0ms (cache hit)
621 http cache expect-type@https://registry.npmmirror.com/expect-type/-/expect-type-1.4.0.tgz 0ms (cache hit)
622 http cache extend@https://registry.npmmirror.com/extend/-/extend-3.0.2.tgz 0ms (cache hit)
623 http cache expand-template@https://registry.npmmirror.com/expand-template/-/expand-template-2.0.3.tgz 0ms (cache hit)
624 http cache esutils@https://registry.npmmirror.com/esutils/-/esutils-2.0.3.tgz 0ms (cache hit)
625 http cache estree-walker@https://registry.npmmirror.com/estree-walker/-/estree-walker-3.0.3.tgz 0ms (cache hit)
626 http cache estree-util-is-identifier-name@https://registry.npmmirror.com/estree-util-is-identifier-name/-/estree-util-is-identifier-name-3.0.0.tgz 0ms (cache hit)
627 http cache esrecurse@https://registry.npmmirror.com/esrecurse/-/esrecurse-4.3.0.tgz 0ms (cache hit)
628 http cache estraverse@https://registry.npmmirror.com/estraverse/-/estraverse-5.3.0.tgz 0ms (cache hit)
629 http cache esquery@https://registry.npmmirror.com/esquery/-/esquery-1.7.0.tgz 0ms (cache hit)
630 http cache eslint-scope@https://registry.npmmirror.com/eslint-scope/-/eslint-scope-8.4.0.tgz 0ms (cache hit)
631 http cache eslint-visitor-keys@https://registry.npmmirror.com/eslint-visitor-keys/-/eslint-visitor-keys-4.2.1.tgz 0ms (cache hit)
632 http cache eslint-plugin-react-hooks@https://registry.npmmirror.com/eslint-plugin-react-hooks/-/eslint-plugin-react-hooks-5.2.0.tgz 0ms (cache hit)
633 http cache espree@https://registry.npmmirror.com/espree/-/espree-10.4.0.tgz 0ms (cache hit)
634 http cache eslint-plugin-jsx-a11y@https://registry.npmmirror.com/eslint-plugin-jsx-a11y/-/eslint-plugin-jsx-a11y-6.10.2.tgz 0ms (cache hit)
635 http cache eslint-plugin-import@https://registry.npmmirror.com/eslint-plugin-import/-/eslint-plugin-import-2.32.0.tgz 0ms (cache hit)
636 http cache eslint-module-utils@https://registry.npmmirror.com/eslint-module-utils/-/eslint-module-utils-2.14.0.tgz 0ms (cache hit)
637 http cache fast-json-stable-stringify@https://registry.npmmirror.com/fast-json-stable-stringify/-/fast-json-stable-stringify-2.1.0.tgz 0ms (cache hit)
638 http cache eslint-import-resolver-typescript@https://registry.npmmirror.com/eslint-import-resolver-typescript/-/eslint-import-resolver-typescript-3.10.1.tgz 0ms (cache hit)
639 http cache eslint-plugin-react@https://registry.npmmirror.com/eslint-plugin-react/-/eslint-plugin-react-7.37.5.tgz 0ms (cache hit)
640 http cache eslint-import-resolver-node@https://registry.npmmirror.com/eslint-import-resolver-node/-/eslint-import-resolver-node-0.3.10.tgz 0ms (cache hit)
641 http cache eslint@https://registry.npmmirror.com/eslint/-/eslint-9.39.5.tgz 0ms (cache hit)
642 http cache eslint-config-next@https://registry.npmmirror.com/eslint-config-next/-/eslint-config-next-15.5.23.tgz 0ms (cache hit)
643 http cache escape-string-regexp@https://registry.npmmirror.com/escape-string-regexp/-/escape-string-regexp-4.0.0.tgz 0ms (cache hit)
644 http cache es-toolkit@https://registry.npmmirror.com/es-toolkit/-/es-toolkit-1.50.0.tgz 0ms (cache hit)
645 http cache es-shim-unscopables@https://registry.npmmirror.com/es-shim-unscopables/-/es-shim-unscopables-1.1.0.tgz 0ms (cache hit)
646 http cache es-to-primitive@https://registry.npmmirror.com/es-to-primitive/-/es-to-primitive-1.3.4.tgz 0ms (cache hit)
647 http cache es-module-lexer@https://registry.npmmirror.com/es-module-lexer/-/es-module-lexer-2.3.1.tgz 0ms (cache hit)
648 http cache es-object-atoms@https://registry.npmmirror.com/es-object-atoms/-/es-object-atoms-1.1.2.tgz 0ms (cache hit)
649 http cache es-iterator-helpers@https://registry.npmmirror.com/es-iterator-helpers/-/es-iterator-helpers-1.4.0.tgz 0ms (cache hit)
650 http cache es-errors@https://registry.npmmirror.com/es-errors/-/es-errors-1.3.0.tgz 0ms (cache hit)
651 http cache es-define-property@https://registry.npmmirror.com/es-define-property/-/es-define-property-1.0.1.tgz 0ms (cache hit)
652 http cache es-abstract-get@https://registry.npmmirror.com/es-abstract-get/-/es-abstract-get-1.0.0.tgz 0ms (cache hit)
653 http cache es-abstract@https://registry.npmmirror.com/es-abstract/-/es-abstract-1.24.2.tgz 0ms (cache hit)
654 http cache enhanced-resolve@https://registry.npmmirror.com/enhanced-resolve/-/enhanced-resolve-5.24.5.tgz 0ms (cache hit)
655 http cache entities@https://registry.npmmirror.com/entities/-/entities-4.5.0.tgz 0ms (cache hit)
656 http cache dunder-proto@https://registry.npmmirror.com/dunder-proto/-/dunder-proto-1.0.1.tgz 0ms (cache hit)
657 http cache emoji-regex@https://registry.npmmirror.com/emoji-regex/-/emoji-regex-9.2.2.tgz 0ms (cache hit)
658 http cache end-of-stream@https://registry.npmmirror.com/end-of-stream/-/end-of-stream-1.4.5.tgz 0ms (cache hit)
659 http cache drizzle-orm@https://registry.npmmirror.com/drizzle-orm/-/drizzle-orm-0.45.2.tgz 0ms (cache hit)
660 http cache dompurify@https://registry.npmmirror.com/dompurify/-/dompurify-3.4.13.tgz 0ms (cache hit)
661 http cache dom-accessibility-api@https://registry.npmmirror.com/dom-accessibility-api/-/dom-accessibility-api-0.5.16.tgz 0ms (cache hit)
662 http cache devlop@https://registry.npmmirror.com/devlop/-/devlop-1.1.0.tgz 0ms (cache hit)
663 http cache detect-libc@https://registry.npmmirror.com/detect-libc/-/detect-libc-2.1.2.tgz 0ms (cache hit)
664 http cache dequal@https://registry.npmmirror.com/dequal/-/dequal-2.0.3.tgz 0ms (cache hit)
665 http cache delaunator@https://registry.npmmirror.com/delaunator/-/delaunator-5.1.0.tgz 0ms (cache hit)
666 http cache define-properties@https://registry.npmmirror.com/define-properties/-/define-properties-1.2.1.tgz 0ms (cache hit)
667 http cache define-data-property@https://registry.npmmirror.com/define-data-property/-/define-data-property-1.1.4.tgz 0ms (cache hit)
668 http cache deep-is@https://registry.npmmirror.com/deep-is/-/deep-is-0.1.4.tgz 0ms (cache hit)
669 http cache doctrine@https://registry.npmmirror.com/doctrine/-/doctrine-2.1.0.tgz 0ms (cache hit)
670 http cache deep-extend@https://registry.npmmirror.com/deep-extend/-/deep-extend-0.6.0.tgz 0ms (cache hit)
671 http cache decompress-response@https://registry.npmmirror.com/decompress-response/-/decompress-response-6.0.0.tgz 1ms (cache hit)
672 http cache es-set-tostringtag@https://registry.npmmirror.com/es-set-tostringtag/-/es-set-tostringtag-2.1.0.tgz 0ms (cache hit)
673 http cache decode-named-character-reference@https://registry.npmmirror.com/decode-named-character-reference/-/decode-named-character-reference-1.3.0.tgz 0ms (cache hit)
674 http cache decimal.js@https://registry.npmmirror.com/decimal.js/-/decimal.js-10.6.0.tgz 0ms (cache hit)
675 http cache debug@https://registry.npmmirror.com/debug/-/debug-4.4.3.tgz 0ms (cache hit)
676 http cache dayjs@https://registry.npmmirror.com/dayjs/-/dayjs-1.11.21.tgz 0ms (cache hit)
677 http cache data-view-byte-offset@https://registry.npmmirror.com/data-view-byte-offset/-/data-view-byte-offset-1.0.1.tgz 0ms (cache hit)
678 http cache data-view-byte-length@https://registry.npmmirror.com/data-view-byte-length/-/data-view-byte-length-1.0.2.tgz 0ms (cache hit)
679 http cache data-view-buffer@https://registry.npmmirror.com/data-view-buffer/-/data-view-buffer-1.0.2.tgz 0ms (cache hit)
680 http cache data-urls@https://registry.npmmirror.com/data-urls/-/data-urls-7.0.0.tgz 0ms (cache hit)
681 http cache damerau-levenshtein@https://registry.npmmirror.com/damerau-levenshtein/-/damerau-levenshtein-1.0.8.tgz 0ms (cache hit)
682 http cache dagre-d3-es@https://registry.npmmirror.com/dagre-d3-es/-/dagre-d3-es-7.0.14.tgz 0ms (cache hit)
683 http cache d3-zoom@https://registry.npmmirror.com/d3-zoom/-/d3-zoom-3.0.0.tgz 0ms (cache hit)
684 http cache d3-timer@https://registry.npmmirror.com/d3-timer/-/d3-timer-3.0.1.tgz 0ms (cache hit)
685 http cache d3-transition@https://registry.npmmirror.com/d3-transition/-/d3-transition-3.0.1.tgz 0ms (cache hit)
686 http cache d3-time-format@https://registry.npmmirror.com/d3-time-format/-/d3-time-format-4.1.0.tgz 0ms (cache hit)
687 http cache d3-time@https://registry.npmmirror.com/d3-time/-/d3-time-3.1.0.tgz 0ms (cache hit)
688 http cache d3-selection@https://registry.npmmirror.com/d3-selection/-/d3-selection-3.0.0.tgz 0ms (cache hit)
689 http cache d3-shape@https://registry.npmmirror.com/d3-shape/-/d3-shape-3.2.0.tgz 0ms (cache hit)
690 http cache d3-scale-chromatic@https://registry.npmmirror.com/d3-scale-chromatic/-/d3-scale-chromatic-3.1.0.tgz 0ms (cache hit)
691 http cache d3-sankey@https://registry.npmmirror.com/d3-sankey/-/d3-sankey-0.12.3.tgz 0ms (cache hit)
692 http cache d3-scale@https://registry.npmmirror.com/d3-scale/-/d3-scale-4.0.2.tgz 0ms (cache hit)
693 http cache d3-quadtree@https://registry.npmmirror.com/d3-quadtree/-/d3-quadtree-3.0.1.tgz 0ms (cache hit)
694 http cache d3-random@https://registry.npmmirror.com/d3-random/-/d3-random-3.0.1.tgz 0ms (cache hit)
695 http cache d3-polygon@https://registry.npmmirror.com/d3-polygon/-/d3-polygon-3.0.1.tgz 0ms (cache hit)
696 http cache d3-path@https://registry.npmmirror.com/d3-path/-/d3-path-3.1.0.tgz 0ms (cache hit)
697 http cache d3-interpolate@https://registry.npmmirror.com/d3-interpolate/-/d3-interpolate-3.0.1.tgz 0ms (cache hit)
698 http cache d3-hierarchy@https://registry.npmmirror.com/d3-hierarchy/-/d3-hierarchy-3.1.2.tgz 0ms (cache hit)
699 http cache d3-geo@https://registry.npmmirror.com/d3-geo/-/d3-geo-3.1.1.tgz 0ms (cache hit)
700 http cache d3-format@https://registry.npmmirror.com/d3-format/-/d3-format-3.1.2.tgz 0ms (cache hit)
701 http cache d3-force@https://registry.npmmirror.com/d3-force/-/d3-force-3.0.0.tgz 0ms (cache hit)
702 http cache d3-ease@https://registry.npmmirror.com/d3-ease/-/d3-ease-3.0.1.tgz 0ms (cache hit)
703 http cache d3-fetch@https://registry.npmmirror.com/d3-fetch/-/d3-fetch-3.0.1.tgz 0ms (cache hit)
704 http cache d3-drag@https://registry.npmmirror.com/d3-drag/-/d3-drag-3.0.0.tgz 0ms (cache hit)
705 http cache d3-dsv@https://registry.npmmirror.com/d3-dsv/-/d3-dsv-3.0.1.tgz 0ms (cache hit)
706 http cache d3-dispatch@https://registry.npmmirror.com/d3-dispatch/-/d3-dispatch-3.0.1.tgz 0ms (cache hit)
707 http cache d3-delaunay@https://registry.npmmirror.com/d3-delaunay/-/d3-delaunay-6.0.4.tgz 0ms (cache hit)
708 http cache d3-chord@https://registry.npmmirror.com/d3-chord/-/d3-chord-3.0.1.tgz 0ms (cache hit)
709 http cache d3-color@https://registry.npmmirror.com/d3-color/-/d3-color-3.1.0.tgz 0ms (cache hit)
710 http cache d3-contour@https://registry.npmmirror.com/d3-contour/-/d3-contour-4.0.2.tgz 0ms (cache hit)
711 http cache d3-brush@https://registry.npmmirror.com/d3-brush/-/d3-brush-3.0.0.tgz 0ms (cache hit)
712 http cache d3-array@https://registry.npmmirror.com/d3-array/-/d3-array-3.2.4.tgz 0ms (cache hit)
713 http cache cytoscape-fcose@https://registry.npmmirror.com/cytoscape-fcose/-/cytoscape-fcose-2.2.0.tgz 0ms (cache hit)
714 http cache d3-axis@https://registry.npmmirror.com/d3-axis/-/d3-axis-3.0.0.tgz 0ms (cache hit)
715 http cache d3@https://registry.npmmirror.com/d3/-/d3-7.9.0.tgz 0ms (cache hit)
716 http cache cytoscape-cose-bilkent@https://registry.npmmirror.com/cytoscape-cose-bilkent/-/cytoscape-cose-bilkent-4.1.0.tgz 0ms (cache hit)
717 http cache cytoscape@https://registry.npmmirror.com/cytoscape/-/cytoscape-3.34.1.tgz 0ms (cache hit)
718 http cache css-tree@https://registry.npmmirror.com/css-tree/-/css-tree-3.2.1.tgz 0ms (cache hit)
719 http cache csstype@https://registry.npmmirror.com/csstype/-/csstype-3.2.3.tgz 0ms (cache hit)
720 http cache cross-spawn@https://registry.npmmirror.com/cross-spawn/-/cross-spawn-7.0.6.tgz 0ms (cache hit)
721 http cache crelt@https://registry.npmmirror.com/crelt/-/crelt-1.0.7.tgz 0ms (cache hit)
722 http cache cose-base@https://registry.npmmirror.com/cose-base/-/cose-base-1.0.3.tgz 0ms (cache hit)
723 http cache concat-map@https://registry.npmmirror.com/concat-map/-/concat-map-0.0.1.tgz 0ms (cache hit)
724 http cache commander@https://registry.npmmirror.com/commander/-/commander-7.2.0.tgz 0ms (cache hit)
725 http cache comma-separated-tokens@https://registry.npmmirror.com/comma-separated-tokens/-/comma-separated-tokens-2.0.3.tgz 0ms (cache hit)
726 http cache color-name@https://registry.npmmirror.com/color-name/-/color-name-1.1.4.tgz 0ms (cache hit)
727 http cache client-only@https://registry.npmmirror.com/client-only/-/client-only-0.0.1.tgz 0ms (cache hit)
728 http cache color-convert@https://registry.npmmirror.com/color-convert/-/color-convert-2.0.1.tgz 0ms (cache hit)
729 http cache chownr@https://registry.npmmirror.com/chownr/-/chownr-1.1.4.tgz 0ms (cache hit)
730 http cache character-entities-legacy@https://registry.npmmirror.com/character-entities-legacy/-/character-entities-legacy-3.0.0.tgz 0ms (cache hit)
731 http cache character-reference-invalid@https://registry.npmmirror.com/character-reference-invalid/-/character-reference-invalid-2.0.1.tgz 0ms (cache hit)
732 http cache character-entities-html4@https://registry.npmmirror.com/character-entities-html4/-/character-entities-html4-2.1.0.tgz 0ms (cache hit)
733 http cache chalk@https://registry.npmmirror.com/chalk/-/chalk-4.1.2.tgz 0ms (cache hit)
734 http cache character-entities@https://registry.npmmirror.com/character-entities/-/character-entities-2.0.2.tgz 0ms (cache hit)
735 http cache ccount@https://registry.npmmirror.com/ccount/-/ccount-2.0.1.tgz 0ms (cache hit)
736 http cache caniuse-lite@https://registry.npmmirror.com/caniuse-lite/-/caniuse-lite-1.0.30001809.tgz 0ms (cache hit)
737 http cache chai@https://registry.npmmirror.com/chai/-/chai-6.2.2.tgz 0ms (cache hit)
738 http cache callsites@https://registry.npmmirror.com/callsites/-/callsites-3.1.0.tgz 0ms (cache hit)
739 http cache call-bound@https://registry.npmmirror.com/call-bound/-/call-bound-1.0.4.tgz 0ms (cache hit)
740 http cache call-bind-apply-helpers@https://registry.npmmirror.com/call-bind-apply-helpers/-/call-bind-apply-helpers-1.0.2.tgz 0ms (cache hit)
741 http cache call-bind@https://registry.npmmirror.com/call-bind/-/call-bind-1.0.9.tgz 0ms (cache hit)
742 http cache buffer-crc32@https://registry.npmmirror.com/buffer-crc32/-/buffer-crc32-1.0.0.tgz 0ms (cache hit)
743 http cache buffer@https://registry.npmmirror.com/buffer/-/buffer-5.7.1.tgz 0ms (cache hit)
744 http cache braces@https://registry.npmmirror.com/braces/-/braces-3.0.3.tgz 0ms (cache hit)
745 http cache bl@https://registry.npmmirror.com/bl/-/bl-4.1.0.tgz 0ms (cache hit)
746 http cache brace-expansion@https://registry.npmmirror.com/brace-expansion/-/brace-expansion-1.1.18.tgz 0ms (cache hit)
747 http cache bindings@https://registry.npmmirror.com/bindings/-/bindings-1.5.0.tgz 0ms (cache hit)
748 http cache bidi-js@https://registry.npmmirror.com/bidi-js/-/bidi-js-1.0.3.tgz 0ms (cache hit)
749 http cache better-sqlite3@https://registry.npmmirror.com/better-sqlite3/-/better-sqlite3-12.11.1.tgz 0ms (cache hit)
750 http cache convert-source-map@https://registry.npmmirror.com/convert-source-map/-/convert-source-map-2.0.0.tgz 0ms (cache hit)
751 http cache base64-js@https://registry.npmmirror.com/base64-js/-/base64-js-1.5.1.tgz 0ms (cache hit)
752 http cache bail@https://registry.npmmirror.com/bail/-/bail-2.0.2.tgz 0ms (cache hit)
753 http cache balanced-match@https://registry.npmmirror.com/balanced-match/-/balanced-match-1.0.2.tgz 0ms (cache hit)
754 http cache axobject-query@https://registry.npmmirror.com/axobject-query/-/axobject-query-4.1.0.tgz 0ms (cache hit)
755 http cache available-typed-arrays@https://registry.npmmirror.com/available-typed-arrays/-/available-typed-arrays-1.0.7.tgz 0ms (cache hit)
756 http cache axe-core@https://registry.npmmirror.com/axe-core/-/axe-core-4.13.0.tgz 0ms (cache hit)
757 http cache async-function@https://registry.npmmirror.com/async-function/-/async-function-1.0.0.tgz 0ms (cache hit)
758 http cache ast-types-flow@https://registry.npmmirror.com/ast-types-flow/-/ast-types-flow-0.0.8.tgz 0ms (cache hit)
759 http cache assertion-error@https://registry.npmmirror.com/assertion-error/-/assertion-error-2.0.1.tgz 0ms (cache hit)
760 http cache array.prototype.tosorted@https://registry.npmmirror.com/array.prototype.tosorted/-/array.prototype.tosorted-1.1.4.tgz 0ms (cache hit)
761 http cache arraybuffer.prototype.slice@https://registry.npmmirror.com/arraybuffer.prototype.slice/-/arraybuffer.prototype.slice-1.0.4.tgz 0ms (cache hit)
762 http cache array.prototype.findlastindex@https://registry.npmmirror.com/array.prototype.findlastindex/-/array.prototype.findlastindex-1.2.6.tgz 0ms (cache hit)
763 http cache array.prototype.flatmap@https://registry.npmmirror.com/array.prototype.flatmap/-/array.prototype.flatmap-1.3.3.tgz 0ms (cache hit)
764 http cache array.prototype.flat@https://registry.npmmirror.com/array.prototype.flat/-/array.prototype.flat-1.3.3.tgz 0ms (cache hit)
765 http cache array.prototype.findlast@https://registry.npmmirror.com/array.prototype.findlast/-/array.prototype.findlast-1.2.5.tgz 0ms (cache hit)
766 http cache array-includes@https://registry.npmmirror.com/array-includes/-/array-includes-3.1.9.tgz 0ms (cache hit)
767 http cache array-buffer-byte-length@https://registry.npmmirror.com/array-buffer-byte-length/-/array-buffer-byte-length-1.0.2.tgz 0ms (cache hit)
768 http cache aria-query@https://registry.npmmirror.com/aria-query/-/aria-query-5.3.2.tgz 0ms (cache hit)
769 http cache argparse@https://registry.npmmirror.com/argparse/-/argparse-2.0.1.tgz 0ms (cache hit)
770 http cache ansi-styles@https://registry.npmmirror.com/ansi-styles/-/ansi-styles-4.3.0.tgz 0ms (cache hit)
771 http cache ajv@https://registry.npmmirror.com/ajv/-/ajv-6.15.0.tgz 0ms (cache hit)
772 http cache acorn-jsx@https://registry.npmmirror.com/acorn-jsx/-/acorn-jsx-5.3.2.tgz 0ms (cache hit)
773 http cache acorn@https://registry.npmmirror.com/acorn/-/acorn-8.18.0.tgz 0ms (cache hit)
774 http cache @vitest/utils@https://registry.npmmirror.com/@vitest/utils/-/utils-4.1.10.tgz 0ms (cache hit)
775 http cache ansi-regex@https://registry.npmmirror.com/ansi-regex/-/ansi-regex-5.0.1.tgz 0ms (cache hit)
776 http cache @vitest/spy@https://registry.npmmirror.com/@vitest/spy/-/spy-4.1.10.tgz 0ms (cache hit)
777 http cache @vitest/snapshot@https://registry.npmmirror.com/@vitest/snapshot/-/snapshot-4.1.10.tgz 0ms (cache hit)
778 http cache @vitest/runner@https://registry.npmmirror.com/@vitest/runner/-/runner-4.1.10.tgz 0ms (cache hit)
779 http cache @vitest/pretty-format@https://registry.npmmirror.com/@vitest/pretty-format/-/pretty-format-4.1.10.tgz 0ms (cache hit)
780 http cache @vitest/expect@https://registry.npmmirror.com/@vitest/expect/-/expect-4.1.10.tgz 0ms (cache hit)
781 http cache @vitest/mocker@https://registry.npmmirror.com/@vitest/mocker/-/mocker-4.1.10.tgz 0ms (cache hit)
782 http cache @upsetjs/venn.js@https://registry.npmmirror.com/@upsetjs/venn.js/-/venn.js-2.0.0.tgz 0ms (cache hit)
783 http cache @unrs/resolver-binding-linux-x64-musl@https://registry.npmmirror.com/@unrs/resolver-binding-linux-x64-musl/-/resolver-binding-linux-x64-musl-1.12.2.tgz 0ms (cache hit)
784 http cache @unrs/resolver-binding-linux-x64-gnu@https://registry.npmmirror.com/@unrs/resolver-binding-linux-x64-gnu/-/resolver-binding-linux-x64-gnu-1.12.2.tgz 0ms (cache hit)
785 http cache @typescript-eslint/visitor-keys@https://registry.npmmirror.com/@typescript-eslint/visitor-keys/-/visitor-keys-8.67.0.tgz 0ms (cache hit)
786 http cache @typescript-eslint/typescript-estree@https://registry.npmmirror.com/@typescript-eslint/typescript-estree/-/typescript-estree-8.67.0.tgz 0ms (cache hit)
787 http cache @typescript-eslint/utils@https://registry.npmmirror.com/@typescript-eslint/utils/-/utils-8.67.0.tgz 0ms (cache hit)
788 http cache @typescript-eslint/types@https://registry.npmmirror.com/@typescript-eslint/types/-/types-8.67.0.tgz 0ms (cache hit)
789 http cache @typescript-eslint/tsconfig-utils@https://registry.npmmirror.com/@typescript-eslint/tsconfig-utils/-/tsconfig-utils-8.67.0.tgz 0ms (cache hit)
790 http cache @typescript-eslint/type-utils@https://registry.npmmirror.com/@typescript-eslint/type-utils/-/type-utils-8.67.0.tgz 0ms (cache hit)
791 http cache @ungap/structured-clone@https://registry.npmmirror.com/@ungap/structured-clone/-/structured-clone-1.3.3.tgz 0ms (cache hit)
792 http cache @typescript-eslint/scope-manager@https://registry.npmmirror.com/@typescript-eslint/scope-manager/-/scope-manager-8.67.0.tgz 0ms (cache hit)
793 http cache @typescript-eslint/parser@https://registry.npmmirror.com/@typescript-eslint/parser/-/parser-8.67.0.tgz 0ms (cache hit)
794 http cache @typescript-eslint/project-service@https://registry.npmmirror.com/@typescript-eslint/project-service/-/project-service-8.67.0.tgz 0ms (cache hit)
795 http cache @typescript-eslint/eslint-plugin@https://registry.npmmirror.com/@typescript-eslint/eslint-plugin/-/eslint-plugin-8.67.0.tgz 0ms (cache hit)
796 http cache @types/yazl@https://registry.npmmirror.com/@types/yazl/-/yazl-3.3.1.tgz 0ms (cache hit)
797 http cache @types/yauzl@https://registry.npmmirror.com/@types/yauzl/-/yauzl-3.4.0.tgz 0ms (cache hit)
798 http cache @types/use-sync-external-store@https://registry.npmmirror.com/@types/use-sync-external-store/-/use-sync-external-store-0.0.6.tgz 0ms (cache hit)
799 http cache @types/trusted-types@https://registry.npmmirror.com/@types/trusted-types/-/trusted-types-2.0.7.tgz 0ms (cache hit)
800 http cache @types/unist@https://registry.npmmirror.com/@types/unist/-/unist-3.0.3.tgz 0ms (cache hit)
801 http cache @types/react@https://registry.npmmirror.com/@types/react/-/react-19.2.18.tgz 0ms (cache hit)
802 http cache @types/react-dom@https://registry.npmmirror.com/@types/react-dom/-/react-dom-19.2.4.tgz 0ms (cache hit)
803 http cache @types/node@https://registry.npmmirror.com/@types/node/-/node-22.20.1.tgz 0ms (cache hit)
804 http cache @types/ms@https://registry.npmmirror.com/@types/ms/-/ms-2.1.0.tgz 0ms (cache hit)
805 http cache @types/mdurl@https://registry.npmmirror.com/@types/mdurl/-/mdurl-2.0.0.tgz 0ms (cache hit)
806 http cache @types/mdast@https://registry.npmmirror.com/@types/mdast/-/mdast-4.0.4.tgz 0ms (cache hit)
807 http cache @types/markdown-it@https://registry.npmmirror.com/@types/markdown-it/-/markdown-it-14.1.2.tgz 0ms (cache hit)
808 http cache @types/linkify-it@https://registry.npmmirror.com/@types/linkify-it/-/linkify-it-5.0.0.tgz 0ms (cache hit)
809 http cache @types/json5@https://registry.npmmirror.com/@types/json5/-/json5-0.0.29.tgz 0ms (cache hit)
810 http cache @types/json-schema@https://registry.npmmirror.com/@types/json-schema/-/json-schema-7.0.15.tgz 0ms (cache hit)
811 http cache @types/hast@https://registry.npmmirror.com/@types/hast/-/hast-3.0.5.tgz 0ms (cache hit)
812 http cache @types/geojson@https://registry.npmmirror.com/@types/geojson/-/geojson-7946.0.16.tgz 0ms (cache hit)
813 http cache @types/estree-jsx@https://registry.npmmirror.com/@types/estree-jsx/-/estree-jsx-1.0.5.tgz 0ms (cache hit)
814 http cache @types/estree@https://registry.npmmirror.com/@types/estree/-/estree-1.0.9.tgz 0ms (cache hit)
815 http cache @types/deep-eql@https://registry.npmmirror.com/@types/deep-eql/-/deep-eql-4.0.2.tgz 0ms (cache hit)
816 http cache @types/debug@https://registry.npmmirror.com/@types/debug/-/debug-4.1.13.tgz 0ms (cache hit)
817 http cache @types/d3-zoom@https://registry.npmmirror.com/@types/d3-zoom/-/d3-zoom-3.0.8.tgz 0ms (cache hit)
818 http cache @types/d3-transition@https://registry.npmmirror.com/@types/d3-transition/-/d3-transition-3.0.9.tgz 0ms (cache hit)
819 http cache @types/d3-timer@https://registry.npmmirror.com/@types/d3-timer/-/d3-timer-3.0.2.tgz 0ms (cache hit)
820 http cache @types/d3-time@https://registry.npmmirror.com/@types/d3-time/-/d3-time-3.0.4.tgz 0ms (cache hit)
821 http cache @types/d3-time-format@https://registry.npmmirror.com/@types/d3-time-format/-/d3-time-format-4.0.3.tgz 0ms (cache hit)
822 http cache @types/d3-shape@https://registry.npmmirror.com/@types/d3-shape/-/d3-shape-3.1.8.tgz 0ms (cache hit)
823 http cache @types/d3-selection@https://registry.npmmirror.com/@types/d3-selection/-/d3-selection-3.0.11.tgz 0ms (cache hit)
824 http cache @types/d3-scale-chromatic@https://registry.npmmirror.com/@types/d3-scale-chromatic/-/d3-scale-chromatic-3.1.0.tgz 0ms (cache hit)
825 http cache @types/d3-random@https://registry.npmmirror.com/@types/d3-random/-/d3-random-3.0.4.tgz 0ms (cache hit)
826 http cache @types/d3-quadtree@https://registry.npmmirror.com/@types/d3-quadtree/-/d3-quadtree-3.0.6.tgz 0ms (cache hit)
827 http cache @types/d3-polygon@https://registry.npmmirror.com/@types/d3-polygon/-/d3-polygon-3.0.2.tgz 0ms (cache hit)
828 http cache @types/d3-path@https://registry.npmmirror.com/@types/d3-path/-/d3-path-3.1.1.tgz 0ms (cache hit)
829 http cache @types/d3-interpolate@https://registry.npmmirror.com/@types/d3-interpolate/-/d3-interpolate-3.0.4.tgz 0ms (cache hit)
830 http cache @types/d3-hierarchy@https://registry.npmmirror.com/@types/d3-hierarchy/-/d3-hierarchy-3.1.7.tgz 0ms (cache hit)
831 http cache @types/d3-geo@https://registry.npmmirror.com/@types/d3-geo/-/d3-geo-3.1.1.tgz 0ms (cache hit)
832 http cache @types/d3-format@https://registry.npmmirror.com/@types/d3-format/-/d3-format-3.0.4.tgz 0ms (cache hit)
833 http cache @types/d3-force@https://registry.npmmirror.com/@types/d3-force/-/d3-force-3.0.10.tgz 0ms (cache hit)
834 http cache @types/d3-scale@https://registry.npmmirror.com/@types/d3-scale/-/d3-scale-4.0.9.tgz 0ms (cache hit)
835 http cache @types/d3-fetch@https://registry.npmmirror.com/@types/d3-fetch/-/d3-fetch-3.0.7.tgz 0ms (cache hit)
836 http cache @types/d3-ease@https://registry.npmmirror.com/@types/d3-ease/-/d3-ease-3.0.2.tgz 0ms (cache hit)
837 http cache @types/d3-dsv@https://registry.npmmirror.com/@types/d3-dsv/-/d3-dsv-3.0.7.tgz 0ms (cache hit)
838 http cache @types/d3-dispatch@https://registry.npmmirror.com/@types/d3-dispatch/-/d3-dispatch-3.0.7.tgz 0ms (cache hit)
839 http cache @types/d3-contour@https://registry.npmmirror.com/@types/d3-contour/-/d3-contour-3.0.6.tgz 0ms (cache hit)
840 http cache @types/d3-color@https://registry.npmmirror.com/@types/d3-color/-/d3-color-3.1.3.tgz 0ms (cache hit)
841 http cache @types/d3-delaunay@https://registry.npmmirror.com/@types/d3-delaunay/-/d3-delaunay-6.0.4.tgz 0ms (cache hit)
842 http cache @types/d3-brush@https://registry.npmmirror.com/@types/d3-brush/-/d3-brush-3.0.6.tgz 0ms (cache hit)
843 http cache @types/d3-chord@https://registry.npmmirror.com/@types/d3-chord/-/d3-chord-3.0.6.tgz 0ms (cache hit)
844 http cache @types/d3-axis@https://registry.npmmirror.com/@types/d3-axis/-/d3-axis-3.0.6.tgz 0ms (cache hit)
845 http cache @types/d3-array@https://registry.npmmirror.com/@types/d3-array/-/d3-array-3.2.2.tgz 0ms (cache hit)
846 http cache @types/chai@https://registry.npmmirror.com/@types/chai/-/chai-5.2.3.tgz 0ms (cache hit)
847 http cache @types/d3@https://registry.npmmirror.com/@types/d3/-/d3-7.4.3.tgz 0ms (cache hit)
848 http cache @types/aria-query@https://registry.npmmirror.com/@types/aria-query/-/aria-query-5.0.4.tgz 0ms (cache hit)
849 http cache @types/better-sqlite3@https://registry.npmmirror.com/@types/better-sqlite3/-/better-sqlite3-7.6.13.tgz 0ms (cache hit)
850 http cache @tiptap/starter-kit@https://registry.npmmirror.com/@tiptap/starter-kit/-/starter-kit-2.27.2.tgz 0ms (cache hit)
851 http cache @tybys/wasm-util@https://registry.npmmirror.com/@tybys/wasm-util/-/wasm-util-0.10.3.tgz 0ms (cache hit)
852 http cache @tiptap/pm@https://registry.npmmirror.com/@tiptap/pm/-/pm-2.27.2.tgz 0ms (cache hit)
853 http cache @tiptap/react@https://registry.npmmirror.com/@tiptap/react/-/react-2.27.2.tgz 0ms (cache hit)
854 http cache @tiptap/extension-text-style@https://registry.npmmirror.com/@tiptap/extension-text-style/-/extension-text-style-2.27.2.tgz 0ms (cache hit)
855 http cache @tiptap/extension-text@https://registry.npmmirror.com/@tiptap/extension-text/-/extension-text-2.27.2.tgz 0ms (cache hit)
856 http cache @tiptap/extension-table-row@https://registry.npmmirror.com/@tiptap/extension-table-row/-/extension-table-row-2.27.2.tgz 0ms (cache hit)
857 http cache @tiptap/extension-table-header@https://registry.npmmirror.com/@tiptap/extension-table-header/-/extension-table-header-2.27.2.tgz 0ms (cache hit)
858 http cache @tiptap/extension-table-cell@https://registry.npmmirror.com/@tiptap/extension-table-cell/-/extension-table-cell-2.27.2.tgz 0ms (cache hit)
859 http cache @tiptap/extension-table@https://registry.npmmirror.com/@tiptap/extension-table/-/extension-table-2.27.2.tgz 0ms (cache hit)
860 http cache @tiptap/extension-strike@https://registry.npmmirror.com/@tiptap/extension-strike/-/extension-strike-2.27.2.tgz 0ms (cache hit)
861 http cache @tiptap/extension-placeholder@https://registry.npmmirror.com/@tiptap/extension-placeholder/-/extension-placeholder-2.27.2.tgz 0ms (cache hit)
862 http cache @tiptap/extension-paragraph@https://registry.npmmirror.com/@tiptap/extension-paragraph/-/extension-paragraph-2.27.2.tgz 0ms (cache hit)
863 http cache @tiptap/extension-ordered-list@https://registry.npmmirror.com/@tiptap/extension-ordered-list/-/extension-ordered-list-2.27.2.tgz 0ms (cache hit)
864 http cache @tiptap/extension-list-item@https://registry.npmmirror.com/@tiptap/extension-list-item/-/extension-list-item-2.27.2.tgz 0ms (cache hit)
865 http cache @tiptap/extension-link@https://registry.npmmirror.com/@tiptap/extension-link/-/extension-link-2.27.2.tgz 0ms (cache hit)
866 http cache @tiptap/extension-italic@https://registry.npmmirror.com/@tiptap/extension-italic/-/extension-italic-2.27.2.tgz 0ms (cache hit)
867 http cache @tiptap/extension-image@https://registry.npmmirror.com/@tiptap/extension-image/-/extension-image-2.27.2.tgz 0ms (cache hit)
868 http cache @tiptap/extension-horizontal-rule@https://registry.npmmirror.com/@tiptap/extension-horizontal-rule/-/extension-horizontal-rule-2.27.2.tgz 0ms (cache hit)
869 http cache @types/d3-drag@https://registry.npmmirror.com/@types/d3-drag/-/d3-drag-3.0.7.tgz 0ms (cache hit)
870 http cache @tiptap/extension-heading@https://registry.npmmirror.com/@tiptap/extension-heading/-/extension-heading-2.27.2.tgz 0ms (cache hit)
871 http cache @tiptap/extension-hard-break@https://registry.npmmirror.com/@tiptap/extension-hard-break/-/extension-hard-break-2.27.2.tgz 0ms (cache hit)
872 http cache @tiptap/extension-history@https://registry.npmmirror.com/@tiptap/extension-history/-/extension-history-2.27.2.tgz 0ms (cache hit)
873 http cache @tiptap/extension-gapcursor@https://registry.npmmirror.com/@tiptap/extension-gapcursor/-/extension-gapcursor-2.27.2.tgz 0ms (cache hit)
874 http cache @tiptap/extension-floating-menu@https://registry.npmmirror.com/@tiptap/extension-floating-menu/-/extension-floating-menu-2.27.2.tgz 0ms (cache hit)
875 http cache @tiptap/extension-document@https://registry.npmmirror.com/@tiptap/extension-document/-/extension-document-2.27.2.tgz 0ms (cache hit)
876 http cache @tiptap/extension-dropcursor@https://registry.npmmirror.com/@tiptap/extension-dropcursor/-/extension-dropcursor-2.27.2.tgz 0ms (cache hit)
877 http cache @tiptap/extension-code-block@https://registry.npmmirror.com/@tiptap/extension-code-block/-/extension-code-block-2.27.2.tgz 0ms (cache hit)
878 http cache @tiptap/extension-code@https://registry.npmmirror.com/@tiptap/extension-code/-/extension-code-2.27.2.tgz 0ms (cache hit)
879 http cache @tiptap/extension-bullet-list@https://registry.npmmirror.com/@tiptap/extension-bullet-list/-/extension-bullet-list-2.27.2.tgz 0ms (cache hit)
880 http cache @tiptap/extension-bubble-menu@https://registry.npmmirror.com/@tiptap/extension-bubble-menu/-/extension-bubble-menu-2.27.2.tgz 0ms (cache hit)
881 http cache @tiptap/extension-blockquote@https://registry.npmmirror.com/@tiptap/extension-blockquote/-/extension-blockquote-2.27.2.tgz 0ms (cache hit)
882 http cache @tiptap/extension-bold@https://registry.npmmirror.com/@tiptap/extension-bold/-/extension-bold-2.27.2.tgz 0ms (cache hit)
883 http cache @tiptap/core@https://registry.npmmirror.com/@tiptap/core/-/core-2.27.2.tgz 0ms (cache hit)
884 http cache @testing-library/react@https://registry.npmmirror.com/@testing-library/react/-/react-16.3.2.tgz 0ms (cache hit)
885 http cache @testing-library/dom@https://registry.npmmirror.com/@testing-library/dom/-/dom-10.4.1.tgz 0ms (cache hit)
886 http cache @tailwindcss/postcss@https://registry.npmmirror.com/@tailwindcss/postcss/-/postcss-4.3.3.tgz 0ms (cache hit)
887 http cache @tailwindcss/oxide-linux-x64-gnu@https://registry.npmmirror.com/@tailwindcss/oxide-linux-x64-gnu/-/oxide-linux-x64-gnu-4.3.3.tgz 0ms (cache hit)
888 http cache @tailwindcss/oxide-linux-x64-musl@https://registry.npmmirror.com/@tailwindcss/oxide-linux-x64-musl/-/oxide-linux-x64-musl-4.3.3.tgz 0ms (cache hit)
889 http cache @tailwindcss/oxide@https://registry.npmmirror.com/@tailwindcss/oxide/-/oxide-4.3.3.tgz 0ms (cache hit)
890 http cache @tailwindcss/node@https://registry.npmmirror.com/@tailwindcss/node/-/node-4.3.3.tgz 0ms (cache hit)
891 http cache @swc/helpers@https://registry.npmmirror.com/@swc/helpers/-/helpers-0.5.15.tgz 0ms (cache hit)
892 http cache @standard-schema/spec@https://registry.npmmirror.com/@standard-schema/spec/-/spec-1.1.0.tgz 0ms (cache hit)
893 http cache @rushstack/eslint-patch@https://registry.npmmirror.com/@rushstack/eslint-patch/-/eslint-patch-1.16.1.tgz 0ms (cache hit)
894 http cache @rtsao/scc@https://registry.npmmirror.com/@rtsao/scc/-/scc-1.1.0.tgz 0ms (cache hit)
895 http cache @rolldown/pluginutils@https://registry.npmmirror.com/@rolldown/pluginutils/-/pluginutils-1.0.1.tgz 0ms (cache hit)
896 http cache @rolldown/binding-linux-x64-gnu@https://registry.npmmirror.com/@rolldown/binding-linux-x64-gnu/-/binding-linux-x64-gnu-1.2.4.tgz 0ms (cache hit)
897 http cache @rolldown/binding-linux-x64-musl@https://registry.npmmirror.com/@rolldown/binding-linux-x64-musl/-/binding-linux-x64-musl-1.2.4.tgz 0ms (cache hit)
898 http cache @remirror/core-constants@https://registry.npmmirror.com/@remirror/core-constants/-/core-constants-3.0.0.tgz 0ms (cache hit)
899 http cache @popperjs/core@https://registry.npmmirror.com/@popperjs/core/-/core-2.11.8.tgz 0ms (cache hit)
900 http cache @paralleldrive/cuid2@https://registry.npmmirror.com/@paralleldrive/cuid2/-/cuid2-2.3.1.tgz 0ms (cache hit)
901 http cache @oxc-project/types@https://registry.npmmirror.com/@oxc-project/types/-/types-0.144.0.tgz 0ms (cache hit)
902 http cache @nodelib/fs.walk@https://registry.npmmirror.com/@nodelib/fs.walk/-/fs.walk-1.2.8.tgz 0ms (cache hit)
903 http cache @nodelib/fs.stat@https://registry.npmmirror.com/@nodelib/fs.stat/-/fs.stat-2.0.5.tgz 0ms (cache hit)
904 http cache @nodelib/fs.scandir@https://registry.npmmirror.com/@nodelib/fs.scandir/-/fs.scandir-2.1.5.tgz 0ms (cache hit)
905 http cache @nolyfill/is-core-module@https://registry.npmmirror.com/@nolyfill/is-core-module/-/is-core-module-1.0.39.tgz 0ms (cache hit)
906 http cache @node-rs/jieba-linux-x64-gnu@https://registry.npmmirror.com/@node-rs/jieba-linux-x64-gnu/-/jieba-linux-x64-gnu-2.0.1.tgz 0ms (cache hit)
907 http cache @node-rs/jieba-linux-x64-musl@https://registry.npmmirror.com/@node-rs/jieba-linux-x64-musl/-/jieba-linux-x64-musl-2.0.1.tgz 0ms (cache hit)
908 http cache @node-rs/jieba@https://registry.npmmirror.com/@node-rs/jieba/-/jieba-2.0.1.tgz 0ms (cache hit)
909 http cache @noble/hashes@https://registry.npmmirror.com/@noble/hashes/-/hashes-1.8.0.tgz 0ms (cache hit)
910 http cache @next/swc-linux-x64-musl@https://registry.npmmirror.com/@next/swc-linux-x64-musl/-/swc-linux-x64-musl-15.5.23.tgz 0ms (cache hit)
911 http cache @next/eslint-plugin-next@https://registry.npmmirror.com/@next/eslint-plugin-next/-/eslint-plugin-next-15.5.23.tgz 0ms (cache hit)
912 http cache @mermaid-js/parser@https://registry.npmmirror.com/@mermaid-js/parser/-/parser-1.2.0.tgz 0ms (cache hit)
913 http cache @jridgewell/trace-mapping@https://registry.npmmirror.com/@jridgewell/trace-mapping/-/trace-mapping-0.3.31.tgz 0ms (cache hit)
914 http cache @next/swc-linux-x64-gnu@https://registry.npmmirror.com/@next/swc-linux-x64-gnu/-/swc-linux-x64-gnu-15.5.23.tgz 0ms (cache hit)
915 http cache @napi-rs/wasm-runtime@https://registry.npmmirror.com/@napi-rs/wasm-runtime/-/wasm-runtime-0.2.12.tgz 0ms (cache hit)
916 http cache @jridgewell/sourcemap-codec@https://registry.npmmirror.com/@jridgewell/sourcemap-codec/-/sourcemap-codec-1.5.5.tgz 0ms (cache hit)
917 http cache @jridgewell/remapping@https://registry.npmmirror.com/@jridgewell/remapping/-/remapping-2.3.5.tgz 0ms (cache hit)
918 http cache @jridgewell/resolve-uri@https://registry.npmmirror.com/@jridgewell/resolve-uri/-/resolve-uri-3.1.2.tgz 1ms (cache hit)
919 http cache @jridgewell/gen-mapping@https://registry.npmmirror.com/@jridgewell/gen-mapping/-/gen-mapping-0.3.13.tgz 0ms (cache hit)
920 http cache @img/sharp-wasm32@https://registry.npmmirror.com/@img/sharp-wasm32/-/sharp-wasm32-0.35.3.tgz 0ms (cache hit)
921 http cache @img/sharp-linux-x64@https://registry.npmmirror.com/@img/sharp-linux-x64/-/sharp-linux-x64-0.35.3.tgz 0ms (cache hit)
922 http cache @img/sharp-libvips-linuxmusl-x64@https://registry.npmmirror.com/@img/sharp-libvips-linuxmusl-x64/-/sharp-libvips-linuxmusl-x64-1.3.2.tgz 0ms (cache hit)
923 http cache @img/sharp-libvips-linux-x64@https://registry.npmmirror.com/@img/sharp-libvips-linux-x64/-/sharp-libvips-linux-x64-1.3.2.tgz 0ms (cache hit)
924 http cache @img/sharp-linuxmusl-x64@https://registry.npmmirror.com/@img/sharp-linuxmusl-x64/-/sharp-linuxmusl-x64-0.35.3.tgz 0ms (cache hit)
925 http cache @next/env@https://registry.npmmirror.com/@next/env/-/env-15.5.23.tgz 0ms (cache hit)
926 http cache @img/colour@https://registry.npmmirror.com/@img/colour/-/colour-1.1.0.tgz 0ms (cache hit)
927 http cache @iconify/types@https://registry.npmmirror.com/@iconify/types/-/types-2.0.0.tgz 0ms (cache hit)
928 http cache @iconify/utils@https://registry.npmmirror.com/@iconify/utils/-/utils-3.1.4.tgz 0ms (cache hit)
929 http cache @humanwhocodes/retry@https://registry.npmmirror.com/@humanwhocodes/retry/-/retry-0.4.3.tgz 0ms (cache hit)
930 http cache @humanwhocodes/module-importer@https://registry.npmmirror.com/@humanwhocodes/module-importer/-/module-importer-1.0.1.tgz 0ms (cache hit)
931 http cache @humanfs/types@https://registry.npmmirror.com/@humanfs/types/-/types-0.15.0.tgz 0ms (cache hit)
932 http cache @humanfs/node@https://registry.npmmirror.com/@humanfs/node/-/node-0.16.8.tgz 0ms (cache hit)
933 http cache @humanfs/core@https://registry.npmmirror.com/@humanfs/core/-/core-0.19.2.tgz 0ms (cache hit)
934 http cache @fontsource/instrument-serif@https://registry.npmmirror.com/@fontsource/instrument-serif/-/instrument-serif-5.3.0.tgz 0ms (cache hit)
935 http cache @fontsource-variable/noto-serif-sc@https://registry.npmmirror.com/@fontsource-variable/noto-serif-sc/-/noto-serif-sc-5.3.0.tgz 0ms (cache hit)
936 http cache @fontsource-variable/noto-sans-sc@https://registry.npmmirror.com/@fontsource-variable/noto-sans-sc/-/noto-sans-sc-5.3.0.tgz 0ms (cache hit)
937 http cache @fontsource-variable/inter@https://registry.npmmirror.com/@fontsource-variable/inter/-/inter-5.3.0.tgz 0ms (cache hit)
938 http cache @fontsource-variable/jetbrains-mono@https://registry.npmmirror.com/@fontsource-variable/jetbrains-mono/-/jetbrains-mono-5.3.0.tgz 0ms (cache hit)
939 http cache @exodus/bytes@https://registry.npmmirror.com/@exodus/bytes/-/bytes-1.15.1.tgz 0ms (cache hit)
940 http cache @eslint/object-schema@https://registry.npmmirror.com/@eslint/object-schema/-/object-schema-2.1.7.tgz 0ms (cache hit)
941 http cache @eslint/plugin-kit@https://registry.npmmirror.com/@eslint/plugin-kit/-/plugin-kit-0.4.1.tgz 0ms (cache hit)
942 http cache @eslint/js@https://registry.npmmirror.com/@eslint/js/-/js-9.39.5.tgz 0ms (cache hit)
943 http cache @eslint/eslintrc@https://registry.npmmirror.com/@eslint/eslintrc/-/eslintrc-3.3.6.tgz 0ms (cache hit)
944 http cache @eslint/core@https://registry.npmmirror.com/@eslint/core/-/core-0.17.0.tgz 0ms (cache hit)
945 http cache @eslint/config-helpers@https://registry.npmmirror.com/@eslint/config-helpers/-/config-helpers-0.4.2.tgz 0ms (cache hit)
946 http cache @eslint/config-array@https://registry.npmmirror.com/@eslint/config-array/-/config-array-0.21.2.tgz 0ms (cache hit)
947 http cache @eslint-community/eslint-utils@https://registry.npmmirror.com/@eslint-community/eslint-utils/-/eslint-utils-4.10.1.tgz 0ms (cache hit)
948 http cache @eslint-community/regexpp@https://registry.npmmirror.com/@eslint-community/regexpp/-/regexpp-4.12.2.tgz 0ms (cache hit)
949 http cache @emnapi/wasi-threads@https://registry.npmmirror.com/@emnapi/wasi-threads/-/wasi-threads-1.2.3.tgz 0ms (cache hit)
950 http cache @emnapi/core@https://registry.npmmirror.com/@emnapi/core/-/core-1.11.3.tgz 0ms (cache hit)
951 http cache @emnapi/runtime@https://registry.npmmirror.com/@emnapi/runtime/-/runtime-1.11.3.tgz 0ms (cache hit)
952 http cache @csstools/css-tokenizer@https://registry.npmmirror.com/@csstools/css-tokenizer/-/css-tokenizer-4.0.0.tgz 0ms (cache hit)
953 http cache @csstools/css-syntax-patches-for-csstree@https://registry.npmmirror.com/@csstools/css-syntax-patches-for-csstree/-/css-syntax-patches-for-csstree-1.1.8.tgz 0ms (cache hit)
954 http cache @csstools/css-parser-algorithms@https://registry.npmmirror.com/@csstools/css-parser-algorithms/-/css-parser-algorithms-4.0.0.tgz 0ms (cache hit)
955 http cache @chevrotain/types@https://registry.npmmirror.com/@chevrotain/types/-/types-11.1.2.tgz 0ms (cache hit)
956 http cache @bramus/specificity@https://registry.npmmirror.com/@bramus/specificity/-/specificity-2.4.2.tgz 0ms (cache hit)
957 http cache @braintree/sanitize-url@https://registry.npmmirror.com/@braintree/sanitize-url/-/sanitize-url-7.1.2.tgz 0ms (cache hit)
958 http cache @babel/runtime@https://registry.npmmirror.com/@babel/runtime/-/runtime-7.29.7.tgz 0ms (cache hit)
959 http cache @csstools/css-calc@https://registry.npmmirror.com/@csstools/css-calc/-/css-calc-3.3.0.tgz 0ms (cache hit)
960 http cache @babel/code-frame@https://registry.npmmirror.com/@babel/code-frame/-/code-frame-7.29.7.tgz 0ms (cache hit)
961 http cache @asamuzakjp/generational-cache@https://registry.npmmirror.com/@asamuzakjp/generational-cache/-/generational-cache-1.0.1.tgz 0ms (cache hit)
962 http cache @asamuzakjp/nwsapi@https://registry.npmmirror.com/@asamuzakjp/nwsapi/-/nwsapi-2.3.9.tgz 0ms (cache hit)
963 http cache @asamuzakjp/dom-selector@https://registry.npmmirror.com/@asamuzakjp/dom-selector/-/dom-selector-7.1.1.tgz 0ms (cache hit)
964 http cache @asamuzakjp/css-color@https://registry.npmmirror.com/@asamuzakjp/css-color/-/css-color-5.1.11.tgz 0ms (cache hit)
965 http cache @csstools/css-color-parser@https://registry.npmmirror.com/@csstools/css-color-parser/-/css-color-parser-4.2.0.tgz 0ms (cache hit)
966 http cache @alloc/quick-lru@https://registry.npmmirror.com/@alloc/quick-lru/-/quick-lru-5.2.0.tgz 0ms (cache hit)
967 http cache @antfu/install-pkg@https://registry.npmmirror.com/@antfu/install-pkg/-/install-pkg-1.1.0.tgz 0ms (cache hit)
968 http cache lightningcss-linux-x64-musl@https://registry.npmmirror.com/lightningcss-linux-x64-musl/-/lightningcss-linux-x64-musl-1.33.0.tgz 0ms (cache hit)
969 http cache lightningcss-linux-x64-gnu@https://registry.npmmirror.com/lightningcss-linux-x64-gnu/-/lightningcss-linux-x64-gnu-1.33.0.tgz 0ms (cache hit)
970 http cache lightningcss@https://registry.npmmirror.com/lightningcss/-/lightningcss-1.33.0.tgz 0ms (cache hit)
971 http cache @types/mdurl@https://registry.npmmirror.com/@types/mdurl/-/mdurl-1.0.5.tgz 0ms (cache hit)
972 http cache picomatch@https://registry.npmmirror.com/picomatch/-/picomatch-4.0.5.tgz 0ms (cache hit)
973 http cache picomatch@https://registry.npmmirror.com/picomatch/-/picomatch-4.0.5.tgz 0ms (cache hit)
974 http cache @types/markdown-it@https://registry.npmmirror.com/@types/markdown-it/-/markdown-it-13.0.9.tgz 0ms (cache hit)
975 http cache @types/linkify-it@https://registry.npmmirror.com/@types/linkify-it/-/linkify-it-3.0.5.tgz 0ms (cache hit)
976 http cache picomatch@https://registry.npmmirror.com/picomatch/-/picomatch-4.0.5.tgz 0ms (cache hit)
977 http cache fdir@https://registry.npmmirror.com/fdir/-/fdir-6.5.0.tgz 0ms (cache hit)
978 http cache @csstools/color-helpers@https://registry.npmmirror.com/@csstools/color-helpers/-/color-helpers-6.1.1.tgz 0ms (cache hit)
979 http cache react-is@https://registry.npmmirror.com/react-is/-/react-is-17.0.2.tgz 0ms (cache hit)
980 http cache ansi-styles@https://registry.npmmirror.com/ansi-styles/-/ansi-styles-5.2.0.tgz 0ms (cache hit)
981 http cache entities@https://registry.npmmirror.com/entities/-/entities-8.0.0.tgz 0ms (cache hit)
982 http cache semver@https://registry.npmmirror.com/semver/-/semver-6.3.1.tgz 0ms (cache hit)
983 http cache @types/unist@https://registry.npmmirror.com/@types/unist/-/unist-2.0.11.tgz 0ms (cache hit)
984 http cache escape-string-regexp@https://registry.npmmirror.com/escape-string-regexp/-/escape-string-regexp-5.0.0.tgz 0ms (cache hit)
985 http cache commander@https://registry.npmmirror.com/commander/-/commander-8.3.0.tgz 0ms (cache hit)
986 http cache semver@https://registry.npmmirror.com/semver/-/semver-6.3.1.tgz 0ms (cache hit)
987 http cache glob-parent@https://registry.npmmirror.com/glob-parent/-/glob-parent-5.1.2.tgz 0ms (cache hit)
988 http cache debug@https://registry.npmmirror.com/debug/-/debug-3.2.7.tgz 0ms (cache hit)
989 http cache semver@https://registry.npmmirror.com/semver/-/semver-6.3.1.tgz 0ms (cache hit)
990 http cache debug@https://registry.npmmirror.com/debug/-/debug-3.2.7.tgz 0ms (cache hit)
991 http cache debug@https://registry.npmmirror.com/debug/-/debug-3.2.7.tgz 0ms (cache hit)
992 http cache internmap@https://registry.npmmirror.com/internmap/-/internmap-1.0.1.tgz 0ms (cache hit)
993 http cache d3-array@https://registry.npmmirror.com/d3-array/-/d3-array-2.12.1.tgz 0ms (cache hit)
994 http cache d3-shape@https://registry.npmmirror.com/d3-shape/-/d3-shape-1.3.7.tgz 0ms (cache hit)
995 http cache layout-base@https://registry.npmmirror.com/layout-base/-/layout-base-2.0.1.tgz 0ms (cache hit)
996 http cache cose-base@https://registry.npmmirror.com/cose-base/-/cose-base-2.2.0.tgz 0ms (cache hit)
997 http cache @napi-rs/wasm-runtime@https://registry.npmmirror.com/@napi-rs/wasm-runtime/-/wasm-runtime-1.2.3.tgz 0ms (cache hit)
998 http cache @emnapi/wasi-threads@https://registry.npmmirror.com/@emnapi/wasi-threads/-/wasi-threads-1.2.1.tgz 0ms (cache hit)
999 http cache @emnapi/runtime@https://registry.npmmirror.com/@emnapi/runtime/-/runtime-1.10.0.tgz 0ms (cache hit)
1000 http cache @emnapi/core@https://registry.npmmirror.com/@emnapi/core/-/core-1.10.0.tgz 0ms (cache hit)
1001 http cache d3-path@https://registry.npmmirror.com/d3-path/-/d3-path-1.0.9.tgz 0ms (cache hit)
1002 http cache @babel/helper-validator-identifier@https://registry.npmmirror.com/@babel/helper-validator-identifier/-/helper-validator-identifier-7.29.7.tgz 0ms (cache hit)
1003 http cache minimatch@https://registry.npmmirror.com/minimatch/-/minimatch-10.2.6.tgz 0ms (cache hit)
1004 http cache eslint-visitor-keys@https://registry.npmmirror.com/eslint-visitor-keys/-/eslint-visitor-keys-5.0.1.tgz 0ms (cache hit)
1005 http cache brace-expansion@https://registry.npmmirror.com/brace-expansion/-/brace-expansion-5.0.9.tgz 0ms (cache hit)
1006 http cache balanced-match@https://registry.npmmirror.com/balanced-match/-/balanced-match-4.0.4.tgz 0ms (cache hit)
1007 http cache aria-query@https://registry.npmmirror.com/aria-query/-/aria-query-5.3.0.tgz 0ms (cache hit)
1008 http cache eslint-visitor-keys@https://registry.npmmirror.com/eslint-visitor-keys/-/eslint-visitor-keys-3.4.3.tgz 0ms (cache hit)
1009 http cache strip-json-comments@https://registry.npmmirror.com/strip-json-comments/-/strip-json-comments-3.1.1.tgz 0ms (cache hit)
1010 http cache ignore@https://registry.npmmirror.com/ignore/-/ignore-7.0.6.tgz 0ms (cache hit)
1011 silly tarball no local data for zwitch@https://registry.npmmirror.com/zwitch/-/zwitch-2.0.4.tgz. Extracting by manifest.
1012 silly tarball no local data for zod@https://registry.npmmirror.com/zod/-/zod-4.4.3.tgz. Extracting by manifest.
1013 silly tarball no local data for yocto-queue@https://registry.npmmirror.com/yocto-queue/-/yocto-queue-0.1.0.tgz. Extracting by manifest.
1014 silly tarball no local data for yauzl@https://registry.npmmirror.com/yauzl/-/yauzl-3.4.0.tgz. Extracting by manifest.
1015 silly tarball no local data for yaml@https://registry.npmmirror.com/yaml/-/yaml-2.9.0.tgz. Extracting by manifest.
1016 silly tarball no local data for xmlchars@https://registry.npmmirror.com/xmlchars/-/xmlchars-2.2.0.tgz. Extracting by manifest.
1017 silly tarball no local data for xml-name-validator@https://registry.npmmirror.com/xml-name-validator/-/xml-name-validator-5.0.0.tgz. Extracting by manifest.
1018 silly tarball no local data for yazl@https://registry.npmmirror.com/yazl/-/yazl-3.3.1.tgz. Extracting by manifest.
1019 silly tarball no local data for wrappy@https://registry.npmmirror.com/wrappy/-/wrappy-1.0.2.tgz. Extracting by manifest.
1020 silly tarball no local data for word-wrap@https://registry.npmmirror.com/word-wrap/-/word-wrap-1.2.5.tgz. Extracting by manifest.
1021 silly tarball no local data for which-collection@https://registry.npmmirror.com/which-collection/-/which-collection-1.0.2.tgz. Extracting by manifest.
1022 silly tarball no local data for which-builtin-type@https://registry.npmmirror.com/which-builtin-type/-/which-builtin-type-1.2.1.tgz. Extracting by manifest.
1023 silly tarball no local data for which-boxed-primitive@https://registry.npmmirror.com/which-boxed-primitive/-/which-boxed-primitive-1.1.1.tgz. Extracting by manifest.
1024 silly tarball no local data for which@https://registry.npmmirror.com/which/-/which-2.0.2.tgz. Extracting by manifest.
1025 silly tarball no local data for why-is-node-running@https://registry.npmmirror.com/why-is-node-running/-/why-is-node-running-2.3.0.tgz. Extracting by manifest.
1026 silly tarball no local data for which-typed-array@https://registry.npmmirror.com/which-typed-array/-/which-typed-array-1.1.22.tgz. Extracting by manifest.
1027 silly tarball no local data for whatwg-url@https://registry.npmmirror.com/whatwg-url/-/whatwg-url-16.0.1.tgz. Extracting by manifest.
1028 silly tarball no local data for webidl-conversions@https://registry.npmmirror.com/webidl-conversions/-/webidl-conversions-8.0.1.tgz. Extracting by manifest.
1029 silly tarball no local data for w3c-xmlserializer@https://registry.npmmirror.com/w3c-xmlserializer/-/w3c-xmlserializer-5.0.0.tgz. Extracting by manifest.
1030 silly tarball no local data for whatwg-mimetype@https://registry.npmmirror.com/whatwg-mimetype/-/whatwg-mimetype-5.0.0.tgz. Extracting by manifest.
1031 silly tarball no local data for w3c-keyname@https://registry.npmmirror.com/w3c-keyname/-/w3c-keyname-2.2.8.tgz. Extracting by manifest.
1032 silly tarball no local data for vite@https://registry.npmmirror.com/vite/-/vite-8.2.1.tgz. Extracting by manifest.
1033 silly tarball no local data for vitest@https://registry.npmmirror.com/vitest/-/vitest-4.1.10.tgz. Extracting by manifest.
1034 silly tarball no local data for vfile@https://registry.npmmirror.com/vfile/-/vfile-6.0.3.tgz. Extracting by manifest.
1035 silly tarball no local data for vfile-message@https://registry.npmmirror.com/vfile-message/-/vfile-message-4.0.3.tgz. Extracting by manifest.
1036 silly tarball no local data for util-deprecate@https://registry.npmmirror.com/util-deprecate/-/util-deprecate-1.0.2.tgz. Extracting by manifest.
1037 silly tarball no local data for use-sync-external-store@https://registry.npmmirror.com/use-sync-external-store/-/use-sync-external-store-1.6.0.tgz. Extracting by manifest.
1038 silly tarball no local data for unrs-resolver@https://registry.npmmirror.com/unrs-resolver/-/unrs-resolver-1.12.2.tgz. Extracting by manifest.
1039 silly tarball no local data for unist-util-visit-parents@https://registry.npmmirror.com/unist-util-visit-parents/-/unist-util-visit-parents-6.0.2.tgz. Extracting by manifest.
1040 silly tarball no local data for uuid@https://registry.npmmirror.com/uuid/-/uuid-14.0.1.tgz. Extracting by manifest.
1041 silly tarball no local data for unist-util-visit@https://registry.npmmirror.com/unist-util-visit/-/unist-util-visit-5.1.0.tgz. Extracting by manifest.
1042 silly tarball no local data for uri-js@https://registry.npmmirror.com/uri-js/-/uri-js-4.4.1.tgz. Extracting by manifest.
1043 silly tarball no local data for unist-util-is@https://registry.npmmirror.com/unist-util-is/-/unist-util-is-6.0.1.tgz. Extracting by manifest.
1044 silly tarball no local data for unist-util-position@https://registry.npmmirror.com/unist-util-position/-/unist-util-position-5.0.0.tgz. Extracting by manifest.
1045 silly tarball no local data for undici@https://registry.npmmirror.com/undici/-/undici-7.29.0.tgz. Extracting by manifest.
1046 silly tarball no local data for unbox-primitive@https://registry.npmmirror.com/unbox-primitive/-/unbox-primitive-1.1.0.tgz. Extracting by manifest.
1047 silly tarball no local data for unist-util-stringify-position@https://registry.npmmirror.com/unist-util-stringify-position/-/unist-util-stringify-position-4.0.0.tgz. Extracting by manifest.
1048 silly tarball no local data for undici-types@https://registry.npmmirror.com/undici-types/-/undici-types-6.21.0.tgz. Extracting by manifest.
1049 silly tarball no local data for uc.micro@https://registry.npmmirror.com/uc.micro/-/uc.micro-2.1.0.tgz. Extracting by manifest.
1050 silly tarball no local data for typescript@https://registry.npmmirror.com/typescript/-/typescript-5.9.3.tgz. Extracting by manifest.
1051 silly tarball no local data for typed-array-length@https://registry.npmmirror.com/typed-array-length/-/typed-array-length-1.0.8.tgz. Extracting by manifest.
1052 silly tarball no local data for typed-array-byte-offset@https://registry.npmmirror.com/typed-array-byte-offset/-/typed-array-byte-offset-1.0.4.tgz. Extracting by manifest.
1053 silly tarball no local data for typed-array-buffer@https://registry.npmmirror.com/typed-array-buffer/-/typed-array-buffer-1.0.3.tgz. Extracting by manifest.
1054 silly tarball no local data for type-check@https://registry.npmmirror.com/type-check/-/type-check-0.4.0.tgz. Extracting by manifest.
1055 silly tarball no local data for tunnel-agent@https://registry.npmmirror.com/tunnel-agent/-/tunnel-agent-0.6.0.tgz. Extracting by manifest.
1056 silly tarball no local data for tsconfig-paths@https://registry.npmmirror.com/tsconfig-paths/-/tsconfig-paths-3.15.0.tgz. Extracting by manifest.
1057 silly tarball no local data for tslib@https://registry.npmmirror.com/tslib/-/tslib-2.8.1.tgz. Extracting by manifest.
1058 silly tarball no local data for ts-dedent@https://registry.npmmirror.com/ts-dedent/-/ts-dedent-2.3.0.tgz. Extracting by manifest.
1059 silly tarball no local data for trim-lines@https://registry.npmmirror.com/trim-lines/-/trim-lines-3.0.1.tgz. Extracting by manifest.
1060 silly tarball no local data for ts-api-utils@https://registry.npmmirror.com/ts-api-utils/-/ts-api-utils-2.5.0.tgz. Extracting by manifest.
1061 silly tarball no local data for trough@https://registry.npmmirror.com/trough/-/trough-2.2.0.tgz. Extracting by manifest.
1062 silly tarball no local data for tr46@https://registry.npmmirror.com/tr46/-/tr46-6.0.0.tgz. Extracting by manifest.
1063 silly tarball no local data for tough-cookie@https://registry.npmmirror.com/tough-cookie/-/tough-cookie-6.0.2.tgz. Extracting by manifest.
1064 silly tarball no local data for tldts-core@https://registry.npmmirror.com/tldts-core/-/tldts-core-7.4.10.tgz. Extracting by manifest.
1065 silly tarball no local data for to-regex-range@https://registry.npmmirror.com/to-regex-range/-/to-regex-range-5.0.1.tgz. Extracting by manifest.
1066 silly tarball no local data for tldts@https://registry.npmmirror.com/tldts/-/tldts-7.4.10.tgz. Extracting by manifest.
1067 silly tarball no local data for tiptap-markdown@https://registry.npmmirror.com/tiptap-markdown/-/tiptap-markdown-0.8.10.tgz. Extracting by manifest.
1068 silly tarball no local data for tippy.js@https://registry.npmmirror.com/tippy.js/-/tippy.js-6.3.7.tgz. Extracting by manifest.
1069 silly tarball no local data for tinyrainbow@https://registry.npmmirror.com/tinyrainbow/-/tinyrainbow-3.1.1.tgz. Extracting by manifest.
1070 silly tarball no local data for typed-array-byte-length@https://registry.npmmirror.com/typed-array-byte-length/-/typed-array-byte-length-1.0.3.tgz. Extracting by manifest.
1071 silly tarball no local data for tinyglobby@https://registry.npmmirror.com/tinyglobby/-/tinyglobby-0.2.17.tgz. Extracting by manifest.
1072 silly tarball no local data for tinyexec@https://registry.npmmirror.com/tinyexec/-/tinyexec-1.3.0.tgz. Extracting by manifest.
1073 silly tarball no local data for tinybench@https://registry.npmmirror.com/tinybench/-/tinybench-2.9.0.tgz. Extracting by manifest.
1074 silly tarball no local data for unified@https://registry.npmmirror.com/unified/-/unified-11.0.5.tgz. Extracting by manifest.
1075 silly tarball no local data for tar-stream@https://registry.npmmirror.com/tar-stream/-/tar-stream-2.2.0.tgz. Extracting by manifest.
1076 silly tarball no local data for tar-fs@https://registry.npmmirror.com/tar-fs/-/tar-fs-2.1.5.tgz. Extracting by manifest.
1077 silly tarball no local data for tapable@https://registry.npmmirror.com/tapable/-/tapable-2.3.3.tgz. Extracting by manifest.
1078 silly tarball no local data for tailwindcss@https://registry.npmmirror.com/tailwindcss/-/tailwindcss-4.3.3.tgz. Extracting by manifest.
1079 silly tarball no local data for symbol-tree@https://registry.npmmirror.com/symbol-tree/-/symbol-tree-3.2.4.tgz. Extracting by manifest.
1080 silly tarball no local data for supports-preserve-symlinks-flag@https://registry.npmmirror.com/supports-preserve-symlinks-flag/-/supports-preserve-symlinks-flag-1.0.0.tgz. Extracting by manifest.
1081 silly tarball no local data for supports-color@https://registry.npmmirror.com/supports-color/-/supports-color-7.2.0.tgz. Extracting by manifest.
1082 silly tarball no local data for styled-jsx@https://registry.npmmirror.com/styled-jsx/-/styled-jsx-5.1.6.tgz. Extracting by manifest.
1083 silly tarball no local data for style-to-object@https://registry.npmmirror.com/style-to-object/-/style-to-object-1.0.14.tgz. Extracting by manifest.
1084 silly tarball no local data for stylis@https://registry.npmmirror.com/stylis/-/stylis-4.4.0.tgz. Extracting by manifest.
1085 silly tarball no local data for style-to-js@https://registry.npmmirror.com/style-to-js/-/style-to-js-1.1.21.tgz. Extracting by manifest.
1086 silly tarball no local data for strip-bom@https://registry.npmmirror.com/strip-bom/-/strip-bom-3.0.0.tgz. Extracting by manifest.
1087 silly tarball no local data for stringify-entities@https://registry.npmmirror.com/stringify-entities/-/stringify-entities-4.0.4.tgz. Extracting by manifest.
1088 silly tarball no local data for string.prototype.trimstart@https://registry.npmmirror.com/string.prototype.trimstart/-/string.prototype.trimstart-1.0.8.tgz. Extracting by manifest.
1089 silly tarball no local data for string.prototype.trimend@https://registry.npmmirror.com/string.prototype.trimend/-/string.prototype.trimend-1.0.10.tgz. Extracting by manifest.
1090 silly tarball no local data for string.prototype.trim@https://registry.npmmirror.com/string.prototype.trim/-/string.prototype.trim-1.2.11.tgz. Extracting by manifest.
1091 silly tarball no local data for string.prototype.repeat@https://registry.npmmirror.com/string.prototype.repeat/-/string.prototype.repeat-1.0.0.tgz. Extracting by manifest.
1092 silly tarball no local data for strip-json-comments@https://registry.npmmirror.com/strip-json-comments/-/strip-json-comments-2.0.1.tgz. Extracting by manifest.
1093 silly tarball no local data for string.prototype.matchall@https://registry.npmmirror.com/string.prototype.matchall/-/string.prototype.matchall-4.0.12.tgz. Extracting by manifest.
1094 silly tarball no local data for string.prototype.includes@https://registry.npmmirror.com/string.prototype.includes/-/string.prototype.includes-2.0.1.tgz. Extracting by manifest.
1095 silly tarball no local data for string_decoder@https://registry.npmmirror.com/string_decoder/-/string_decoder-1.3.0.tgz. Extracting by manifest.
1096 silly tarball no local data for stop-iteration-iterator@https://registry.npmmirror.com/stop-iteration-iterator/-/stop-iteration-iterator-1.1.0.tgz. Extracting by manifest.
1097 silly tarball no local data for std-env@https://registry.npmmirror.com/std-env/-/std-env-4.2.0.tgz. Extracting by manifest.
1098 silly tarball no local data for stackback@https://registry.npmmirror.com/stackback/-/stackback-0.0.2.tgz. Extracting by manifest.
1099 silly tarball no local data for stable-hash@https://registry.npmmirror.com/stable-hash/-/stable-hash-0.0.5.tgz. Extracting by manifest.
1100 silly tarball no local data for space-separated-tokens@https://registry.npmmirror.com/space-separated-tokens/-/space-separated-tokens-2.0.2.tgz. Extracting by manifest.
1101 silly tarball no local data for simple-get@https://registry.npmmirror.com/simple-get/-/simple-get-4.0.1.tgz. Extracting by manifest.
1102 silly tarball no local data for source-map-js@https://registry.npmmirror.com/source-map-js/-/source-map-js-1.2.1.tgz. Extracting by manifest.
1103 silly tarball no local data for simple-concat@https://registry.npmmirror.com/simple-concat/-/simple-concat-1.0.1.tgz. Extracting by manifest.
1104 silly tarball no local data for siginfo@https://registry.npmmirror.com/siginfo/-/siginfo-2.0.0.tgz. Extracting by manifest.
1105 silly tarball no local data for side-channel-weakmap@https://registry.npmmirror.com/side-channel-weakmap/-/side-channel-weakmap-1.0.2.tgz. Extracting by manifest.
1106 silly tarball no local data for side-channel-map@https://registry.npmmirror.com/side-channel-map/-/side-channel-map-1.0.1.tgz. Extracting by manifest.
1107 silly tarball no local data for side-channel-list@https://registry.npmmirror.com/side-channel-list/-/side-channel-list-1.0.1.tgz. Extracting by manifest.
1108 silly tarball no local data for side-channel@https://registry.npmmirror.com/side-channel/-/side-channel-1.1.1.tgz. Extracting by manifest.
1109 silly tarball no local data for shebang-regex@https://registry.npmmirror.com/shebang-regex/-/shebang-regex-3.0.0.tgz. Extracting by manifest.
1110 silly tarball no local data for shebang-command@https://registry.npmmirror.com/shebang-command/-/shebang-command-2.0.0.tgz. Extracting by manifest.
1111 silly tarball no local data for sharp@https://registry.npmmirror.com/sharp/-/sharp-0.35.3.tgz. Extracting by manifest.
1112 silly tarball no local data for set-proto@https://registry.npmmirror.com/set-proto/-/set-proto-1.0.0.tgz. Extracting by manifest.
1113 silly tarball no local data for set-function-name@https://registry.npmmirror.com/set-function-name/-/set-function-name-2.0.2.tgz. Extracting by manifest.
1114 silly tarball no local data for set-function-length@https://registry.npmmirror.com/set-function-length/-/set-function-length-1.2.2.tgz. Extracting by manifest.
1115 silly tarball no local data for semver@https://registry.npmmirror.com/semver/-/semver-7.8.5.tgz. Extracting by manifest.
1116 silly tarball no local data for scheduler@https://registry.npmmirror.com/scheduler/-/scheduler-0.27.0.tgz. Extracting by manifest.
1117 silly tarball no local data for saxes@https://registry.npmmirror.com/saxes/-/saxes-6.0.0.tgz. Extracting by manifest.
1118 silly tarball no local data for safer-buffer@https://registry.npmmirror.com/safer-buffer/-/safer-buffer-2.1.2.tgz. Extracting by manifest.
1119 silly tarball no local data for safe-regex-test@https://registry.npmmirror.com/safe-regex-test/-/safe-regex-test-1.1.0.tgz. Extracting by manifest.
1120 silly tarball no local data for safe-push-apply@https://registry.npmmirror.com/safe-push-apply/-/safe-push-apply-1.0.0.tgz. Extracting by manifest.
1121 silly tarball no local data for safe-array-concat@https://registry.npmmirror.com/safe-array-concat/-/safe-array-concat-1.1.4.tgz. Extracting by manifest.
1122 silly tarball no local data for rw@https://registry.npmmirror.com/rw/-/rw-1.3.3.tgz. Extracting by manifest.
1123 silly tarball no local data for roughjs@https://registry.npmmirror.com/roughjs/-/roughjs-4.6.6.tgz. Extracting by manifest.
1124 silly tarball no local data for run-parallel@https://registry.npmmirror.com/run-parallel/-/run-parallel-1.2.0.tgz. Extracting by manifest.
1125 silly tarball no local data for rope-sequence@https://registry.npmmirror.com/rope-sequence/-/rope-sequence-1.3.4.tgz. Extracting by manifest.
1126 silly tarball no local data for rolldown@https://registry.npmmirror.com/rolldown/-/rolldown-1.2.4.tgz. Extracting by manifest.
1127 silly tarball no local data for robust-predicates@https://registry.npmmirror.com/robust-predicates/-/robust-predicates-3.0.3.tgz. Extracting by manifest.
1128 silly tarball no local data for reusify@https://registry.npmmirror.com/reusify/-/reusify-1.1.0.tgz. Extracting by manifest.
1129 silly tarball no local data for resolve-pkg-maps@https://registry.npmmirror.com/resolve-pkg-maps/-/resolve-pkg-maps-1.0.0.tgz. Extracting by manifest.
1130 silly tarball no local data for safe-buffer@https://registry.npmmirror.com/safe-buffer/-/safe-buffer-5.2.1.tgz. Extracting by manifest.
1131 silly tarball no local data for resolve@https://registry.npmmirror.com/resolve/-/resolve-2.0.0-next.7.tgz. Extracting by manifest.
1132 silly tarball no local data for remark-rehype@https://registry.npmmirror.com/remark-rehype/-/remark-rehype-11.1.2.tgz. Extracting by manifest.
1133 silly tarball no local data for require-from-string@https://registry.npmmirror.com/require-from-string/-/require-from-string-2.0.2.tgz. Extracting by manifest.
1134 silly tarball no local data for remark-stringify@https://registry.npmmirror.com/remark-stringify/-/remark-stringify-11.0.0.tgz. Extracting by manifest.
1135 silly tarball no local data for remark-parse@https://registry.npmmirror.com/remark-parse/-/remark-parse-11.0.0.tgz. Extracting by manifest.
1136 silly tarball no local data for remark-gfm@https://registry.npmmirror.com/remark-gfm/-/remark-gfm-4.0.1.tgz. Extracting by manifest.
1137 silly tarball no local data for regexp.prototype.flags@https://registry.npmmirror.com/regexp.prototype.flags/-/regexp.prototype.flags-1.5.4.tgz. Extracting by manifest.
1138 silly tarball no local data for resolve-from@https://registry.npmmirror.com/resolve-from/-/resolve-from-4.0.0.tgz. Extracting by manifest.
1139 silly tarball no local data for react-markdown@https://registry.npmmirror.com/react-markdown/-/react-markdown-10.1.0.tgz. Extracting by manifest.
1140 silly tarball no local data for react-is@https://registry.npmmirror.com/react-is/-/react-is-16.13.1.tgz. Extracting by manifest.
1141 silly tarball no local data for react-dom@https://registry.npmmirror.com/react-dom/-/react-dom-19.2.8.tgz. Extracting by manifest.
1142 silly tarball no local data for react@https://registry.npmmirror.com/react/-/react-19.2.8.tgz. Extracting by manifest.
1143 silly tarball no local data for reflect.getprototypeof@https://registry.npmmirror.com/reflect.getprototypeof/-/reflect.getprototypeof-1.0.10.tgz. Extracting by manifest.
1144 silly tarball no local data for rc@https://registry.npmmirror.com/rc/-/rc-1.2.8.tgz. Extracting by manifest.
1145 silly tarball no local data for readable-stream@https://registry.npmmirror.com/readable-stream/-/readable-stream-3.6.2.tgz. Extracting by manifest.
1146 silly tarball no local data for queue-microtask@https://registry.npmmirror.com/queue-microtask/-/queue-microtask-1.2.3.tgz. Extracting by manifest.
1147 silly tarball no local data for punycode.js@https://registry.npmmirror.com/punycode.js/-/punycode.js-2.3.1.tgz. Extracting by manifest.
1148 silly tarball no local data for punycode@https://registry.npmmirror.com/punycode/-/punycode-2.3.1.tgz. Extracting by manifest.
1149 silly tarball no local data for prosemirror-transform@https://registry.npmmirror.com/prosemirror-transform/-/prosemirror-transform-1.12.0.tgz. Extracting by manifest.
1150 silly tarball no local data for prosemirror-view@https://registry.npmmirror.com/prosemirror-view/-/prosemirror-view-1.42.2.tgz. Extracting by manifest.
1151 silly tarball no local data for pump@https://registry.npmmirror.com/pump/-/pump-3.0.4.tgz. Extracting by manifest.
1152 silly tarball no local data for prosemirror-trailing-node@https://registry.npmmirror.com/prosemirror-trailing-node/-/prosemirror-trailing-node-3.0.0.tgz. Extracting by manifest.
1153 silly tarball no local data for prosemirror-state@https://registry.npmmirror.com/prosemirror-state/-/prosemirror-state-1.4.4.tgz. Extracting by manifest.
1154 silly tarball no local data for prosemirror-schema-list@https://registry.npmmirror.com/prosemirror-schema-list/-/prosemirror-schema-list-1.5.1.tgz. Extracting by manifest.
1155 silly tarball no local data for prosemirror-tables@https://registry.npmmirror.com/prosemirror-tables/-/prosemirror-tables-1.8.5.tgz. Extracting by manifest.
1156 silly tarball no local data for prosemirror-model@https://registry.npmmirror.com/prosemirror-model/-/prosemirror-model-1.25.11.tgz. Extracting by manifest.
1157 silly tarball no local data for prosemirror-schema-basic@https://registry.npmmirror.com/prosemirror-schema-basic/-/prosemirror-schema-basic-1.2.4.tgz. Extracting by manifest.
1158 silly tarball no local data for prosemirror-markdown@https://registry.npmmirror.com/prosemirror-markdown/-/prosemirror-markdown-1.13.5.tgz. Extracting by manifest.
1159 silly tarball no local data for prosemirror-menu@https://registry.npmmirror.com/prosemirror-menu/-/prosemirror-menu-1.3.2.tgz. Extracting by manifest.
1160 silly tarball no local data for prosemirror-inputrules@https://registry.npmmirror.com/prosemirror-inputrules/-/prosemirror-inputrules-1.5.1.tgz. Extracting by manifest.
1161 silly tarball no local data for prosemirror-history@https://registry.npmmirror.com/prosemirror-history/-/prosemirror-history-1.5.0.tgz. Extracting by manifest.
1162 silly tarball no local data for prosemirror-keymap@https://registry.npmmirror.com/prosemirror-keymap/-/prosemirror-keymap-1.2.3.tgz. Extracting by manifest.
1163 silly tarball no local data for prosemirror-gapcursor@https://registry.npmmirror.com/prosemirror-gapcursor/-/prosemirror-gapcursor-1.4.1.tgz. Extracting by manifest.
1164 silly tarball no local data for prosemirror-commands@https://registry.npmmirror.com/prosemirror-commands/-/prosemirror-commands-1.7.2.tgz. Extracting by manifest.
1165 silly tarball no local data for prosemirror-changeset@https://registry.npmmirror.com/prosemirror-changeset/-/prosemirror-changeset-2.4.1.tgz. Extracting by manifest.
1166 silly tarball no local data for prosemirror-collab@https://registry.npmmirror.com/prosemirror-collab/-/prosemirror-collab-1.3.1.tgz. Extracting by manifest.
1167 silly tarball no local data for property-information@https://registry.npmmirror.com/property-information/-/property-information-7.2.0.tgz. Extracting by manifest.
1168 silly tarball no local data for pretty-format@https://registry.npmmirror.com/pretty-format/-/pretty-format-27.5.1.tgz. Extracting by manifest.
1169 silly tarball no local data for prop-types@https://registry.npmmirror.com/prop-types/-/prop-types-15.8.1.tgz. Extracting by manifest.
1170 silly tarball no local data for prelude-ls@https://registry.npmmirror.com/prelude-ls/-/prelude-ls-1.2.1.tgz. Extracting by manifest.
1171 silly tarball no local data for prosemirror-dropcursor@https://registry.npmmirror.com/prosemirror-dropcursor/-/prosemirror-dropcursor-1.8.3.tgz. Extracting by manifest.
1172 silly tarball no local data for prebuild-install@https://registry.npmmirror.com/prebuild-install/-/prebuild-install-7.1.2.tgz. Extracting by manifest.
1173 silly tarball no local data for possible-typed-array-names@https://registry.npmmirror.com/possible-typed-array-names/-/possible-typed-array-names-1.1.0.tgz. Extracting by manifest.
1174 silly tarball no local data for postcss@https://registry.npmmirror.com/postcss/-/postcss-8.5.26.tgz. Extracting by manifest.
1175 silly tarball no local data for points-on-path@https://registry.npmmirror.com/points-on-path/-/points-on-path-0.2.1.tgz. Extracting by manifest.
1176 silly tarball no local data for points-on-curve@https://registry.npmmirror.com/points-on-curve/-/points-on-curve-0.2.0.tgz. Extracting by manifest.
1177 silly tarball no local data for pngjs@https://registry.npmmirror.com/pngjs/-/pngjs-6.0.0.tgz. Extracting by manifest.
1178 silly tarball no local data for picomatch@https://registry.npmmirror.com/picomatch/-/picomatch-2.3.2.tgz. Extracting by manifest.
1179 silly tarball no local data for picocolors@https://registry.npmmirror.com/picocolors/-/picocolors-1.1.1.tgz. Extracting by manifest.
1180 silly tarball no local data for pend@https://registry.npmmirror.com/pend/-/pend-1.2.0.tgz. Extracting by manifest.
1181 silly tarball no local data for path-parse@https://registry.npmmirror.com/path-parse/-/path-parse-1.0.7.tgz. Extracting by manifest.
1182 silly tarball no local data for path-key@https://registry.npmmirror.com/path-key/-/path-key-3.1.1.tgz. Extracting by manifest.
1183 silly tarball no local data for path-exists@https://registry.npmmirror.com/path-exists/-/path-exists-4.0.0.tgz. Extracting by manifest.
1184 silly tarball no local data for path-data-parser@https://registry.npmmirror.com/path-data-parser/-/path-data-parser-0.1.0.tgz. Extracting by manifest.
1185 silly tarball no local data for parse5@https://registry.npmmirror.com/parse5/-/parse5-8.0.1.tgz. Extracting by manifest.
1186 silly tarball no local data for parse-entities@https://registry.npmmirror.com/parse-entities/-/parse-entities-4.0.2.tgz. Extracting by manifest.
1187 silly tarball no local data for parent-module@https://registry.npmmirror.com/parent-module/-/parent-module-1.0.1.tgz. Extracting by manifest.
1188 silly tarball no local data for package-manager-detector@https://registry.npmmirror.com/package-manager-detector/-/package-manager-detector-1.8.0.tgz. Extracting by manifest.
1189 silly tarball no local data for pathe@https://registry.npmmirror.com/pathe/-/pathe-2.0.3.tgz. Extracting by manifest.
1190 silly tarball no local data for p-limit@https://registry.npmmirror.com/p-limit/-/p-limit-3.1.0.tgz. Extracting by manifest.
1191 silly tarball no local data for own-keys@https://registry.npmmirror.com/own-keys/-/own-keys-1.0.2.tgz. Extracting by manifest.
1192 silly tarball no local data for orderedmap@https://registry.npmmirror.com/orderedmap/-/orderedmap-2.1.1.tgz. Extracting by manifest.
1193 silly tarball no local data for p-locate@https://registry.npmmirror.com/p-locate/-/p-locate-5.0.0.tgz. Extracting by manifest.
1194 silly tarball no local data for optionator@https://registry.npmmirror.com/optionator/-/optionator-0.9.4.tgz. Extracting by manifest.
1195 silly tarball no local data for once@https://registry.npmmirror.com/once/-/once-1.4.0.tgz. Extracting by manifest.
1196 silly tarball no local data for obug@https://registry.npmmirror.com/obug/-/obug-2.1.4.tgz. Extracting by manifest.
1197 silly tarball no local data for object.values@https://registry.npmmirror.com/object.values/-/object.values-1.2.1.tgz. Extracting by manifest.
1198 silly tarball no local data for object.fromentries@https://registry.npmmirror.com/object.fromentries/-/object.fromentries-2.0.8.tgz. Extracting by manifest.
1199 silly tarball no local data for object.entries@https://registry.npmmirror.com/object.entries/-/object.entries-1.1.9.tgz. Extracting by manifest.
1200 silly tarball no local data for object.assign@https://registry.npmmirror.com/object.assign/-/object.assign-4.1.7.tgz. Extracting by manifest.
1201 silly tarball no local data for object-inspect@https://registry.npmmirror.com/object-inspect/-/object-inspect-1.13.4.tgz. Extracting by manifest.
1202 silly tarball no local data for object-assign@https://registry.npmmirror.com/object-assign/-/object-assign-4.1.1.tgz. Extracting by manifest.
1203 silly tarball no local data for object.groupby@https://registry.npmmirror.com/object.groupby/-/object.groupby-1.0.3.tgz. Extracting by manifest.
1204 silly tarball no local data for node-exports-info@https://registry.npmmirror.com/node-exports-info/-/node-exports-info-1.6.2.tgz. Extracting by manifest.
1205 silly tarball no local data for object-keys@https://registry.npmmirror.com/object-keys/-/object-keys-1.1.1.tgz. Extracting by manifest.
1206 silly tarball no local data for next-themes@https://registry.npmmirror.com/next-themes/-/next-themes-0.4.6.tgz. Extracting by manifest.
1207 silly tarball no local data for node-abi@https://registry.npmmirror.com/node-abi/-/node-abi-3.94.0.tgz. Extracting by manifest.
1208 silly tarball no local data for next@https://registry.npmmirror.com/next/-/next-15.5.23.tgz. Extracting by manifest.
1209 silly tarball no local data for natural-compare@https://registry.npmmirror.com/natural-compare/-/natural-compare-1.4.0.tgz. Extracting by manifest.
1210 silly tarball no local data for napi-postinstall@https://registry.npmmirror.com/napi-postinstall/-/napi-postinstall-0.3.4.tgz. Extracting by manifest.
1211 silly tarball no local data for nanoid@https://registry.npmmirror.com/nanoid/-/nanoid-3.3.18.tgz. Extracting by manifest.
1212 silly tarball no local data for napi-build-utils@https://registry.npmmirror.com/napi-build-utils/-/napi-build-utils-1.0.2.tgz. Extracting by manifest.
1213 silly tarball no local data for ms@https://registry.npmmirror.com/ms/-/ms-2.1.3.tgz. Extracting by manifest.
1214 silly tarball no local data for mkdirp-classic@https://registry.npmmirror.com/mkdirp-classic/-/mkdirp-classic-0.5.3.tgz. Extracting by manifest.
1215 silly tarball no local data for minimist@https://registry.npmmirror.com/minimist/-/minimist-1.2.8.tgz. Extracting by manifest.
1216 silly tarball no local data for minimatch@https://registry.npmmirror.com/minimatch/-/minimatch-3.1.5.tgz. Extracting by manifest.
1217 silly tarball no local data for micromatch@https://registry.npmmirror.com/micromatch/-/micromatch-4.0.8.tgz. Extracting by manifest.
1218 silly tarball no local data for mimic-response@https://registry.npmmirror.com/mimic-response/-/mimic-response-3.1.0.tgz. Extracting by manifest.
1219 silly tarball no local data for micromark-util-types@https://registry.npmmirror.com/micromark-util-types/-/micromark-util-types-2.0.2.tgz. Extracting by manifest.
1220 silly tarball no local data for micromark-util-symbol@https://registry.npmmirror.com/micromark-util-symbol/-/micromark-util-symbol-2.0.1.tgz. Extracting by manifest.
1221 silly tarball no local data for micromark-util-subtokenize@https://registry.npmmirror.com/micromark-util-subtokenize/-/micromark-util-subtokenize-2.1.0.tgz. Extracting by manifest.
1222 silly tarball no local data for micromark-util-resolve-all@https://registry.npmmirror.com/micromark-util-resolve-all/-/micromark-util-resolve-all-2.0.1.tgz. Extracting by manifest.
1223 silly tarball no local data for micromark-util-sanitize-uri@https://registry.npmmirror.com/micromark-util-sanitize-uri/-/micromark-util-sanitize-uri-2.0.1.tgz. Extracting by manifest.
1224 silly tarball no local data for micromark-util-normalize-identifier@https://registry.npmmirror.com/micromark-util-normalize-identifier/-/micromark-util-normalize-identifier-2.0.1.tgz. Extracting by manifest.
1225 silly tarball no local data for micromark-util-encode@https://registry.npmmirror.com/micromark-util-encode/-/micromark-util-encode-2.0.1.tgz. Extracting by manifest.
1226 silly tarball no local data for micromark-util-html-tag-name@https://registry.npmmirror.com/micromark-util-html-tag-name/-/micromark-util-html-tag-name-2.0.1.tgz. Extracting by manifest.
1227 silly tarball no local data for micromark-util-combine-extensions@https://registry.npmmirror.com/micromark-util-combine-extensions/-/micromark-util-combine-extensions-2.0.1.tgz. Extracting by manifest.
1228 silly tarball no local data for micromark-util-classify-character@https://registry.npmmirror.com/micromark-util-classify-character/-/micromark-util-classify-character-2.0.1.tgz. Extracting by manifest.
1229 silly tarball no local data for micromark-util-decode-numeric-character-reference@https://registry.npmmirror.com/micromark-util-decode-numeric-character-reference/-/micromark-util-decode-numeric-character-reference-2.0.2.tgz. Extracting by manifest.
1230 silly tarball no local data for micromark-util-chunked@https://registry.npmmirror.com/micromark-util-chunked/-/micromark-util-chunked-2.0.1.tgz. Extracting by manifest.
1231 silly tarball no local data for micromark-util-decode-string@https://registry.npmmirror.com/micromark-util-decode-string/-/micromark-util-decode-string-2.0.1.tgz. Extracting by manifest.
1232 silly tarball no local data for micromark-factory-whitespace@https://registry.npmmirror.com/micromark-factory-whitespace/-/micromark-factory-whitespace-2.0.1.tgz. Extracting by manifest.
1233 silly tarball no local data for micromark-factory-space@https://registry.npmmirror.com/micromark-factory-space/-/micromark-factory-space-2.0.1.tgz. Extracting by manifest.
1234 silly tarball no local data for micromark-factory-destination@https://registry.npmmirror.com/micromark-factory-destination/-/micromark-factory-destination-2.0.1.tgz. Extracting by manifest.
1235 silly tarball no local data for micromark-extension-gfm-task-list-item@https://registry.npmmirror.com/micromark-extension-gfm-task-list-item/-/micromark-extension-gfm-task-list-item-2.1.0.tgz. Extracting by manifest.
1236 silly tarball no local data for micromark-extension-gfm-tagfilter@https://registry.npmmirror.com/micromark-extension-gfm-tagfilter/-/micromark-extension-gfm-tagfilter-2.0.0.tgz. Extracting by manifest.
1237 silly tarball no local data for micromark-extension-gfm-strikethrough@https://registry.npmmirror.com/micromark-extension-gfm-strikethrough/-/micromark-extension-gfm-strikethrough-2.1.0.tgz. Extracting by manifest.
1238 silly tarball no local data for micromark-extension-gfm-table@https://registry.npmmirror.com/micromark-extension-gfm-table/-/micromark-extension-gfm-table-2.1.1.tgz. Extracting by manifest.
1239 silly tarball no local data for micromark-util-character@https://registry.npmmirror.com/micromark-util-character/-/micromark-util-character-2.1.1.tgz. Extracting by manifest.
1240 silly tarball no local data for micromark-extension-gfm-footnote@https://registry.npmmirror.com/micromark-extension-gfm-footnote/-/micromark-extension-gfm-footnote-2.1.0.tgz. Extracting by manifest.
1241 silly tarball no local data for micromark-extension-gfm-autolink-literal@https://registry.npmmirror.com/micromark-extension-gfm-autolink-literal/-/micromark-extension-gfm-autolink-literal-2.1.0.tgz. Extracting by manifest.
1242 silly tarball no local data for micromark-factory-label@https://registry.npmmirror.com/micromark-factory-label/-/micromark-factory-label-2.0.1.tgz. Extracting by manifest.
1243 silly tarball no local data for micromark-core-commonmark@https://registry.npmmirror.com/micromark-core-commonmark/-/micromark-core-commonmark-2.0.3.tgz. Extracting by manifest.
1244 silly tarball no local data for micromark@https://registry.npmmirror.com/micromark/-/micromark-4.0.2.tgz. Extracting by manifest.
1245 silly tarball no local data for micromark-extension-gfm@https://registry.npmmirror.com/micromark-extension-gfm/-/micromark-extension-gfm-3.0.0.tgz. Extracting by manifest.
1246 silly tarball no local data for merge2@https://registry.npmmirror.com/merge2/-/merge2-1.4.1.tgz. Extracting by manifest.
1247 silly tarball no local data for mermaid@https://registry.npmmirror.com/mermaid/-/mermaid-11.16.1.tgz. Extracting by manifest.
1248 silly tarball no local data for mdn-data@https://registry.npmmirror.com/mdn-data/-/mdn-data-2.27.1.tgz. Extracting by manifest.
1249 silly tarball no local data for mdast-util-to-string@https://registry.npmmirror.com/mdast-util-to-string/-/mdast-util-to-string-4.0.0.tgz. Extracting by manifest.
1250 silly tarball no local data for mdast-util-to-hast@https://registry.npmmirror.com/mdast-util-to-hast/-/mdast-util-to-hast-13.2.1.tgz. Extracting by manifest.
1251 silly tarball no local data for mdast-util-to-markdown@https://registry.npmmirror.com/mdast-util-to-markdown/-/mdast-util-to-markdown-2.1.2.tgz. Extracting by manifest.
1252 silly tarball no local data for mdast-util-phrasing@https://registry.npmmirror.com/mdast-util-phrasing/-/mdast-util-phrasing-4.1.0.tgz. Extracting by manifest.
1253 silly tarball no local data for mdast-util-mdxjs-esm@https://registry.npmmirror.com/mdast-util-mdxjs-esm/-/mdast-util-mdxjs-esm-2.0.1.tgz. Extracting by manifest.
1254 silly tarball no local data for micromark-factory-title@https://registry.npmmirror.com/micromark-factory-title/-/micromark-factory-title-2.0.1.tgz. Extracting by manifest.
1255 silly tarball no local data for mdast-util-mdx-expression@https://registry.npmmirror.com/mdast-util-mdx-expression/-/mdast-util-mdx-expression-2.0.1.tgz. Extracting by manifest.
1256 silly tarball no local data for mdast-util-mdx-jsx@https://registry.npmmirror.com/mdast-util-mdx-jsx/-/mdast-util-mdx-jsx-3.2.0.tgz. Extracting by manifest.
1257 silly tarball no local data for mdast-util-gfm-task-list-item@https://registry.npmmirror.com/mdast-util-gfm-task-list-item/-/mdast-util-gfm-task-list-item-2.0.0.tgz. Extracting by manifest.
1258 silly tarball no local data for mdast-util-gfm-table@https://registry.npmmirror.com/mdast-util-gfm-table/-/mdast-util-gfm-table-2.0.0.tgz. Extracting by manifest.
1259 silly tarball no local data for mdast-util-gfm-strikethrough@https://registry.npmmirror.com/mdast-util-gfm-strikethrough/-/mdast-util-gfm-strikethrough-2.0.0.tgz. Extracting by manifest.
1260 silly tarball no local data for mdast-util-gfm-footnote@https://registry.npmmirror.com/mdast-util-gfm-footnote/-/mdast-util-gfm-footnote-2.1.0.tgz. Extracting by manifest.
1261 silly tarball no local data for mdast-util-gfm-autolink-literal@https://registry.npmmirror.com/mdast-util-gfm-autolink-literal/-/mdast-util-gfm-autolink-literal-2.0.1.tgz. Extracting by manifest.
1262 silly tarball no local data for mdast-util-find-and-replace@https://registry.npmmirror.com/mdast-util-find-and-replace/-/mdast-util-find-and-replace-3.0.2.tgz. Extracting by manifest.
1263 silly tarball no local data for mdast-util-gfm@https://registry.npmmirror.com/mdast-util-gfm/-/mdast-util-gfm-3.1.0.tgz. Extracting by manifest.
1264 silly tarball no local data for mdast-util-from-markdown@https://registry.npmmirror.com/mdast-util-from-markdown/-/mdast-util-from-markdown-2.0.3.tgz. Extracting by manifest.
1265 silly tarball no local data for math-intrinsics@https://registry.npmmirror.com/math-intrinsics/-/math-intrinsics-1.1.0.tgz. Extracting by manifest.
1266 silly tarball no local data for marked@https://registry.npmmirror.com/marked/-/marked-16.4.2.tgz. Extracting by manifest.
1267 silly tarball no local data for markdown-table@https://registry.npmmirror.com/markdown-table/-/markdown-table-3.0.4.tgz. Extracting by manifest.
1268 silly tarball no local data for markdown-it-task-lists@https://registry.npmmirror.com/markdown-it-task-lists/-/markdown-it-task-lists-2.1.1.tgz. Extracting by manifest.
1269 silly tarball no local data for magic-string@https://registry.npmmirror.com/magic-string/-/magic-string-0.30.21.tgz. Extracting by manifest.
1270 silly tarball no local data for markdown-it@https://registry.npmmirror.com/markdown-it/-/markdown-it-14.3.0.tgz. Extracting by manifest.
1271 silly tarball no local data for lz-string@https://registry.npmmirror.com/lz-string/-/lz-string-1.5.0.tgz. Extracting by manifest.
1272 silly tarball no local data for mdurl@https://registry.npmmirror.com/mdurl/-/mdurl-2.1.0.tgz. Extracting by manifest.
1273 silly tarball no local data for lru-cache@https://registry.npmmirror.com/lru-cache/-/lru-cache-11.5.2.tgz. Extracting by manifest.
1274 silly tarball no local data for loose-envify@https://registry.npmmirror.com/loose-envify/-/loose-envify-1.4.0.tgz. Extracting by manifest.
1275 silly tarball no local data for longest-streak@https://registry.npmmirror.com/longest-streak/-/longest-streak-3.1.0.tgz. Extracting by manifest.
1276 silly tarball no local data for lodash.merge@https://registry.npmmirror.com/lodash.merge/-/lodash.merge-4.6.2.tgz. Extracting by manifest.
1277 silly tarball no local data for lodash-es@https://registry.npmmirror.com/lodash-es/-/lodash-es-4.18.1.tgz. Extracting by manifest.
1278 silly tarball no local data for locate-path@https://registry.npmmirror.com/locate-path/-/locate-path-6.0.0.tgz. Extracting by manifest.
1279 silly tarball no local data for linkifyjs@https://registry.npmmirror.com/linkifyjs/-/linkifyjs-4.3.3.tgz. Extracting by manifest.
1280 silly tarball no local data for linkify-it@https://registry.npmmirror.com/linkify-it/-/linkify-it-5.0.2.tgz. Extracting by manifest.
1281 silly tarball no local data for lightningcss-linux-x64-musl@https://registry.npmmirror.com/lightningcss-linux-x64-musl/-/lightningcss-linux-x64-musl-1.32.0.tgz. Extracting by manifest.
1282 silly tarball no local data for lightningcss-linux-x64-gnu@https://registry.npmmirror.com/lightningcss-linux-x64-gnu/-/lightningcss-linux-x64-gnu-1.32.0.tgz. Extracting by manifest.
1283 silly tarball no local data for libheif-js@https://registry.npmmirror.com/libheif-js/-/libheif-js-1.19.8.tgz. Extracting by manifest.
1284 silly tarball no local data for levn@https://registry.npmmirror.com/levn/-/levn-0.4.1.tgz. Extracting by manifest.
1285 silly tarball no local data for layout-base@https://registry.npmmirror.com/layout-base/-/layout-base-1.0.2.tgz. Extracting by manifest.
1286 silly tarball no local data for language-tags@https://registry.npmmirror.com/language-tags/-/language-tags-1.0.9.tgz. Extracting by manifest.
1287 silly tarball no local data for katex@https://registry.npmmirror.com/katex/-/katex-0.16.47.tgz. Extracting by manifest.
1288 silly tarball no local data for language-subtag-registry@https://registry.npmmirror.com/language-subtag-registry/-/language-subtag-registry-0.3.23.tgz. Extracting by manifest.
1289 silly tarball no local data for keyv@https://registry.npmmirror.com/keyv/-/keyv-4.5.4.tgz. Extracting by manifest.
1290 silly tarball no local data for jsx-ast-utils@https://registry.npmmirror.com/jsx-ast-utils/-/jsx-ast-utils-3.3.5.tgz. Extracting by manifest.
1291 silly tarball no local data for json5@https://registry.npmmirror.com/json5/-/json5-1.0.2.tgz. Extracting by manifest.
1292 silly tarball no local data for json-stable-stringify-without-jsonify@https://registry.npmmirror.com/json-stable-stringify-without-jsonify/-/json-stable-stringify-without-jsonify-1.0.1.tgz. Extracting by manifest.
1293 silly tarball no local data for khroma@https://registry.npmmirror.com/khroma/-/khroma-2.1.0.tgz. Extracting by manifest.
1294 silly tarball no local data for jsdom@https://registry.npmmirror.com/jsdom/-/jsdom-29.1.1.tgz. Extracting by manifest.
1295 silly tarball no local data for json-buffer@https://registry.npmmirror.com/json-buffer/-/json-buffer-3.0.1.tgz. Extracting by manifest.
1296 silly tarball no local data for jpeg-js@https://registry.npmmirror.com/jpeg-js/-/jpeg-js-0.4.4.tgz. Extracting by manifest.
1297 silly tarball no local data for jose@https://registry.npmmirror.com/jose/-/jose-6.2.8.tgz. Extracting by manifest.
1298 silly tarball no local data for js-tokens@https://registry.npmmirror.com/js-tokens/-/js-tokens-4.0.0.tgz. Extracting by manifest.
1299 silly tarball no local data for js-yaml@https://registry.npmmirror.com/js-yaml/-/js-yaml-4.3.1.tgz. Extracting by manifest.
1300 silly tarball no local data for jiti@https://registry.npmmirror.com/jiti/-/jiti-2.7.0.tgz. Extracting by manifest.
1301 silly tarball no local data for json-schema-traverse@https://registry.npmmirror.com/json-schema-traverse/-/json-schema-traverse-0.4.1.tgz. Extracting by manifest.
1302 silly tarball no local data for iterator.prototype@https://registry.npmmirror.com/iterator.prototype/-/iterator.prototype-1.1.5.tgz. Extracting by manifest.
1303 silly tarball no local data for isarray@https://registry.npmmirror.com/isarray/-/isarray-2.0.5.tgz. Extracting by manifest.
1304 silly tarball no local data for isexe@https://registry.npmmirror.com/isexe/-/isexe-2.0.0.tgz. Extracting by manifest.
1305 silly tarball no local data for is-weakset@https://registry.npmmirror.com/is-weakset/-/is-weakset-2.0.4.tgz. Extracting by manifest.
1306 silly tarball no local data for is-weakref@https://registry.npmmirror.com/is-weakref/-/is-weakref-1.1.1.tgz. Extracting by manifest.
1307 silly tarball no local data for is-weakmap@https://registry.npmmirror.com/is-weakmap/-/is-weakmap-2.0.2.tgz. Extracting by manifest.
1308 silly tarball no local data for is-typed-array@https://registry.npmmirror.com/is-typed-array/-/is-typed-array-1.1.15.tgz. Extracting by manifest.
1309 silly tarball no local data for is-symbol@https://registry.npmmirror.com/is-symbol/-/is-symbol-1.1.1.tgz. Extracting by manifest.
1310 silly tarball no local data for is-string@https://registry.npmmirror.com/is-string/-/is-string-1.1.1.tgz. Extracting by manifest.
1311 silly tarball no local data for is-shared-array-buffer@https://registry.npmmirror.com/is-shared-array-buffer/-/is-shared-array-buffer-1.0.4.tgz. Extracting by manifest.
1312 silly tarball no local data for is-set@https://registry.npmmirror.com/is-set/-/is-set-2.0.3.tgz. Extracting by manifest.
1313 silly tarball no local data for is-potential-custom-element-name@https://registry.npmmirror.com/is-potential-custom-element-name/-/is-potential-custom-element-name-1.0.1.tgz. Extracting by manifest.
1314 silly tarball no local data for is-plain-obj@https://registry.npmmirror.com/is-plain-obj/-/is-plain-obj-4.1.0.tgz. Extracting by manifest.
1315 silly tarball no local data for is-number-object@https://registry.npmmirror.com/is-number-object/-/is-number-object-1.1.1.tgz. Extracting by manifest.
1316 silly tarball no local data for is-number@https://registry.npmmirror.com/is-number/-/is-number-7.0.0.tgz. Extracting by manifest.
1317 silly tarball no local data for is-negative-zero@https://registry.npmmirror.com/is-negative-zero/-/is-negative-zero-2.0.3.tgz. Extracting by manifest.
1318 silly tarball no local data for is-map@https://registry.npmmirror.com/is-map/-/is-map-2.0.3.tgz. Extracting by manifest.
1319 silly tarball no local data for is-glob@https://registry.npmmirror.com/is-glob/-/is-glob-4.0.3.tgz. Extracting by manifest.
1320 silly tarball no local data for is-generator-function@https://registry.npmmirror.com/is-generator-function/-/is-generator-function-1.1.2.tgz. Extracting by manifest.
1321 silly tarball no local data for is-finalizationregistry@https://registry.npmmirror.com/is-finalizationregistry/-/is-finalizationregistry-1.1.1.tgz. Extracting by manifest.
1322 silly tarball no local data for is-regex@https://registry.npmmirror.com/is-regex/-/is-regex-1.2.1.tgz. Extracting by manifest.
1323 silly tarball no local data for is-extglob@https://registry.npmmirror.com/is-extglob/-/is-extglob-2.1.1.tgz. Extracting by manifest.
1324 silly tarball no local data for is-document.all@https://registry.npmmirror.com/is-document.all/-/is-document.all-1.0.0.tgz. Extracting by manifest.
1325 silly tarball no local data for is-decimal@https://registry.npmmirror.com/is-decimal/-/is-decimal-2.0.1.tgz. Extracting by manifest.
1326 silly tarball no local data for is-hexadecimal@https://registry.npmmirror.com/is-hexadecimal/-/is-hexadecimal-2.0.1.tgz. Extracting by manifest.
1327 silly tarball no local data for is-data-view@https://registry.npmmirror.com/is-data-view/-/is-data-view-1.0.2.tgz. Extracting by manifest.
1328 silly tarball no local data for is-date-object@https://registry.npmmirror.com/is-date-object/-/is-date-object-1.1.0.tgz. Extracting by manifest.
1329 silly tarball no local data for is-core-module@https://registry.npmmirror.com/is-core-module/-/is-core-module-2.16.2.tgz. Extracting by manifest.
1330 silly tarball no local data for is-callable@https://registry.npmmirror.com/is-callable/-/is-callable-1.2.7.tgz. Extracting by manifest.
1331 silly tarball no local data for is-bun-module@https://registry.npmmirror.com/is-bun-module/-/is-bun-module-2.0.0.tgz. Extracting by manifest.
1332 silly tarball no local data for is-boolean-object@https://registry.npmmirror.com/is-boolean-object/-/is-boolean-object-1.2.2.tgz. Extracting by manifest.
1333 silly tarball no local data for is-async-function@https://registry.npmmirror.com/is-async-function/-/is-async-function-2.1.1.tgz. Extracting by manifest.
1334 silly tarball no local data for is-bigint@https://registry.npmmirror.com/is-bigint/-/is-bigint-1.1.0.tgz. Extracting by manifest.
1335 silly tarball no local data for is-array-buffer@https://registry.npmmirror.com/is-array-buffer/-/is-array-buffer-3.0.5.tgz. Extracting by manifest.
1336 silly tarball no local data for is-alphanumerical@https://registry.npmmirror.com/is-alphanumerical/-/is-alphanumerical-2.0.1.tgz. Extracting by manifest.
1337 silly tarball no local data for is-alphabetical@https://registry.npmmirror.com/is-alphabetical/-/is-alphabetical-2.0.1.tgz. Extracting by manifest.
1338 silly tarball no local data for internmap@https://registry.npmmirror.com/internmap/-/internmap-2.0.3.tgz. Extracting by manifest.
1339 silly tarball no local data for internal-slot@https://registry.npmmirror.com/internal-slot/-/internal-slot-1.1.0.tgz. Extracting by manifest.
1340 silly tarball no local data for inline-style-parser@https://registry.npmmirror.com/inline-style-parser/-/inline-style-parser-0.2.7.tgz. Extracting by manifest.
1341 silly tarball no local data for ini@https://registry.npmmirror.com/ini/-/ini-1.3.8.tgz. Extracting by manifest.
1342 silly tarball no local data for inherits@https://registry.npmmirror.com/inherits/-/inherits-2.0.4.tgz. Extracting by manifest.
1343 silly tarball no local data for imurmurhash@https://registry.npmmirror.com/imurmurhash/-/imurmurhash-0.1.4.tgz. Extracting by manifest.
1344 silly tarball no local data for import-meta-resolve@https://registry.npmmirror.com/import-meta-resolve/-/import-meta-resolve-4.2.0.tgz. Extracting by manifest.
1345 silly tarball no local data for ignore@https://registry.npmmirror.com/ignore/-/ignore-5.3.2.tgz. Extracting by manifest.
1346 silly tarball no local data for import-fresh@https://registry.npmmirror.com/import-fresh/-/import-fresh-3.3.1.tgz. Extracting by manifest.
1347 silly tarball no local data for iconv-lite@https://registry.npmmirror.com/iconv-lite/-/iconv-lite-0.6.3.tgz. Extracting by manifest.
1348 silly tarball no local data for ieee754@https://registry.npmmirror.com/ieee754/-/ieee754-1.2.1.tgz. Extracting by manifest.
1349 silly tarball no local data for html-url-attributes@https://registry.npmmirror.com/html-url-attributes/-/html-url-attributes-3.0.1.tgz. Extracting by manifest.
1350 silly tarball no local data for html-encoding-sniffer@https://registry.npmmirror.com/html-encoding-sniffer/-/html-encoding-sniffer-6.0.0.tgz. Extracting by manifest.
1351 silly tarball no local data for heic-decode@https://registry.npmmirror.com/heic-decode/-/heic-decode-2.1.0.tgz. Extracting by manifest.
1352 silly tarball no local data for heic-convert@https://registry.npmmirror.com/heic-convert/-/heic-convert-2.1.0.tgz. Extracting by manifest.
1353 silly tarball no local data for hast-util-whitespace@https://registry.npmmirror.com/hast-util-whitespace/-/hast-util-whitespace-3.0.0.tgz. Extracting by manifest.
1354 silly tarball no local data for hast-util-to-jsx-runtime@https://registry.npmmirror.com/hast-util-to-jsx-runtime/-/hast-util-to-jsx-runtime-2.3.6.tgz. Extracting by manifest.
1355 silly tarball no local data for hasown@https://registry.npmmirror.com/hasown/-/hasown-2.0.4.tgz. Extracting by manifest.
1356 silly tarball no local data for has-symbols@https://registry.npmmirror.com/has-symbols/-/has-symbols-1.1.0.tgz. Extracting by manifest.
1357 silly tarball no local data for has-tostringtag@https://registry.npmmirror.com/has-tostringtag/-/has-tostringtag-1.0.2.tgz. Extracting by manifest.
1358 silly tarball no local data for has-proto@https://registry.npmmirror.com/has-proto/-/has-proto-1.2.0.tgz. Extracting by manifest.
1359 silly tarball no local data for has-flag@https://registry.npmmirror.com/has-flag/-/has-flag-4.0.0.tgz. Extracting by manifest.
1360 silly tarball no local data for has-property-descriptors@https://registry.npmmirror.com/has-property-descriptors/-/has-property-descriptors-1.0.2.tgz. Extracting by manifest.
1361 silly tarball no local data for has-bigints@https://registry.npmmirror.com/has-bigints/-/has-bigints-1.1.0.tgz. Extracting by manifest.
1362 silly tarball no local data for hachure-fill@https://registry.npmmirror.com/hachure-fill/-/hachure-fill-0.5.2.tgz. Extracting by manifest.
1363 silly tarball no local data for gopd@https://registry.npmmirror.com/gopd/-/gopd-1.2.0.tgz. Extracting by manifest.
1364 silly tarball no local data for graceful-fs@https://registry.npmmirror.com/graceful-fs/-/graceful-fs-4.2.11.tgz. Extracting by manifest.
1365 silly tarball no local data for globalthis@https://registry.npmmirror.com/globalthis/-/globalthis-1.0.4.tgz. Extracting by manifest.
1366 silly tarball no local data for globals@https://registry.npmmirror.com/globals/-/globals-14.0.0.tgz. Extracting by manifest.
1367 silly tarball no local data for glob-parent@https://registry.npmmirror.com/glob-parent/-/glob-parent-6.0.2.tgz. Extracting by manifest.
1368 silly tarball no local data for github-from-package@https://registry.npmmirror.com/github-from-package/-/github-from-package-0.0.0.tgz. Extracting by manifest.
1369 silly tarball no local data for get-symbol-description@https://registry.npmmirror.com/get-symbol-description/-/get-symbol-description-1.1.0.tgz. Extracting by manifest.
1370 silly tarball no local data for get-proto@https://registry.npmmirror.com/get-proto/-/get-proto-1.0.1.tgz. Extracting by manifest.
1371 silly tarball no local data for get-tsconfig@https://registry.npmmirror.com/get-tsconfig/-/get-tsconfig-4.14.2.tgz. Extracting by manifest.
1372 silly tarball no local data for get-intrinsic@https://registry.npmmirror.com/get-intrinsic/-/get-intrinsic-1.3.0.tgz. Extracting by manifest.
1373 silly tarball no local data for generator-function@https://registry.npmmirror.com/generator-function/-/generator-function-2.0.1.tgz. Extracting by manifest.
1374 silly tarball no local data for functions-have-names@https://registry.npmmirror.com/functions-have-names/-/functions-have-names-1.2.3.tgz. Extracting by manifest.
1375 silly tarball no local data for function.prototype.name@https://registry.npmmirror.com/function.prototype.name/-/function.prototype.name-1.2.0.tgz. Extracting by manifest.
1376 silly tarball no local data for lightningcss@https://registry.npmmirror.com/lightningcss/-/lightningcss-1.32.0.tgz. Extracting by manifest.
1377 silly tarball no local data for fs-constants@https://registry.npmmirror.com/fs-constants/-/fs-constants-1.0.0.tgz. Extracting by manifest.
1378 silly tarball no local data for function-bind@https://registry.npmmirror.com/function-bind/-/function-bind-1.1.2.tgz. Extracting by manifest.
1379 silly tarball no local data for for-each@https://registry.npmmirror.com/for-each/-/for-each-0.3.5.tgz. Extracting by manifest.
1380 silly tarball no local data for flatted@https://registry.npmmirror.com/flatted/-/flatted-3.4.4.tgz. Extracting by manifest.
1381 silly tarball no local data for find-up@https://registry.npmmirror.com/find-up/-/find-up-5.0.0.tgz. Extracting by manifest.
1382 silly tarball no local data for fill-range@https://registry.npmmirror.com/fill-range/-/fill-range-7.1.1.tgz. Extracting by manifest.
1383 silly tarball no local data for file-uri-to-path@https://registry.npmmirror.com/file-uri-to-path/-/file-uri-to-path-1.0.0.tgz. Extracting by manifest.
1384 silly tarball no local data for fast-levenshtein@https://registry.npmmirror.com/fast-levenshtein/-/fast-levenshtein-2.0.6.tgz. Extracting by manifest.
1385 silly tarball no local data for file-entry-cache@https://registry.npmmirror.com/file-entry-cache/-/file-entry-cache-8.0.0.tgz. Extracting by manifest.
1386 silly tarball no local data for fastq@https://registry.npmmirror.com/fastq/-/fastq-1.20.1.tgz. Extracting by manifest.
1387 silly tarball no local data for flat-cache@https://registry.npmmirror.com/flat-cache/-/flat-cache-4.0.1.tgz. Extracting by manifest.
1388 silly tarball no local data for fast-glob@https://registry.npmmirror.com/fast-glob/-/fast-glob-3.3.1.tgz. Extracting by manifest.
1389 silly tarball no local data for fast-deep-equal@https://registry.npmmirror.com/fast-deep-equal/-/fast-deep-equal-3.1.3.tgz. Extracting by manifest.
1390 silly tarball no local data for expect-type@https://registry.npmmirror.com/expect-type/-/expect-type-1.4.0.tgz. Extracting by manifest.
1391 silly tarball no local data for expand-template@https://registry.npmmirror.com/expand-template/-/expand-template-2.0.3.tgz. Extracting by manifest.
1392 silly tarball no local data for extend@https://registry.npmmirror.com/extend/-/extend-3.0.2.tgz. Extracting by manifest.
1393 silly tarball no local data for esutils@https://registry.npmmirror.com/esutils/-/esutils-2.0.3.tgz. Extracting by manifest.
1394 silly tarball no local data for estree-walker@https://registry.npmmirror.com/estree-walker/-/estree-walker-3.0.3.tgz. Extracting by manifest.
1395 silly tarball no local data for estree-util-is-identifier-name@https://registry.npmmirror.com/estree-util-is-identifier-name/-/estree-util-is-identifier-name-3.0.0.tgz. Extracting by manifest.
1396 silly tarball no local data for esrecurse@https://registry.npmmirror.com/esrecurse/-/esrecurse-4.3.0.tgz. Extracting by manifest.
1397 silly tarball no local data for estraverse@https://registry.npmmirror.com/estraverse/-/estraverse-5.3.0.tgz. Extracting by manifest.
1398 silly tarball no local data for esquery@https://registry.npmmirror.com/esquery/-/esquery-1.7.0.tgz. Extracting by manifest.
1399 silly tarball no local data for eslint-scope@https://registry.npmmirror.com/eslint-scope/-/eslint-scope-8.4.0.tgz. Extracting by manifest.
1400 silly tarball no local data for eslint-visitor-keys@https://registry.npmmirror.com/eslint-visitor-keys/-/eslint-visitor-keys-4.2.1.tgz. Extracting by manifest.
1401 silly tarball no local data for eslint-plugin-react-hooks@https://registry.npmmirror.com/eslint-plugin-react-hooks/-/eslint-plugin-react-hooks-5.2.0.tgz. Extracting by manifest.
1402 silly tarball no local data for espree@https://registry.npmmirror.com/espree/-/espree-10.4.0.tgz. Extracting by manifest.
1403 silly tarball no local data for eslint-plugin-jsx-a11y@https://registry.npmmirror.com/eslint-plugin-jsx-a11y/-/eslint-plugin-jsx-a11y-6.10.2.tgz. Extracting by manifest.
1404 silly tarball no local data for eslint-plugin-import@https://registry.npmmirror.com/eslint-plugin-import/-/eslint-plugin-import-2.32.0.tgz. Extracting by manifest.
1405 silly tarball no local data for eslint-module-utils@https://registry.npmmirror.com/eslint-module-utils/-/eslint-module-utils-2.14.0.tgz. Extracting by manifest.
1406 silly tarball no local data for fast-json-stable-stringify@https://registry.npmmirror.com/fast-json-stable-stringify/-/fast-json-stable-stringify-2.1.0.tgz. Extracting by manifest.
1407 silly tarball no local data for eslint-import-resolver-typescript@https://registry.npmmirror.com/eslint-import-resolver-typescript/-/eslint-import-resolver-typescript-3.10.1.tgz. Extracting by manifest.
1408 silly tarball no local data for eslint-plugin-react@https://registry.npmmirror.com/eslint-plugin-react/-/eslint-plugin-react-7.37.5.tgz. Extracting by manifest.
1409 silly tarball no local data for eslint-import-resolver-node@https://registry.npmmirror.com/eslint-import-resolver-node/-/eslint-import-resolver-node-0.3.10.tgz. Extracting by manifest.
1410 silly tarball no local data for eslint@https://registry.npmmirror.com/eslint/-/eslint-9.39.5.tgz. Extracting by manifest.
1411 silly tarball no local data for eslint-config-next@https://registry.npmmirror.com/eslint-config-next/-/eslint-config-next-15.5.23.tgz. Extracting by manifest.
1412 silly tarball no local data for escape-string-regexp@https://registry.npmmirror.com/escape-string-regexp/-/escape-string-regexp-4.0.0.tgz. Extracting by manifest.
1413 silly tarball no local data for es-toolkit@https://registry.npmmirror.com/es-toolkit/-/es-toolkit-1.50.0.tgz. Extracting by manifest.
1414 silly tarball no local data for es-shim-unscopables@https://registry.npmmirror.com/es-shim-unscopables/-/es-shim-unscopables-1.1.0.tgz. Extracting by manifest.
1415 silly tarball no local data for es-to-primitive@https://registry.npmmirror.com/es-to-primitive/-/es-to-primitive-1.3.4.tgz. Extracting by manifest.
1416 silly tarball no local data for es-module-lexer@https://registry.npmmirror.com/es-module-lexer/-/es-module-lexer-2.3.1.tgz. Extracting by manifest.
1417 silly tarball no local data for es-object-atoms@https://registry.npmmirror.com/es-object-atoms/-/es-object-atoms-1.1.2.tgz. Extracting by manifest.
1418 silly tarball no local data for es-iterator-helpers@https://registry.npmmirror.com/es-iterator-helpers/-/es-iterator-helpers-1.4.0.tgz. Extracting by manifest.
1419 silly tarball no local data for es-errors@https://registry.npmmirror.com/es-errors/-/es-errors-1.3.0.tgz. Extracting by manifest.
1420 silly tarball no local data for es-define-property@https://registry.npmmirror.com/es-define-property/-/es-define-property-1.0.1.tgz. Extracting by manifest.
1421 silly tarball no local data for es-abstract-get@https://registry.npmmirror.com/es-abstract-get/-/es-abstract-get-1.0.0.tgz. Extracting by manifest.
1422 silly tarball no local data for es-abstract@https://registry.npmmirror.com/es-abstract/-/es-abstract-1.24.2.tgz. Extracting by manifest.
1423 silly tarball no local data for enhanced-resolve@https://registry.npmmirror.com/enhanced-resolve/-/enhanced-resolve-5.24.5.tgz. Extracting by manifest.
1424 silly tarball no local data for entities@https://registry.npmmirror.com/entities/-/entities-4.5.0.tgz. Extracting by manifest.
1425 silly tarball no local data for dunder-proto@https://registry.npmmirror.com/dunder-proto/-/dunder-proto-1.0.1.tgz. Extracting by manifest.
1426 silly tarball no local data for emoji-regex@https://registry.npmmirror.com/emoji-regex/-/emoji-regex-9.2.2.tgz. Extracting by manifest.
1427 silly tarball no local data for end-of-stream@https://registry.npmmirror.com/end-of-stream/-/end-of-stream-1.4.5.tgz. Extracting by manifest.
1428 silly tarball no local data for drizzle-orm@https://registry.npmmirror.com/drizzle-orm/-/drizzle-orm-0.45.2.tgz. Extracting by manifest.
1429 silly tarball no local data for dompurify@https://registry.npmmirror.com/dompurify/-/dompurify-3.4.13.tgz. Extracting by manifest.
1430 silly tarball no local data for dom-accessibility-api@https://registry.npmmirror.com/dom-accessibility-api/-/dom-accessibility-api-0.5.16.tgz. Extracting by manifest.
1431 silly tarball no local data for devlop@https://registry.npmmirror.com/devlop/-/devlop-1.1.0.tgz. Extracting by manifest.
1432 silly tarball no local data for detect-libc@https://registry.npmmirror.com/detect-libc/-/detect-libc-2.1.2.tgz. Extracting by manifest.
1433 silly tarball no local data for dequal@https://registry.npmmirror.com/dequal/-/dequal-2.0.3.tgz. Extracting by manifest.
1434 silly tarball no local data for delaunator@https://registry.npmmirror.com/delaunator/-/delaunator-5.1.0.tgz. Extracting by manifest.
1435 silly tarball no local data for define-properties@https://registry.npmmirror.com/define-properties/-/define-properties-1.2.1.tgz. Extracting by manifest.
1436 silly tarball no local data for define-data-property@https://registry.npmmirror.com/define-data-property/-/define-data-property-1.1.4.tgz. Extracting by manifest.
1437 silly tarball no local data for deep-is@https://registry.npmmirror.com/deep-is/-/deep-is-0.1.4.tgz. Extracting by manifest.
1438 silly tarball no local data for doctrine@https://registry.npmmirror.com/doctrine/-/doctrine-2.1.0.tgz. Extracting by manifest.
1439 silly tarball no local data for deep-extend@https://registry.npmmirror.com/deep-extend/-/deep-extend-0.6.0.tgz. Extracting by manifest.
1440 silly tarball no local data for decompress-response@https://registry.npmmirror.com/decompress-response/-/decompress-response-6.0.0.tgz. Extracting by manifest.
1441 silly tarball no local data for es-set-tostringtag@https://registry.npmmirror.com/es-set-tostringtag/-/es-set-tostringtag-2.1.0.tgz. Extracting by manifest.
1442 silly tarball no local data for decode-named-character-reference@https://registry.npmmirror.com/decode-named-character-reference/-/decode-named-character-reference-1.3.0.tgz. Extracting by manifest.
1443 silly tarball no local data for decimal.js@https://registry.npmmirror.com/decimal.js/-/decimal.js-10.6.0.tgz. Extracting by manifest.
1444 silly tarball no local data for debug@https://registry.npmmirror.com/debug/-/debug-4.4.3.tgz. Extracting by manifest.
1445 silly tarball no local data for dayjs@https://registry.npmmirror.com/dayjs/-/dayjs-1.11.21.tgz. Extracting by manifest.
1446 silly tarball no local data for data-view-byte-offset@https://registry.npmmirror.com/data-view-byte-offset/-/data-view-byte-offset-1.0.1.tgz. Extracting by manifest.
1447 silly tarball no local data for data-view-byte-length@https://registry.npmmirror.com/data-view-byte-length/-/data-view-byte-length-1.0.2.tgz. Extracting by manifest.
1448 silly tarball no local data for data-view-buffer@https://registry.npmmirror.com/data-view-buffer/-/data-view-buffer-1.0.2.tgz. Extracting by manifest.
1449 silly tarball no local data for data-urls@https://registry.npmmirror.com/data-urls/-/data-urls-7.0.0.tgz. Extracting by manifest.
1450 silly tarball no local data for damerau-levenshtein@https://registry.npmmirror.com/damerau-levenshtein/-/damerau-levenshtein-1.0.8.tgz. Extracting by manifest.
1451 silly tarball no local data for dagre-d3-es@https://registry.npmmirror.com/dagre-d3-es/-/dagre-d3-es-7.0.14.tgz. Extracting by manifest.
1452 silly tarball no local data for d3-zoom@https://registry.npmmirror.com/d3-zoom/-/d3-zoom-3.0.0.tgz. Extracting by manifest.
1453 silly tarball no local data for d3-timer@https://registry.npmmirror.com/d3-timer/-/d3-timer-3.0.1.tgz. Extracting by manifest.
1454 silly tarball no local data for d3-transition@https://registry.npmmirror.com/d3-transition/-/d3-transition-3.0.1.tgz. Extracting by manifest.
1455 silly tarball no local data for d3-time-format@https://registry.npmmirror.com/d3-time-format/-/d3-time-format-4.1.0.tgz. Extracting by manifest.
1456 silly tarball no local data for d3-time@https://registry.npmmirror.com/d3-time/-/d3-time-3.1.0.tgz. Extracting by manifest.
1457 silly tarball no local data for d3-selection@https://registry.npmmirror.com/d3-selection/-/d3-selection-3.0.0.tgz. Extracting by manifest.
1458 silly tarball no local data for d3-shape@https://registry.npmmirror.com/d3-shape/-/d3-shape-3.2.0.tgz. Extracting by manifest.
1459 silly tarball no local data for d3-scale-chromatic@https://registry.npmmirror.com/d3-scale-chromatic/-/d3-scale-chromatic-3.1.0.tgz. Extracting by manifest.
1460 silly tarball no local data for d3-sankey@https://registry.npmmirror.com/d3-sankey/-/d3-sankey-0.12.3.tgz. Extracting by manifest.
1461 silly tarball no local data for d3-scale@https://registry.npmmirror.com/d3-scale/-/d3-scale-4.0.2.tgz. Extracting by manifest.
1462 silly tarball no local data for d3-quadtree@https://registry.npmmirror.com/d3-quadtree/-/d3-quadtree-3.0.1.tgz. Extracting by manifest.
1463 silly tarball no local data for d3-random@https://registry.npmmirror.com/d3-random/-/d3-random-3.0.1.tgz. Extracting by manifest.
1464 silly tarball no local data for d3-polygon@https://registry.npmmirror.com/d3-polygon/-/d3-polygon-3.0.1.tgz. Extracting by manifest.
1465 silly tarball no local data for d3-path@https://registry.npmmirror.com/d3-path/-/d3-path-3.1.0.tgz. Extracting by manifest.
1466 silly tarball no local data for d3-interpolate@https://registry.npmmirror.com/d3-interpolate/-/d3-interpolate-3.0.1.tgz. Extracting by manifest.
1467 silly tarball no local data for d3-hierarchy@https://registry.npmmirror.com/d3-hierarchy/-/d3-hierarchy-3.1.2.tgz. Extracting by manifest.
1468 silly tarball no local data for d3-geo@https://registry.npmmirror.com/d3-geo/-/d3-geo-3.1.1.tgz. Extracting by manifest.
1469 silly tarball no local data for d3-format@https://registry.npmmirror.com/d3-format/-/d3-format-3.1.2.tgz. Extracting by manifest.
1470 silly tarball no local data for d3-force@https://registry.npmmirror.com/d3-force/-/d3-force-3.0.0.tgz. Extracting by manifest.
1471 silly tarball no local data for d3-ease@https://registry.npmmirror.com/d3-ease/-/d3-ease-3.0.1.tgz. Extracting by manifest.
1472 silly tarball no local data for d3-fetch@https://registry.npmmirror.com/d3-fetch/-/d3-fetch-3.0.1.tgz. Extracting by manifest.
1473 silly tarball no local data for d3-drag@https://registry.npmmirror.com/d3-drag/-/d3-drag-3.0.0.tgz. Extracting by manifest.
1474 silly tarball no local data for d3-dsv@https://registry.npmmirror.com/d3-dsv/-/d3-dsv-3.0.1.tgz. Extracting by manifest.
1475 silly tarball no local data for d3-dispatch@https://registry.npmmirror.com/d3-dispatch/-/d3-dispatch-3.0.1.tgz. Extracting by manifest.
1476 silly tarball no local data for d3-delaunay@https://registry.npmmirror.com/d3-delaunay/-/d3-delaunay-6.0.4.tgz. Extracting by manifest.
1477 silly tarball no local data for d3-chord@https://registry.npmmirror.com/d3-chord/-/d3-chord-3.0.1.tgz. Extracting by manifest.
1478 silly tarball no local data for d3-color@https://registry.npmmirror.com/d3-color/-/d3-color-3.1.0.tgz. Extracting by manifest.
1479 silly tarball no local data for d3-contour@https://registry.npmmirror.com/d3-contour/-/d3-contour-4.0.2.tgz. Extracting by manifest.
1480 silly tarball no local data for d3-brush@https://registry.npmmirror.com/d3-brush/-/d3-brush-3.0.0.tgz. Extracting by manifest.
1481 silly tarball no local data for d3-array@https://registry.npmmirror.com/d3-array/-/d3-array-3.2.4.tgz. Extracting by manifest.
1482 silly tarball no local data for cytoscape-fcose@https://registry.npmmirror.com/cytoscape-fcose/-/cytoscape-fcose-2.2.0.tgz. Extracting by manifest.
1483 silly tarball no local data for d3-axis@https://registry.npmmirror.com/d3-axis/-/d3-axis-3.0.0.tgz. Extracting by manifest.
1484 silly tarball no local data for d3@https://registry.npmmirror.com/d3/-/d3-7.9.0.tgz. Extracting by manifest.
1485 silly tarball no local data for cytoscape-cose-bilkent@https://registry.npmmirror.com/cytoscape-cose-bilkent/-/cytoscape-cose-bilkent-4.1.0.tgz. Extracting by manifest.
1486 silly tarball no local data for cytoscape@https://registry.npmmirror.com/cytoscape/-/cytoscape-3.34.1.tgz. Extracting by manifest.
1487 silly tarball no local data for css-tree@https://registry.npmmirror.com/css-tree/-/css-tree-3.2.1.tgz. Extracting by manifest.
1488 silly tarball no local data for csstype@https://registry.npmmirror.com/csstype/-/csstype-3.2.3.tgz. Extracting by manifest.
1489 silly tarball no local data for cross-spawn@https://registry.npmmirror.com/cross-spawn/-/cross-spawn-7.0.6.tgz. Extracting by manifest.
1490 silly tarball no local data for crelt@https://registry.npmmirror.com/crelt/-/crelt-1.0.7.tgz. Extracting by manifest.
1491 silly tarball no local data for cose-base@https://registry.npmmirror.com/cose-base/-/cose-base-1.0.3.tgz. Extracting by manifest.
1492 silly tarball no local data for concat-map@https://registry.npmmirror.com/concat-map/-/concat-map-0.0.1.tgz. Extracting by manifest.
1493 silly tarball no local data for commander@https://registry.npmmirror.com/commander/-/commander-7.2.0.tgz. Extracting by manifest.
1494 silly tarball no local data for comma-separated-tokens@https://registry.npmmirror.com/comma-separated-tokens/-/comma-separated-tokens-2.0.3.tgz. Extracting by manifest.
1495 silly tarball no local data for color-name@https://registry.npmmirror.com/color-name/-/color-name-1.1.4.tgz. Extracting by manifest.
1496 silly tarball no local data for client-only@https://registry.npmmirror.com/client-only/-/client-only-0.0.1.tgz. Extracting by manifest.
1497 silly tarball no local data for color-convert@https://registry.npmmirror.com/color-convert/-/color-convert-2.0.1.tgz. Extracting by manifest.
1498 silly tarball no local data for chownr@https://registry.npmmirror.com/chownr/-/chownr-1.1.4.tgz. Extracting by manifest.
1499 silly tarball no local data for character-entities-legacy@https://registry.npmmirror.com/character-entities-legacy/-/character-entities-legacy-3.0.0.tgz. Extracting by manifest.
1500 silly tarball no local data for character-reference-invalid@https://registry.npmmirror.com/character-reference-invalid/-/character-reference-invalid-2.0.1.tgz. Extracting by manifest.
1501 silly tarball no local data for character-entities-html4@https://registry.npmmirror.com/character-entities-html4/-/character-entities-html4-2.1.0.tgz. Extracting by manifest.
1502 silly tarball no local data for chalk@https://registry.npmmirror.com/chalk/-/chalk-4.1.2.tgz. Extracting by manifest.
1503 silly tarball no local data for character-entities@https://registry.npmmirror.com/character-entities/-/character-entities-2.0.2.tgz. Extracting by manifest.
1504 silly tarball no local data for ccount@https://registry.npmmirror.com/ccount/-/ccount-2.0.1.tgz. Extracting by manifest.
1505 silly tarball no local data for caniuse-lite@https://registry.npmmirror.com/caniuse-lite/-/caniuse-lite-1.0.30001809.tgz. Extracting by manifest.
1506 silly tarball no local data for chai@https://registry.npmmirror.com/chai/-/chai-6.2.2.tgz. Extracting by manifest.
1507 silly tarball no local data for callsites@https://registry.npmmirror.com/callsites/-/callsites-3.1.0.tgz. Extracting by manifest.
1508 silly tarball no local data for call-bound@https://registry.npmmirror.com/call-bound/-/call-bound-1.0.4.tgz. Extracting by manifest.
1509 silly tarball no local data for call-bind-apply-helpers@https://registry.npmmirror.com/call-bind-apply-helpers/-/call-bind-apply-helpers-1.0.2.tgz. Extracting by manifest.
1510 silly tarball no local data for call-bind@https://registry.npmmirror.com/call-bind/-/call-bind-1.0.9.tgz. Extracting by manifest.
1511 silly tarball no local data for buffer-crc32@https://registry.npmmirror.com/buffer-crc32/-/buffer-crc32-1.0.0.tgz. Extracting by manifest.
1512 silly tarball no local data for buffer@https://registry.npmmirror.com/buffer/-/buffer-5.7.1.tgz. Extracting by manifest.
1513 silly tarball no local data for braces@https://registry.npmmirror.com/braces/-/braces-3.0.3.tgz. Extracting by manifest.
1514 silly tarball no local data for bl@https://registry.npmmirror.com/bl/-/bl-4.1.0.tgz. Extracting by manifest.
1515 silly tarball no local data for brace-expansion@https://registry.npmmirror.com/brace-expansion/-/brace-expansion-1.1.18.tgz. Extracting by manifest.
1516 silly tarball no local data for bindings@https://registry.npmmirror.com/bindings/-/bindings-1.5.0.tgz. Extracting by manifest.
1517 silly tarball no local data for bidi-js@https://registry.npmmirror.com/bidi-js/-/bidi-js-1.0.3.tgz. Extracting by manifest.
1518 silly tarball no local data for better-sqlite3@https://registry.npmmirror.com/better-sqlite3/-/better-sqlite3-12.11.1.tgz. Extracting by manifest.
1519 silly tarball no local data for convert-source-map@https://registry.npmmirror.com/convert-source-map/-/convert-source-map-2.0.0.tgz. Extracting by manifest.
1520 silly tarball no local data for base64-js@https://registry.npmmirror.com/base64-js/-/base64-js-1.5.1.tgz. Extracting by manifest.
1521 silly tarball no local data for bail@https://registry.npmmirror.com/bail/-/bail-2.0.2.tgz. Extracting by manifest.
1522 silly tarball no local data for balanced-match@https://registry.npmmirror.com/balanced-match/-/balanced-match-1.0.2.tgz. Extracting by manifest.
1523 silly tarball no local data for axobject-query@https://registry.npmmirror.com/axobject-query/-/axobject-query-4.1.0.tgz. Extracting by manifest.
1524 silly tarball no local data for available-typed-arrays@https://registry.npmmirror.com/available-typed-arrays/-/available-typed-arrays-1.0.7.tgz. Extracting by manifest.
1525 silly tarball no local data for axe-core@https://registry.npmmirror.com/axe-core/-/axe-core-4.13.0.tgz. Extracting by manifest.
1526 silly tarball no local data for async-function@https://registry.npmmirror.com/async-function/-/async-function-1.0.0.tgz. Extracting by manifest.
1527 silly tarball no local data for ast-types-flow@https://registry.npmmirror.com/ast-types-flow/-/ast-types-flow-0.0.8.tgz. Extracting by manifest.
1528 silly tarball no local data for assertion-error@https://registry.npmmirror.com/assertion-error/-/assertion-error-2.0.1.tgz. Extracting by manifest.
1529 silly tarball no local data for array.prototype.tosorted@https://registry.npmmirror.com/array.prototype.tosorted/-/array.prototype.tosorted-1.1.4.tgz. Extracting by manifest.
1530 silly tarball no local data for arraybuffer.prototype.slice@https://registry.npmmirror.com/arraybuffer.prototype.slice/-/arraybuffer.prototype.slice-1.0.4.tgz. Extracting by manifest.
1531 silly tarball no local data for array.prototype.findlastindex@https://registry.npmmirror.com/array.prototype.findlastindex/-/array.prototype.findlastindex-1.2.6.tgz. Extracting by manifest.
1532 silly tarball no local data for array.prototype.flatmap@https://registry.npmmirror.com/array.prototype.flatmap/-/array.prototype.flatmap-1.3.3.tgz. Extracting by manifest.
1533 silly tarball no local data for array.prototype.flat@https://registry.npmmirror.com/array.prototype.flat/-/array.prototype.flat-1.3.3.tgz. Extracting by manifest.
1534 silly tarball no local data for array.prototype.findlast@https://registry.npmmirror.com/array.prototype.findlast/-/array.prototype.findlast-1.2.5.tgz. Extracting by manifest.
1535 silly tarball no local data for array-includes@https://registry.npmmirror.com/array-includes/-/array-includes-3.1.9.tgz. Extracting by manifest.
1536 silly tarball no local data for array-buffer-byte-length@https://registry.npmmirror.com/array-buffer-byte-length/-/array-buffer-byte-length-1.0.2.tgz. Extracting by manifest.
1537 silly tarball no local data for aria-query@https://registry.npmmirror.com/aria-query/-/aria-query-5.3.2.tgz. Extracting by manifest.
1538 silly tarball no local data for argparse@https://registry.npmmirror.com/argparse/-/argparse-2.0.1.tgz. Extracting by manifest.
1539 silly tarball no local data for ansi-styles@https://registry.npmmirror.com/ansi-styles/-/ansi-styles-4.3.0.tgz. Extracting by manifest.
1540 silly tarball no local data for ajv@https://registry.npmmirror.com/ajv/-/ajv-6.15.0.tgz. Extracting by manifest.
1541 silly tarball no local data for acorn-jsx@https://registry.npmmirror.com/acorn-jsx/-/acorn-jsx-5.3.2.tgz. Extracting by manifest.
1542 silly tarball no local data for acorn@https://registry.npmmirror.com/acorn/-/acorn-8.18.0.tgz. Extracting by manifest.
1543 silly tarball no local data for @vitest/utils@https://registry.npmmirror.com/@vitest/utils/-/utils-4.1.10.tgz. Extracting by manifest.
1544 silly tarball no local data for ansi-regex@https://registry.npmmirror.com/ansi-regex/-/ansi-regex-5.0.1.tgz. Extracting by manifest.
1545 silly tarball no local data for @vitest/spy@https://registry.npmmirror.com/@vitest/spy/-/spy-4.1.10.tgz. Extracting by manifest.
1546 silly tarball no local data for @vitest/snapshot@https://registry.npmmirror.com/@vitest/snapshot/-/snapshot-4.1.10.tgz. Extracting by manifest.
1547 silly tarball no local data for @vitest/runner@https://registry.npmmirror.com/@vitest/runner/-/runner-4.1.10.tgz. Extracting by manifest.
1548 silly tarball no local data for @vitest/pretty-format@https://registry.npmmirror.com/@vitest/pretty-format/-/pretty-format-4.1.10.tgz. Extracting by manifest.
1549 silly tarball no local data for @vitest/expect@https://registry.npmmirror.com/@vitest/expect/-/expect-4.1.10.tgz. Extracting by manifest.
1550 silly tarball no local data for @vitest/mocker@https://registry.npmmirror.com/@vitest/mocker/-/mocker-4.1.10.tgz. Extracting by manifest.
1551 silly tarball no local data for @upsetjs/venn.js@https://registry.npmmirror.com/@upsetjs/venn.js/-/venn.js-2.0.0.tgz. Extracting by manifest.
1552 silly tarball no local data for @unrs/resolver-binding-linux-x64-musl@https://registry.npmmirror.com/@unrs/resolver-binding-linux-x64-musl/-/resolver-binding-linux-x64-musl-1.12.2.tgz. Extracting by manifest.
1553 silly tarball no local data for @unrs/resolver-binding-linux-x64-gnu@https://registry.npmmirror.com/@unrs/resolver-binding-linux-x64-gnu/-/resolver-binding-linux-x64-gnu-1.12.2.tgz. Extracting by manifest.
1554 silly tarball no local data for @typescript-eslint/visitor-keys@https://registry.npmmirror.com/@typescript-eslint/visitor-keys/-/visitor-keys-8.67.0.tgz. Extracting by manifest.
1555 silly tarball no local data for @typescript-eslint/typescript-estree@https://registry.npmmirror.com/@typescript-eslint/typescript-estree/-/typescript-estree-8.67.0.tgz. Extracting by manifest.
1556 silly tarball no local data for @typescript-eslint/utils@https://registry.npmmirror.com/@typescript-eslint/utils/-/utils-8.67.0.tgz. Extracting by manifest.
1557 silly tarball no local data for @typescript-eslint/types@https://registry.npmmirror.com/@typescript-eslint/types/-/types-8.67.0.tgz. Extracting by manifest.
1558 silly tarball no local data for @typescript-eslint/tsconfig-utils@https://registry.npmmirror.com/@typescript-eslint/tsconfig-utils/-/tsconfig-utils-8.67.0.tgz. Extracting by manifest.
1559 silly tarball no local data for @typescript-eslint/type-utils@https://registry.npmmirror.com/@typescript-eslint/type-utils/-/type-utils-8.67.0.tgz. Extracting by manifest.
1560 silly tarball no local data for @ungap/structured-clone@https://registry.npmmirror.com/@ungap/structured-clone/-/structured-clone-1.3.3.tgz. Extracting by manifest.
1561 silly tarball no local data for @typescript-eslint/scope-manager@https://registry.npmmirror.com/@typescript-eslint/scope-manager/-/scope-manager-8.67.0.tgz. Extracting by manifest.
1562 silly tarball no local data for @typescript-eslint/parser@https://registry.npmmirror.com/@typescript-eslint/parser/-/parser-8.67.0.tgz. Extracting by manifest.
1563 silly tarball no local data for @typescript-eslint/project-service@https://registry.npmmirror.com/@typescript-eslint/project-service/-/project-service-8.67.0.tgz. Extracting by manifest.
1564 silly tarball no local data for @typescript-eslint/eslint-plugin@https://registry.npmmirror.com/@typescript-eslint/eslint-plugin/-/eslint-plugin-8.67.0.tgz. Extracting by manifest.
1565 silly tarball no local data for @types/yazl@https://registry.npmmirror.com/@types/yazl/-/yazl-3.3.1.tgz. Extracting by manifest.
1566 silly tarball no local data for @types/yauzl@https://registry.npmmirror.com/@types/yauzl/-/yauzl-3.4.0.tgz. Extracting by manifest.
1567 silly tarball no local data for @types/use-sync-external-store@https://registry.npmmirror.com/@types/use-sync-external-store/-/use-sync-external-store-0.0.6.tgz. Extracting by manifest.
1568 silly tarball no local data for @types/trusted-types@https://registry.npmmirror.com/@types/trusted-types/-/trusted-types-2.0.7.tgz. Extracting by manifest.
1569 silly tarball no local data for @types/unist@https://registry.npmmirror.com/@types/unist/-/unist-3.0.3.tgz. Extracting by manifest.
1570 silly tarball no local data for @types/react@https://registry.npmmirror.com/@types/react/-/react-19.2.18.tgz. Extracting by manifest.
1571 silly tarball no local data for @types/react-dom@https://registry.npmmirror.com/@types/react-dom/-/react-dom-19.2.4.tgz. Extracting by manifest.
1572 silly tarball no local data for @types/node@https://registry.npmmirror.com/@types/node/-/node-22.20.1.tgz. Extracting by manifest.
1573 silly tarball no local data for @types/ms@https://registry.npmmirror.com/@types/ms/-/ms-2.1.0.tgz. Extracting by manifest.
1574 silly tarball no local data for @types/mdurl@https://registry.npmmirror.com/@types/mdurl/-/mdurl-2.0.0.tgz. Extracting by manifest.
1575 silly tarball no local data for @types/mdast@https://registry.npmmirror.com/@types/mdast/-/mdast-4.0.4.tgz. Extracting by manifest.
1576 silly tarball no local data for @types/markdown-it@https://registry.npmmirror.com/@types/markdown-it/-/markdown-it-14.1.2.tgz. Extracting by manifest.
1577 silly tarball no local data for @types/linkify-it@https://registry.npmmirror.com/@types/linkify-it/-/linkify-it-5.0.0.tgz. Extracting by manifest.
1578 silly tarball no local data for @types/json5@https://registry.npmmirror.com/@types/json5/-/json5-0.0.29.tgz. Extracting by manifest.
1579 silly tarball no local data for @types/json-schema@https://registry.npmmirror.com/@types/json-schema/-/json-schema-7.0.15.tgz. Extracting by manifest.
1580 silly tarball no local data for @types/hast@https://registry.npmmirror.com/@types/hast/-/hast-3.0.5.tgz. Extracting by manifest.
1581 silly tarball no local data for @types/geojson@https://registry.npmmirror.com/@types/geojson/-/geojson-7946.0.16.tgz. Extracting by manifest.
1582 silly tarball no local data for @types/estree-jsx@https://registry.npmmirror.com/@types/estree-jsx/-/estree-jsx-1.0.5.tgz. Extracting by manifest.
1583 silly tarball no local data for @types/estree@https://registry.npmmirror.com/@types/estree/-/estree-1.0.9.tgz. Extracting by manifest.
1584 silly tarball no local data for @types/deep-eql@https://registry.npmmirror.com/@types/deep-eql/-/deep-eql-4.0.2.tgz. Extracting by manifest.
1585 silly tarball no local data for @types/debug@https://registry.npmmirror.com/@types/debug/-/debug-4.1.13.tgz. Extracting by manifest.
1586 silly tarball no local data for @types/d3-zoom@https://registry.npmmirror.com/@types/d3-zoom/-/d3-zoom-3.0.8.tgz. Extracting by manifest.
1587 silly tarball no local data for @types/d3-transition@https://registry.npmmirror.com/@types/d3-transition/-/d3-transition-3.0.9.tgz. Extracting by manifest.
1588 silly tarball no local data for @types/d3-timer@https://registry.npmmirror.com/@types/d3-timer/-/d3-timer-3.0.2.tgz. Extracting by manifest.
1589 silly tarball no local data for @types/d3-time@https://registry.npmmirror.com/@types/d3-time/-/d3-time-3.0.4.tgz. Extracting by manifest.
1590 silly tarball no local data for @types/d3-time-format@https://registry.npmmirror.com/@types/d3-time-format/-/d3-time-format-4.0.3.tgz. Extracting by manifest.
1591 silly tarball no local data for @types/d3-shape@https://registry.npmmirror.com/@types/d3-shape/-/d3-shape-3.1.8.tgz. Extracting by manifest.
1592 silly tarball no local data for @types/d3-selection@https://registry.npmmirror.com/@types/d3-selection/-/d3-selection-3.0.11.tgz. Extracting by manifest.
1593 silly tarball no local data for @types/d3-scale-chromatic@https://registry.npmmirror.com/@types/d3-scale-chromatic/-/d3-scale-chromatic-3.1.0.tgz. Extracting by manifest.
1594 silly tarball no local data for @types/d3-random@https://registry.npmmirror.com/@types/d3-random/-/d3-random-3.0.4.tgz. Extracting by manifest.
1595 silly tarball no local data for @types/d3-quadtree@https://registry.npmmirror.com/@types/d3-quadtree/-/d3-quadtree-3.0.6.tgz. Extracting by manifest.
1596 silly tarball no local data for @types/d3-polygon@https://registry.npmmirror.com/@types/d3-polygon/-/d3-polygon-3.0.2.tgz. Extracting by manifest.
1597 silly tarball no local data for @types/d3-path@https://registry.npmmirror.com/@types/d3-path/-/d3-path-3.1.1.tgz. Extracting by manifest.
1598 silly tarball no local data for @types/d3-interpolate@https://registry.npmmirror.com/@types/d3-interpolate/-/d3-interpolate-3.0.4.tgz. Extracting by manifest.
1599 silly tarball no local data for @types/d3-hierarchy@https://registry.npmmirror.com/@types/d3-hierarchy/-/d3-hierarchy-3.1.7.tgz. Extracting by manifest.
1600 silly tarball no local data for @types/d3-geo@https://registry.npmmirror.com/@types/d3-geo/-/d3-geo-3.1.1.tgz. Extracting by manifest.
1601 silly tarball no local data for @types/d3-format@https://registry.npmmirror.com/@types/d3-format/-/d3-format-3.0.4.tgz. Extracting by manifest.
1602 silly tarball no local data for @types/d3-force@https://registry.npmmirror.com/@types/d3-force/-/d3-force-3.0.10.tgz. Extracting by manifest.
1603 silly tarball no local data for @types/d3-scale@https://registry.npmmirror.com/@types/d3-scale/-/d3-scale-4.0.9.tgz. Extracting by manifest.
1604 silly tarball no local data for @types/d3-fetch@https://registry.npmmirror.com/@types/d3-fetch/-/d3-fetch-3.0.7.tgz. Extracting by manifest.
1605 silly tarball no local data for @types/d3-ease@https://registry.npmmirror.com/@types/d3-ease/-/d3-ease-3.0.2.tgz. Extracting by manifest.
1606 silly tarball no local data for @types/d3-dsv@https://registry.npmmirror.com/@types/d3-dsv/-/d3-dsv-3.0.7.tgz. Extracting by manifest.
1607 silly tarball no local data for @types/d3-dispatch@https://registry.npmmirror.com/@types/d3-dispatch/-/d3-dispatch-3.0.7.tgz. Extracting by manifest.
1608 silly tarball no local data for @types/d3-contour@https://registry.npmmirror.com/@types/d3-contour/-/d3-contour-3.0.6.tgz. Extracting by manifest.
1609 silly tarball no local data for @types/d3-color@https://registry.npmmirror.com/@types/d3-color/-/d3-color-3.1.3.tgz. Extracting by manifest.
1610 silly tarball no local data for @types/d3-delaunay@https://registry.npmmirror.com/@types/d3-delaunay/-/d3-delaunay-6.0.4.tgz. Extracting by manifest.
1611 silly tarball no local data for @types/d3-brush@https://registry.npmmirror.com/@types/d3-brush/-/d3-brush-3.0.6.tgz. Extracting by manifest.
1612 silly tarball no local data for @types/d3-chord@https://registry.npmmirror.com/@types/d3-chord/-/d3-chord-3.0.6.tgz. Extracting by manifest.
1613 silly tarball no local data for @types/d3-axis@https://registry.npmmirror.com/@types/d3-axis/-/d3-axis-3.0.6.tgz. Extracting by manifest.
1614 silly tarball no local data for @types/d3-array@https://registry.npmmirror.com/@types/d3-array/-/d3-array-3.2.2.tgz. Extracting by manifest.
1615 silly tarball no local data for @types/chai@https://registry.npmmirror.com/@types/chai/-/chai-5.2.3.tgz. Extracting by manifest.
1616 silly tarball no local data for @types/d3@https://registry.npmmirror.com/@types/d3/-/d3-7.4.3.tgz. Extracting by manifest.
1617 silly tarball no local data for @types/aria-query@https://registry.npmmirror.com/@types/aria-query/-/aria-query-5.0.4.tgz. Extracting by manifest.
1618 silly tarball no local data for @types/better-sqlite3@https://registry.npmmirror.com/@types/better-sqlite3/-/better-sqlite3-7.6.13.tgz. Extracting by manifest.
1619 silly tarball no local data for @tiptap/starter-kit@https://registry.npmmirror.com/@tiptap/starter-kit/-/starter-kit-2.27.2.tgz. Extracting by manifest.
1620 silly tarball no local data for @tybys/wasm-util@https://registry.npmmirror.com/@tybys/wasm-util/-/wasm-util-0.10.3.tgz. Extracting by manifest.
1621 silly tarball no local data for @tiptap/pm@https://registry.npmmirror.com/@tiptap/pm/-/pm-2.27.2.tgz. Extracting by manifest.
1622 silly tarball no local data for @tiptap/react@https://registry.npmmirror.com/@tiptap/react/-/react-2.27.2.tgz. Extracting by manifest.
1623 silly tarball no local data for @tiptap/extension-text-style@https://registry.npmmirror.com/@tiptap/extension-text-style/-/extension-text-style-2.27.2.tgz. Extracting by manifest.
1624 silly tarball no local data for @tiptap/extension-text@https://registry.npmmirror.com/@tiptap/extension-text/-/extension-text-2.27.2.tgz. Extracting by manifest.
1625 silly tarball no local data for @tiptap/extension-table-row@https://registry.npmmirror.com/@tiptap/extension-table-row/-/extension-table-row-2.27.2.tgz. Extracting by manifest.
1626 silly tarball no local data for @tiptap/extension-table-header@https://registry.npmmirror.com/@tiptap/extension-table-header/-/extension-table-header-2.27.2.tgz. Extracting by manifest.
1627 silly tarball no local data for @tiptap/extension-table-cell@https://registry.npmmirror.com/@tiptap/extension-table-cell/-/extension-table-cell-2.27.2.tgz. Extracting by manifest.
1628 silly tarball no local data for @tiptap/extension-table@https://registry.npmmirror.com/@tiptap/extension-table/-/extension-table-2.27.2.tgz. Extracting by manifest.
1629 silly tarball no local data for @tiptap/extension-strike@https://registry.npmmirror.com/@tiptap/extension-strike/-/extension-strike-2.27.2.tgz. Extracting by manifest.
1630 silly tarball no local data for @tiptap/extension-placeholder@https://registry.npmmirror.com/@tiptap/extension-placeholder/-/extension-placeholder-2.27.2.tgz. Extracting by manifest.
1631 silly tarball no local data for @tiptap/extension-paragraph@https://registry.npmmirror.com/@tiptap/extension-paragraph/-/extension-paragraph-2.27.2.tgz. Extracting by manifest.
1632 silly tarball no local data for @tiptap/extension-ordered-list@https://registry.npmmirror.com/@tiptap/extension-ordered-list/-/extension-ordered-list-2.27.2.tgz. Extracting by manifest.
1633 silly tarball no local data for @tiptap/extension-list-item@https://registry.npmmirror.com/@tiptap/extension-list-item/-/extension-list-item-2.27.2.tgz. Extracting by manifest.
1634 silly tarball no local data for @tiptap/extension-link@https://registry.npmmirror.com/@tiptap/extension-link/-/extension-link-2.27.2.tgz. Extracting by manifest.
1635 silly tarball no local data for @tiptap/extension-italic@https://registry.npmmirror.com/@tiptap/extension-italic/-/extension-italic-2.27.2.tgz. Extracting by manifest.
1636 silly tarball no local data for @tiptap/extension-image@https://registry.npmmirror.com/@tiptap/extension-image/-/extension-image-2.27.2.tgz. Extracting by manifest.
1637 silly tarball no local data for @tiptap/extension-horizontal-rule@https://registry.npmmirror.com/@tiptap/extension-horizontal-rule/-/extension-horizontal-rule-2.27.2.tgz. Extracting by manifest.
1638 silly tarball no local data for @types/d3-drag@https://registry.npmmirror.com/@types/d3-drag/-/d3-drag-3.0.7.tgz. Extracting by manifest.
1639 silly tarball no local data for @tiptap/extension-heading@https://registry.npmmirror.com/@tiptap/extension-heading/-/extension-heading-2.27.2.tgz. Extracting by manifest.
1640 silly tarball no local data for @tiptap/extension-hard-break@https://registry.npmmirror.com/@tiptap/extension-hard-break/-/extension-hard-break-2.27.2.tgz. Extracting by manifest.
1641 silly tarball no local data for @tiptap/extension-history@https://registry.npmmirror.com/@tiptap/extension-history/-/extension-history-2.27.2.tgz. Extracting by manifest.
1642 silly tarball no local data for @tiptap/extension-gapcursor@https://registry.npmmirror.com/@tiptap/extension-gapcursor/-/extension-gapcursor-2.27.2.tgz. Extracting by manifest.
1643 silly tarball no local data for @tiptap/extension-floating-menu@https://registry.npmmirror.com/@tiptap/extension-floating-menu/-/extension-floating-menu-2.27.2.tgz. Extracting by manifest.
1644 silly tarball no local data for @tiptap/extension-document@https://registry.npmmirror.com/@tiptap/extension-document/-/extension-document-2.27.2.tgz. Extracting by manifest.
1645 silly tarball no local data for @tiptap/extension-dropcursor@https://registry.npmmirror.com/@tiptap/extension-dropcursor/-/extension-dropcursor-2.27.2.tgz. Extracting by manifest.
1646 silly tarball no local data for @tiptap/extension-code-block@https://registry.npmmirror.com/@tiptap/extension-code-block/-/extension-code-block-2.27.2.tgz. Extracting by manifest.
1647 silly tarball no local data for @tiptap/extension-code@https://registry.npmmirror.com/@tiptap/extension-code/-/extension-code-2.27.2.tgz. Extracting by manifest.
1648 silly tarball no local data for @tiptap/extension-bullet-list@https://registry.npmmirror.com/@tiptap/extension-bullet-list/-/extension-bullet-list-2.27.2.tgz. Extracting by manifest.
1649 silly tarball no local data for @tiptap/extension-bubble-menu@https://registry.npmmirror.com/@tiptap/extension-bubble-menu/-/extension-bubble-menu-2.27.2.tgz. Extracting by manifest.
1650 silly tarball no local data for @tiptap/extension-blockquote@https://registry.npmmirror.com/@tiptap/extension-blockquote/-/extension-blockquote-2.27.2.tgz. Extracting by manifest.
1651 silly tarball no local data for @tiptap/extension-bold@https://registry.npmmirror.com/@tiptap/extension-bold/-/extension-bold-2.27.2.tgz. Extracting by manifest.
1652 silly tarball no local data for @tiptap/core@https://registry.npmmirror.com/@tiptap/core/-/core-2.27.2.tgz. Extracting by manifest.
1653 silly tarball no local data for @testing-library/react@https://registry.npmmirror.com/@testing-library/react/-/react-16.3.2.tgz. Extracting by manifest.
1654 silly tarball no local data for @testing-library/dom@https://registry.npmmirror.com/@testing-library/dom/-/dom-10.4.1.tgz. Extracting by manifest.
1655 silly tarball no local data for @tailwindcss/postcss@https://registry.npmmirror.com/@tailwindcss/postcss/-/postcss-4.3.3.tgz. Extracting by manifest.
1656 silly tarball no local data for @tailwindcss/oxide-linux-x64-gnu@https://registry.npmmirror.com/@tailwindcss/oxide-linux-x64-gnu/-/oxide-linux-x64-gnu-4.3.3.tgz. Extracting by manifest.
1657 silly tarball no local data for @tailwindcss/oxide-linux-x64-musl@https://registry.npmmirror.com/@tailwindcss/oxide-linux-x64-musl/-/oxide-linux-x64-musl-4.3.3.tgz. Extracting by manifest.
1658 silly tarball no local data for @tailwindcss/oxide@https://registry.npmmirror.com/@tailwindcss/oxide/-/oxide-4.3.3.tgz. Extracting by manifest.
1659 silly tarball no local data for @tailwindcss/node@https://registry.npmmirror.com/@tailwindcss/node/-/node-4.3.3.tgz. Extracting by manifest.
1660 silly tarball no local data for @swc/helpers@https://registry.npmmirror.com/@swc/helpers/-/helpers-0.5.15.tgz. Extracting by manifest.
1661 silly tarball no local data for @standard-schema/spec@https://registry.npmmirror.com/@standard-schema/spec/-/spec-1.1.0.tgz. Extracting by manifest.
1662 silly tarball no local data for @rushstack/eslint-patch@https://registry.npmmirror.com/@rushstack/eslint-patch/-/eslint-patch-1.16.1.tgz. Extracting by manifest.
1663 silly tarball no local data for @rtsao/scc@https://registry.npmmirror.com/@rtsao/scc/-/scc-1.1.0.tgz. Extracting by manifest.
1664 silly tarball no local data for @rolldown/pluginutils@https://registry.npmmirror.com/@rolldown/pluginutils/-/pluginutils-1.0.1.tgz. Extracting by manifest.
1665 silly tarball no local data for @rolldown/binding-linux-x64-gnu@https://registry.npmmirror.com/@rolldown/binding-linux-x64-gnu/-/binding-linux-x64-gnu-1.2.4.tgz. Extracting by manifest.
1666 silly tarball no local data for @rolldown/binding-linux-x64-musl@https://registry.npmmirror.com/@rolldown/binding-linux-x64-musl/-/binding-linux-x64-musl-1.2.4.tgz. Extracting by manifest.
1667 silly tarball no local data for @remirror/core-constants@https://registry.npmmirror.com/@remirror/core-constants/-/core-constants-3.0.0.tgz. Extracting by manifest.
1668 silly tarball no local data for @popperjs/core@https://registry.npmmirror.com/@popperjs/core/-/core-2.11.8.tgz. Extracting by manifest.
1669 silly tarball no local data for @paralleldrive/cuid2@https://registry.npmmirror.com/@paralleldrive/cuid2/-/cuid2-2.3.1.tgz. Extracting by manifest.
1670 silly tarball no local data for @oxc-project/types@https://registry.npmmirror.com/@oxc-project/types/-/types-0.144.0.tgz. Extracting by manifest.
1671 silly tarball no local data for @nodelib/fs.walk@https://registry.npmmirror.com/@nodelib/fs.walk/-/fs.walk-1.2.8.tgz. Extracting by manifest.
1672 silly tarball no local data for @nodelib/fs.stat@https://registry.npmmirror.com/@nodelib/fs.stat/-/fs.stat-2.0.5.tgz. Extracting by manifest.
1673 silly tarball no local data for @nodelib/fs.scandir@https://registry.npmmirror.com/@nodelib/fs.scandir/-/fs.scandir-2.1.5.tgz. Extracting by manifest.
1674 silly tarball no local data for @nolyfill/is-core-module@https://registry.npmmirror.com/@nolyfill/is-core-module/-/is-core-module-1.0.39.tgz. Extracting by manifest.
1675 silly tarball no local data for @node-rs/jieba-linux-x64-gnu@https://registry.npmmirror.com/@node-rs/jieba-linux-x64-gnu/-/jieba-linux-x64-gnu-2.0.1.tgz. Extracting by manifest.
1676 silly tarball no local data for @node-rs/jieba-linux-x64-musl@https://registry.npmmirror.com/@node-rs/jieba-linux-x64-musl/-/jieba-linux-x64-musl-2.0.1.tgz. Extracting by manifest.
1677 silly tarball no local data for @node-rs/jieba@https://registry.npmmirror.com/@node-rs/jieba/-/jieba-2.0.1.tgz. Extracting by manifest.
1678 silly tarball no local data for @noble/hashes@https://registry.npmmirror.com/@noble/hashes/-/hashes-1.8.0.tgz. Extracting by manifest.
1679 silly tarball no local data for @next/swc-linux-x64-musl@https://registry.npmmirror.com/@next/swc-linux-x64-musl/-/swc-linux-x64-musl-15.5.23.tgz. Extracting by manifest.
1680 silly tarball no local data for @next/eslint-plugin-next@https://registry.npmmirror.com/@next/eslint-plugin-next/-/eslint-plugin-next-15.5.23.tgz. Extracting by manifest.
1681 silly tarball no local data for @mermaid-js/parser@https://registry.npmmirror.com/@mermaid-js/parser/-/parser-1.2.0.tgz. Extracting by manifest.
1682 silly tarball no local data for @jridgewell/trace-mapping@https://registry.npmmirror.com/@jridgewell/trace-mapping/-/trace-mapping-0.3.31.tgz. Extracting by manifest.
1683 silly tarball no local data for @next/swc-linux-x64-gnu@https://registry.npmmirror.com/@next/swc-linux-x64-gnu/-/swc-linux-x64-gnu-15.5.23.tgz. Extracting by manifest.
1684 silly tarball no local data for @napi-rs/wasm-runtime@https://registry.npmmirror.com/@napi-rs/wasm-runtime/-/wasm-runtime-0.2.12.tgz. Extracting by manifest.
1685 silly tarball no local data for @jridgewell/sourcemap-codec@https://registry.npmmirror.com/@jridgewell/sourcemap-codec/-/sourcemap-codec-1.5.5.tgz. Extracting by manifest.
1686 silly tarball no local data for @jridgewell/remapping@https://registry.npmmirror.com/@jridgewell/remapping/-/remapping-2.3.5.tgz. Extracting by manifest.
1687 silly tarball no local data for @jridgewell/resolve-uri@https://registry.npmmirror.com/@jridgewell/resolve-uri/-/resolve-uri-3.1.2.tgz. Extracting by manifest.
1688 silly tarball no local data for @jridgewell/gen-mapping@https://registry.npmmirror.com/@jridgewell/gen-mapping/-/gen-mapping-0.3.13.tgz. Extracting by manifest.
1689 silly tarball no local data for @img/sharp-wasm32@https://registry.npmmirror.com/@img/sharp-wasm32/-/sharp-wasm32-0.35.3.tgz. Extracting by manifest.
1690 silly tarball no local data for @img/sharp-linux-x64@https://registry.npmmirror.com/@img/sharp-linux-x64/-/sharp-linux-x64-0.35.3.tgz. Extracting by manifest.
1691 silly tarball no local data for @img/sharp-libvips-linuxmusl-x64@https://registry.npmmirror.com/@img/sharp-libvips-linuxmusl-x64/-/sharp-libvips-linuxmusl-x64-1.3.2.tgz. Extracting by manifest.
1692 silly tarball no local data for @img/sharp-libvips-linux-x64@https://registry.npmmirror.com/@img/sharp-libvips-linux-x64/-/sharp-libvips-linux-x64-1.3.2.tgz. Extracting by manifest.
1693 silly tarball no local data for @img/sharp-linuxmusl-x64@https://registry.npmmirror.com/@img/sharp-linuxmusl-x64/-/sharp-linuxmusl-x64-0.35.3.tgz. Extracting by manifest.
1694 silly tarball no local data for @next/env@https://registry.npmmirror.com/@next/env/-/env-15.5.23.tgz. Extracting by manifest.
1695 silly tarball no local data for @img/colour@https://registry.npmmirror.com/@img/colour/-/colour-1.1.0.tgz. Extracting by manifest.
1696 silly tarball no local data for @iconify/types@https://registry.npmmirror.com/@iconify/types/-/types-2.0.0.tgz. Extracting by manifest.
1697 silly tarball no local data for @iconify/utils@https://registry.npmmirror.com/@iconify/utils/-/utils-3.1.4.tgz. Extracting by manifest.
1698 silly tarball no local data for @humanwhocodes/retry@https://registry.npmmirror.com/@humanwhocodes/retry/-/retry-0.4.3.tgz. Extracting by manifest.
1699 silly tarball no local data for @humanwhocodes/module-importer@https://registry.npmmirror.com/@humanwhocodes/module-importer/-/module-importer-1.0.1.tgz. Extracting by manifest.
1700 silly tarball no local data for @humanfs/types@https://registry.npmmirror.com/@humanfs/types/-/types-0.15.0.tgz. Extracting by manifest.
1701 silly tarball no local data for @humanfs/node@https://registry.npmmirror.com/@humanfs/node/-/node-0.16.8.tgz. Extracting by manifest.
1702 silly tarball no local data for @humanfs/core@https://registry.npmmirror.com/@humanfs/core/-/core-0.19.2.tgz. Extracting by manifest.
1703 silly tarball no local data for @fontsource/instrument-serif@https://registry.npmmirror.com/@fontsource/instrument-serif/-/instrument-serif-5.3.0.tgz. Extracting by manifest.
1704 silly tarball no local data for @fontsource-variable/noto-serif-sc@https://registry.npmmirror.com/@fontsource-variable/noto-serif-sc/-/noto-serif-sc-5.3.0.tgz. Extracting by manifest.
1705 silly tarball no local data for @fontsource-variable/noto-sans-sc@https://registry.npmmirror.com/@fontsource-variable/noto-sans-sc/-/noto-sans-sc-5.3.0.tgz. Extracting by manifest.
1706 silly tarball no local data for @fontsource-variable/inter@https://registry.npmmirror.com/@fontsource-variable/inter/-/inter-5.3.0.tgz. Extracting by manifest.
1707 silly tarball no local data for @fontsource-variable/jetbrains-mono@https://registry.npmmirror.com/@fontsource-variable/jetbrains-mono/-/jetbrains-mono-5.3.0.tgz. Extracting by manifest.
1708 silly tarball no local data for @exodus/bytes@https://registry.npmmirror.com/@exodus/bytes/-/bytes-1.15.1.tgz. Extracting by manifest.
1709 silly tarball no local data for @eslint/object-schema@https://registry.npmmirror.com/@eslint/object-schema/-/object-schema-2.1.7.tgz. Extracting by manifest.
1710 silly tarball no local data for @eslint/plugin-kit@https://registry.npmmirror.com/@eslint/plugin-kit/-/plugin-kit-0.4.1.tgz. Extracting by manifest.
1711 silly tarball no local data for @eslint/js@https://registry.npmmirror.com/@eslint/js/-/js-9.39.5.tgz. Extracting by manifest.
1712 silly tarball no local data for @eslint/eslintrc@https://registry.npmmirror.com/@eslint/eslintrc/-/eslintrc-3.3.6.tgz. Extracting by manifest.
1713 silly tarball no local data for @eslint/core@https://registry.npmmirror.com/@eslint/core/-/core-0.17.0.tgz. Extracting by manifest.
1714 silly tarball no local data for @eslint/config-helpers@https://registry.npmmirror.com/@eslint/config-helpers/-/config-helpers-0.4.2.tgz. Extracting by manifest.
1715 silly tarball no local data for @eslint/config-array@https://registry.npmmirror.com/@eslint/config-array/-/config-array-0.21.2.tgz. Extracting by manifest.
1716 silly tarball no local data for @eslint-community/eslint-utils@https://registry.npmmirror.com/@eslint-community/eslint-utils/-/eslint-utils-4.10.1.tgz. Extracting by manifest.
1717 silly tarball no local data for @eslint-community/regexpp@https://registry.npmmirror.com/@eslint-community/regexpp/-/regexpp-4.12.2.tgz. Extracting by manifest.
1718 silly tarball no local data for @emnapi/wasi-threads@https://registry.npmmirror.com/@emnapi/wasi-threads/-/wasi-threads-1.2.3.tgz. Extracting by manifest.
1719 silly tarball no local data for @emnapi/core@https://registry.npmmirror.com/@emnapi/core/-/core-1.11.3.tgz. Extracting by manifest.
1720 silly tarball no local data for @emnapi/runtime@https://registry.npmmirror.com/@emnapi/runtime/-/runtime-1.11.3.tgz. Extracting by manifest.
1721 silly tarball no local data for @csstools/css-tokenizer@https://registry.npmmirror.com/@csstools/css-tokenizer/-/css-tokenizer-4.0.0.tgz. Extracting by manifest.
1722 silly tarball no local data for @csstools/css-syntax-patches-for-csstree@https://registry.npmmirror.com/@csstools/css-syntax-patches-for-csstree/-/css-syntax-patches-for-csstree-1.1.8.tgz. Extracting by manifest.
1723 silly tarball no local data for @csstools/css-parser-algorithms@https://registry.npmmirror.com/@csstools/css-parser-algorithms/-/css-parser-algorithms-4.0.0.tgz. Extracting by manifest.
1724 silly tarball no local data for @chevrotain/types@https://registry.npmmirror.com/@chevrotain/types/-/types-11.1.2.tgz. Extracting by manifest.
1725 silly tarball no local data for @bramus/specificity@https://registry.npmmirror.com/@bramus/specificity/-/specificity-2.4.2.tgz. Extracting by manifest.
1726 silly tarball no local data for @braintree/sanitize-url@https://registry.npmmirror.com/@braintree/sanitize-url/-/sanitize-url-7.1.2.tgz. Extracting by manifest.
1727 silly tarball no local data for @babel/runtime@https://registry.npmmirror.com/@babel/runtime/-/runtime-7.29.7.tgz. Extracting by manifest.
1728 silly tarball no local data for @csstools/css-calc@https://registry.npmmirror.com/@csstools/css-calc/-/css-calc-3.3.0.tgz. Extracting by manifest.
1729 silly tarball no local data for @babel/code-frame@https://registry.npmmirror.com/@babel/code-frame/-/code-frame-7.29.7.tgz. Extracting by manifest.
1730 silly tarball no local data for @asamuzakjp/generational-cache@https://registry.npmmirror.com/@asamuzakjp/generational-cache/-/generational-cache-1.0.1.tgz. Extracting by manifest.
1731 silly tarball no local data for @asamuzakjp/nwsapi@https://registry.npmmirror.com/@asamuzakjp/nwsapi/-/nwsapi-2.3.9.tgz. Extracting by manifest.
1732 silly tarball no local data for @asamuzakjp/dom-selector@https://registry.npmmirror.com/@asamuzakjp/dom-selector/-/dom-selector-7.1.1.tgz. Extracting by manifest.
1733 silly tarball no local data for @asamuzakjp/css-color@https://registry.npmmirror.com/@asamuzakjp/css-color/-/css-color-5.1.11.tgz. Extracting by manifest.
1734 silly tarball no local data for @csstools/css-color-parser@https://registry.npmmirror.com/@csstools/css-color-parser/-/css-color-parser-4.2.0.tgz. Extracting by manifest.
1735 silly tarball no local data for @alloc/quick-lru@https://registry.npmmirror.com/@alloc/quick-lru/-/quick-lru-5.2.0.tgz. Extracting by manifest.
1736 silly tarball no local data for @antfu/install-pkg@https://registry.npmmirror.com/@antfu/install-pkg/-/install-pkg-1.1.0.tgz. Extracting by manifest.
1737 silly tarball no local data for lightningcss-linux-x64-musl@https://registry.npmmirror.com/lightningcss-linux-x64-musl/-/lightningcss-linux-x64-musl-1.33.0.tgz. Extracting by manifest.
1738 silly tarball no local data for lightningcss-linux-x64-gnu@https://registry.npmmirror.com/lightningcss-linux-x64-gnu/-/lightningcss-linux-x64-gnu-1.33.0.tgz. Extracting by manifest.
1739 silly tarball no local data for lightningcss@https://registry.npmmirror.com/lightningcss/-/lightningcss-1.33.0.tgz. Extracting by manifest.
1740 silly tarball no local data for @types/mdurl@https://registry.npmmirror.com/@types/mdurl/-/mdurl-1.0.5.tgz. Extracting by manifest.
1741 silly tarball no local data for picomatch@https://registry.npmmirror.com/picomatch/-/picomatch-4.0.5.tgz. Extracting by manifest.
1742 silly tarball no local data for picomatch@https://registry.npmmirror.com/picomatch/-/picomatch-4.0.5.tgz. Extracting by manifest.
1743 silly tarball no local data for @types/markdown-it@https://registry.npmmirror.com/@types/markdown-it/-/markdown-it-13.0.9.tgz. Extracting by manifest.
1744 silly tarball no local data for @types/linkify-it@https://registry.npmmirror.com/@types/linkify-it/-/linkify-it-3.0.5.tgz. Extracting by manifest.
1745 silly tarball no local data for picomatch@https://registry.npmmirror.com/picomatch/-/picomatch-4.0.5.tgz. Extracting by manifest.
1746 silly tarball no local data for fdir@https://registry.npmmirror.com/fdir/-/fdir-6.5.0.tgz. Extracting by manifest.
1747 silly tarball no local data for @csstools/color-helpers@https://registry.npmmirror.com/@csstools/color-helpers/-/color-helpers-6.1.1.tgz. Extracting by manifest.
1748 silly tarball no local data for react-is@https://registry.npmmirror.com/react-is/-/react-is-17.0.2.tgz. Extracting by manifest.
1749 silly tarball no local data for ansi-styles@https://registry.npmmirror.com/ansi-styles/-/ansi-styles-5.2.0.tgz. Extracting by manifest.
1750 silly tarball no local data for entities@https://registry.npmmirror.com/entities/-/entities-8.0.0.tgz. Extracting by manifest.
1751 silly tarball no local data for semver@https://registry.npmmirror.com/semver/-/semver-6.3.1.tgz. Extracting by manifest.
1752 silly tarball no local data for @types/unist@https://registry.npmmirror.com/@types/unist/-/unist-2.0.11.tgz. Extracting by manifest.
1753 silly tarball no local data for escape-string-regexp@https://registry.npmmirror.com/escape-string-regexp/-/escape-string-regexp-5.0.0.tgz. Extracting by manifest.
1754 silly tarball no local data for commander@https://registry.npmmirror.com/commander/-/commander-8.3.0.tgz. Extracting by manifest.
1755 silly tarball no local data for semver@https://registry.npmmirror.com/semver/-/semver-6.3.1.tgz. Extracting by manifest.
1756 silly tarball no local data for glob-parent@https://registry.npmmirror.com/glob-parent/-/glob-parent-5.1.2.tgz. Extracting by manifest.
1757 silly tarball no local data for debug@https://registry.npmmirror.com/debug/-/debug-3.2.7.tgz. Extracting by manifest.
1758 silly tarball no local data for semver@https://registry.npmmirror.com/semver/-/semver-6.3.1.tgz. Extracting by manifest.
1759 silly tarball no local data for debug@https://registry.npmmirror.com/debug/-/debug-3.2.7.tgz. Extracting by manifest.
1760 silly tarball no local data for debug@https://registry.npmmirror.com/debug/-/debug-3.2.7.tgz. Extracting by manifest.
1761 silly tarball no local data for internmap@https://registry.npmmirror.com/internmap/-/internmap-1.0.1.tgz. Extracting by manifest.
1762 silly tarball no local data for d3-array@https://registry.npmmirror.com/d3-array/-/d3-array-2.12.1.tgz. Extracting by manifest.
1763 silly tarball no local data for d3-shape@https://registry.npmmirror.com/d3-shape/-/d3-shape-1.3.7.tgz. Extracting by manifest.
1764 silly tarball no local data for layout-base@https://registry.npmmirror.com/layout-base/-/layout-base-2.0.1.tgz. Extracting by manifest.
1765 silly tarball no local data for cose-base@https://registry.npmmirror.com/cose-base/-/cose-base-2.2.0.tgz. Extracting by manifest.
1766 silly tarball no local data for @napi-rs/wasm-runtime@https://registry.npmmirror.com/@napi-rs/wasm-runtime/-/wasm-runtime-1.2.3.tgz. Extracting by manifest.
1767 silly tarball no local data for @emnapi/wasi-threads@https://registry.npmmirror.com/@emnapi/wasi-threads/-/wasi-threads-1.2.1.tgz. Extracting by manifest.
1768 silly tarball no local data for @emnapi/runtime@https://registry.npmmirror.com/@emnapi/runtime/-/runtime-1.10.0.tgz. Extracting by manifest.
1769 silly tarball no local data for @emnapi/core@https://registry.npmmirror.com/@emnapi/core/-/core-1.10.0.tgz. Extracting by manifest.
1770 silly tarball no local data for d3-path@https://registry.npmmirror.com/d3-path/-/d3-path-1.0.9.tgz. Extracting by manifest.
1771 silly tarball no local data for @babel/helper-validator-identifier@https://registry.npmmirror.com/@babel/helper-validator-identifier/-/helper-validator-identifier-7.29.7.tgz. Extracting by manifest.
1772 silly tarball no local data for minimatch@https://registry.npmmirror.com/minimatch/-/minimatch-10.2.6.tgz. Extracting by manifest.
1773 silly tarball no local data for eslint-visitor-keys@https://registry.npmmirror.com/eslint-visitor-keys/-/eslint-visitor-keys-5.0.1.tgz. Extracting by manifest.
1774 silly tarball no local data for brace-expansion@https://registry.npmmirror.com/brace-expansion/-/brace-expansion-5.0.9.tgz. Extracting by manifest.
1775 silly tarball no local data for aria-query@https://registry.npmmirror.com/aria-query/-/aria-query-5.3.0.tgz. Extracting by manifest.
1776 silly tarball no local data for balanced-match@https://registry.npmmirror.com/balanced-match/-/balanced-match-4.0.4.tgz. Extracting by manifest.
1777 silly tarball no local data for eslint-visitor-keys@https://registry.npmmirror.com/eslint-visitor-keys/-/eslint-visitor-keys-3.4.3.tgz. Extracting by manifest.
1778 silly tarball no local data for strip-json-comments@https://registry.npmmirror.com/strip-json-comments/-/strip-json-comments-3.1.1.tgz. Extracting by manifest.
1779 silly tarball no local data for ignore@https://registry.npmmirror.com/ignore/-/ignore-7.0.6.tgz. Extracting by manifest.
1780 http fetch POST 200 https://registry.npmjs.org/-/npm/v1/security/advisories/bulk 2127ms
1781 silly audit report {
1781 silly audit report   '@tiptap/core': [
1781 silly audit report     {
1781 silly audit report       id: 1158508,
1781 silly audit report       url: 'https://github.com/advisories/GHSA-cp6q-959q-f8rh',
1781 silly audit report       title: 'Tiptap: mergeAttributes() turns an own __proto__ key into inherited executable DOM attributes',
1781 silly audit report       severity: 'moderate',
1781 silly audit report       vulnerable_versions: '>=2.0.0-alpha.0 <3.30.4',
1781 silly audit report       cwe: [Array],
1781 silly audit report       cvss: [Object]
1781 silly audit report     }
1781 silly audit report   ],
1781 silly audit report   '@vitest/mocker': [
1781 silly audit report     {
1781 silly audit report       id: 1193684,
1781 silly audit report       url: 'https://github.com/advisories/GHSA-82fw-gwwq-j7x9',
1781 silly audit report       title: 'Vitest: Path Traversal / Arbitrary File Read via @vitest/mocker Redirect Mock',
1781 silly audit report       severity: 'moderate',
1781 silly audit report       vulnerable_versions: '>=2.1.0 <4.1.11',
1781 silly audit report       cwe: [Array],
1781 silly audit report       cvss: [Object]
1781 silly audit report     }
1781 silly audit report   ],
1781 silly audit report   'js-yaml': [
1781 silly audit report     {
1781 silly audit report       id: 1193727,
1781 silly audit report       url: 'https://github.com/advisories/GHSA-2883-xcg3-v3hh',
1781 silly audit report       title: 'js-yaml: maxTotalMergeKeys does not limit CPU use for empty merge sources',
1781 silly audit report       severity: 'high',
1781 silly audit report       vulnerable_versions: '>=4.0.0 <4.3.2',
1781 silly audit report       cwe: [Array],
1781 silly audit report       cvss: [Object]
1781 silly audit report     }
1781 silly audit report   ],
1781 silly audit report   next: [
1781 silly audit report     {
1781 silly audit report       id: 1193677,
1781 silly audit report       url: 'https://github.com/advisories/GHSA-p293-qw3h-jr36',
1781 silly audit report       title: 'Next.js: Unauthenticated Remote Code Execution on windows-hosted servers',
1781 silly audit report       severity: 'critical',
1781 silly audit report       vulnerable_versions: '>=13.4.0 <15.5.24',
1781 silly audit report       cwe: [Array],
1781 silly audit report       cvss: [Object]
1781 silly audit report     },
1781 silly audit report     {
1781 silly audit report       id: 1193733,
1781 silly audit report       url: 'https://github.com/advisories/GHSA-2xp9-vwfh-vxw4',
1781 silly audit report       title: 'Next.js: Unauthenticated Remote Code Execution in Image Optimization API when AVIF files are used',
1781 silly audit report       severity: 'critical',
1781 silly audit report       vulnerable_versions: '>=10.0.0 <15.5.24',
1781 silly audit report       cwe: [Array],
1781 silly audit report       cvss: [Object]
1781 silly audit report     }
1781 silly audit report   ],
1781 silly audit report   sharp: [
1781 silly audit report     {
1781 silly audit report       id: 1193725,
1781 silly audit report       url: 'https://github.com/advisories/GHSA-rgj7-g3m4-5g8c',
1781 silly audit report       title: 'sharp: Vulnerabilities in libheif: GHSA-g89c-p67h-r497 and GHSA-2jg2-4ch7-h545',
1781 silly audit report       severity: 'high',
1781 silly audit report       vulnerable_versions: '<0.35.4',
1781 silly audit report       cwe: [Array],
1781 silly audit report       cvss: [Object]
1781 silly audit report     }
1781 silly audit report   ],
1781 silly audit report   vitest: [
1781 silly audit report     {
1781 silly audit report       id: 1193683,
1781 silly audit report       url: 'https://github.com/advisories/GHSA-82fw-gwwq-j7x9',
1781 silly audit report       title: 'Vitest: Path Traversal / Arbitrary File Read via @vitest/mocker Redirect Mock',
1781 silly audit report       severity: 'moderate',
1781 silly audit report       vulnerable_versions: '>=2.1.0 <4.1.11',
1781 silly audit report       cwe: [Array],
1781 silly audit report       cvss: [Object]
1781 silly audit report     }
1781 silly audit report   ]
1781 silly audit report }
1782 silly packumentCache corgi:https://registry.npmjs.org/@tiptap%2fcore cache-miss
1783 silly packumentCache corgi:https://registry.npmjs.org/@vitest%2fmocker cache-miss
1784 silly packumentCache corgi:https://registry.npmjs.org/js-yaml cache-miss
1785 silly packumentCache corgi:https://registry.npmjs.org/next cache-miss
1786 silly packumentCache corgi:https://registry.npmjs.org/sharp cache-miss
1787 silly packumentCache corgi:https://registry.npmjs.org/vitest cache-miss
1788 http fetch GET 200 https://registry.npmjs.org/@tiptap%2fcore 1939ms (cache miss)
1789 silly packumentCache corgi:https://registry.npmjs.org/@tiptap%2fcore set size:undefined disposed:false
1790 http fetch GET 200 https://cdn.npmmirror.com/packages/which-builtin-type/1.2.1/which-builtin-type-1.2.1.tgz 3960ms (cache miss)
1791 http fetch GET 200 https://cdn.npmmirror.com/packages/word-wrap/1.2.5/word-wrap-1.2.5.tgz 4209ms (cache miss)
1792 http fetch GET 200 https://registry.npmjs.org/js-yaml 2285ms (cache miss)
1793 silly packumentCache corgi:https://registry.npmjs.org/js-yaml set size:undefined disposed:false
1794 http fetch GET 200 https://registry.npmjs.org/sharp 2425ms (cache miss)
1795 silly packumentCache corgi:https://registry.npmjs.org/sharp set size:undefined disposed:false
1796 http fetch GET 200 https://registry.npmjs.org/npm 5072ms
1797 http fetch GET 200 https://cdn.npmmirror.com/packages/w3c-xmlserializer/5.0.0/w3c-xmlserializer-5.0.0.tgz 4605ms (cache miss)
1798 http fetch GET 200 https://cdn.npmmirror.com/packages/whatwg-mimetype/5.0.0/whatwg-mimetype-5.0.0.tgz 4666ms (cache miss)
1799 http fetch GET 200 https://cdn.npmmirror.com/packages/yazl/3.3.1/yazl-3.3.1.tgz 4691ms (cache miss)
1800 http fetch GET 200 https://cdn.npmmirror.com/packages/yocto-queue/0.1.0/yocto-queue-0.1.0.tgz 4703ms (cache miss)
1801 http fetch GET 200 https://cdn.npmmirror.com/packages/zwitch/2.0.4/zwitch-2.0.4.tgz 4864ms (cache miss)
1802 http fetch GET 200 https://cdn.npmmirror.com/packages/whatwg-url/16.0.1/whatwg-url-16.0.1.tgz 4983ms (cache miss)
1803 http fetch GET 200 https://cdn.npmmirror.com/packages/why-is-node-running/2.3.0/why-is-node-running-2.3.0.tgz 5029ms (cache miss)
1804 http fetch GET 200 https://cdn.npmmirror.com/packages/xml-name-validator/5.0.0/xml-name-validator-5.0.0.tgz 5100ms (cache miss)
1805 http fetch GET 200 https://cdn.npmmirror.com/packages/webidl-conversions/8.0.1/webidl-conversions-8.0.1.tgz 5138ms (cache miss)
1806 http fetch GET 200 https://cdn.npmmirror.com/packages/which/2.0.2/which-2.0.2.tgz 5242ms (cache miss)
1807 http fetch GET 200 https://cdn.npmmirror.com/packages/wrappy/1.0.2/wrappy-1.0.2.tgz 5277ms (cache miss)
1808 http fetch GET 200 https://cdn.npmmirror.com/packages/which-collection/1.0.2/which-collection-1.0.2.tgz 5316ms (cache miss)
1809 http fetch GET 200 https://cdn.npmmirror.com/packages/xmlchars/2.2.0/xmlchars-2.2.0.tgz 5322ms (cache miss)
1810 http fetch GET 200 https://cdn.npmmirror.com/packages/yauzl/3.4.0/yauzl-3.4.0.tgz 5359ms (cache miss)
1811 http fetch GET 200 https://cdn.npmmirror.com/packages/w3c-keyname/2.2.8/w3c-keyname-2.2.8.tgz 5389ms (cache miss)
1812 http fetch GET 200 https://cdn.npmmirror.com/packages/util-deprecate/1.0.2/util-deprecate-1.0.2.tgz 5414ms (cache miss)
1813 http fetch GET 200 https://cdn.npmmirror.com/packages/use-sync-external-store/1.6.0/use-sync-external-store-1.6.0.tgz 5468ms (cache miss)
1814 http fetch GET 200 https://cdn.npmmirror.com/packages/unist-util-is/6.0.1/unist-util-is-6.0.1.tgz 5736ms (cache miss)
1815 http fetch GET 200 https://cdn.npmmirror.com/packages/unist-util-position/5.0.0/unist-util-position-5.0.0.tgz 5801ms (cache miss)
1816 http fetch GET 200 https://cdn.npmmirror.com/packages/unrs-resolver/1.12.2/unrs-resolver-1.12.2.tgz 5803ms (cache miss)
1817 http fetch GET 200 https://cdn.npmmirror.com/packages/yaml/2.9.0/yaml-2.9.0.tgz 5825ms (cache miss)
1818 http fetch GET 200 https://cdn.npmmirror.com/packages/unbox-primitive/1.1.0/unbox-primitive-1.1.0.tgz 5827ms (cache miss)
1819 http fetch GET 200 https://cdn.npmmirror.com/packages/which-typed-array/1.1.22/which-typed-array-1.1.22.tgz 5904ms (cache miss)
1820 http fetch GET 200 https://cdn.npmmirror.com/packages/vfile/6.0.3/vfile-6.0.3.tgz 6036ms (cache miss)
1821 http fetch GET 200 https://cdn.npmmirror.com/packages/which-boxed-primitive/1.1.1/which-boxed-primitive-1.1.1.tgz 6054ms (cache miss)
1822 http fetch GET 200 https://registry.npmjs.org/@vitest%2fmocker 4288ms (cache miss)
1823 silly packumentCache corgi:https://registry.npmjs.org/@vitest%2fmocker set size:undefined disposed:false
1824 http fetch GET 200 https://cdn.npmmirror.com/packages/uuid/14.0.1/uuid-14.0.1.tgz 6385ms (cache miss)
1825 http fetch GET 200 https://cdn.npmmirror.com/packages/unist-util-stringify-position/4.0.0/unist-util-stringify-position-4.0.0.tgz 6406ms (cache miss)
1826 http fetch GET 200 https://cdn.npmmirror.com/packages/uc.micro/2.1.0/uc.micro-2.1.0.tgz 6427ms (cache miss)
1827 http fetch GET 200 https://cdn.npmmirror.com/packages/unist-util-visit/5.1.0/unist-util-visit-5.1.0.tgz 6444ms (cache miss)
1828 http fetch GET 200 https://cdn.npmmirror.com/packages/typed-array-buffer/1.0.3/typed-array-buffer-1.0.3.tgz 6448ms (cache miss)
1829 http fetch GET 200 https://cdn.npmmirror.com/packages/typed-array-byte-offset/1.0.4/typed-array-byte-offset-1.0.4.tgz 6548ms (cache miss)
1830 http fetch GET 200 https://cdn.npmmirror.com/packages/uri-js/4.4.1/uri-js-4.4.1.tgz 6651ms (cache miss)
1831 http fetch GET 200 https://cdn.npmmirror.com/packages/unist-util-visit-parents/6.0.2/unist-util-visit-parents-6.0.2.tgz 6671ms (cache miss)
1832 http fetch GET 200 https://cdn.npmmirror.com/packages/ts-dedent/2.3.0/ts-dedent-2.3.0.tgz 6816ms (cache miss)
1833 http fetch GET 200 https://cdn.npmmirror.com/packages/tunnel-agent/0.6.0/tunnel-agent-0.6.0.tgz 6881ms (cache miss)
1834 http fetch GET 200 https://cdn.npmmirror.com/packages/typed-array-length/1.0.8/typed-array-length-1.0.8.tgz 6974ms (cache miss)
1835 http fetch GET 200 https://cdn.npmmirror.com/packages/trim-lines/3.0.1/trim-lines-3.0.1.tgz 7057ms (cache miss)
1836 http fetch GET 200 https://cdn.npmmirror.com/packages/undici-types/6.21.0/undici-types-6.21.0.tgz 7096ms (cache miss)
1837 http fetch GET 200 https://cdn.npmmirror.com/packages/tsconfig-paths/3.15.0/tsconfig-paths-3.15.0.tgz 7112ms (cache miss)
1838 http fetch GET 200 https://cdn.npmmirror.com/packages/tslib/2.8.1/tslib-2.8.1.tgz 7203ms (cache miss)
1839 http fetch GET 200 https://cdn.npmmirror.com/packages/to-regex-range/5.0.1/to-regex-range-5.0.1.tgz 7234ms (cache miss)
1840 http fetch GET 200 https://cdn.npmmirror.com/packages/ts-api-utils/2.5.0/ts-api-utils-2.5.0.tgz 7295ms (cache miss)
1841 http fetch GET 200 https://cdn.npmmirror.com/packages/type-check/0.4.0/type-check-0.4.0.tgz 7307ms (cache miss)
1842 http fetch GET 200 https://cdn.npmmirror.com/packages/tr46/6.0.0/tr46-6.0.0.tgz 7394ms (cache miss)
1843 http fetch GET 200 https://registry.npmjs.org/vitest 5653ms (cache miss)
1844 silly packumentCache corgi:https://registry.npmjs.org/vitest set size:undefined disposed:false
1845 http fetch GET 200 https://cdn.npmmirror.com/packages/tinyexec/1.3.0/tinyexec-1.3.0.tgz 7765ms (cache miss)
1846 http fetch GET 200 https://cdn.npmmirror.com/packages/tar-stream/2.2.0/tar-stream-2.2.0.tgz 7830ms (cache miss)
1847 http fetch GET 200 https://cdn.npmmirror.com/packages/typed-array-byte-length/1.0.3/typed-array-byte-length-1.0.3.tgz 7839ms (cache miss)
1848 http fetch GET 200 https://cdn.npmmirror.com/packages/vitest/4.1.10/vitest-4.1.10.tgz 7978ms (cache miss)
1849 http fetch GET 200 https://cdn.npmmirror.com/packages/undici/7.29.0/undici-7.29.0.tgz 8021ms (cache miss)
1850 http fetch GET 200 https://cdn.npmmirror.com/packages/tiptap-markdown/0.8.10/tiptap-markdown-0.8.10.tgz 8080ms (cache miss)
1851 http fetch GET 200 https://cdn.npmmirror.com/packages/trough/2.2.0/trough-2.2.0.tgz 8113ms (cache miss)
1852 http fetch GET 200 https://cdn.npmmirror.com/packages/tldts-core/7.4.10/tldts-core-7.4.10.tgz 8202ms (cache miss)
1853 http fetch GET 200 https://cdn.npmmirror.com/packages/tapable/2.3.3/tapable-2.3.3.tgz 8264ms (cache miss)
1854 http fetch GET 200 https://cdn.npmmirror.com/packages/tinyrainbow/3.1.1/tinyrainbow-3.1.1.tgz 8267ms (cache miss)
1855 http fetch GET 200 https://cdn.npmmirror.com/packages/vfile-message/4.0.3/vfile-message-4.0.3.tgz 8328ms (cache miss)
1856 http fetch GET 200 https://cdn.npmmirror.com/packages/supports-color/7.2.0/supports-color-7.2.0.tgz 8416ms (cache miss)
1857 http fetch GET 200 https://cdn.npmmirror.com/packages/supports-preserve-symlinks-flag/1.0.0/supports-preserve-symlinks-flag-1.0.0.tgz 8467ms (cache miss)
1858 http fetch GET 200 https://cdn.npmmirror.com/packages/tinyglobby/0.2.17/tinyglobby-0.2.17.tgz 8550ms (cache miss)
1859 http fetch GET 200 https://cdn.npmmirror.com/packages/tar-fs/2.1.5/tar-fs-2.1.5.tgz 8686ms (cache miss)
1860 http fetch GET 200 https://cdn.npmmirror.com/packages/strip-bom/3.0.0/strip-bom-3.0.0.tgz 8739ms (cache miss)
1861 http fetch GET 200 https://cdn.npmmirror.com/packages/symbol-tree/3.2.4/symbol-tree-3.2.4.tgz 8847ms (cache miss)
1862 http fetch GET 200 https://cdn.npmmirror.com/packages/string.prototype.trimend/1.0.10/string.prototype.trimend-1.0.10.tgz 8876ms (cache miss)
1863 http fetch GET 200 https://cdn.npmmirror.com/packages/string.prototype.trim/1.2.11/string.prototype.trim-1.2.11.tgz 8973ms (cache miss)
1864 http fetch GET 200 https://cdn.npmmirror.com/packages/style-to-js/1.1.21/style-to-js-1.1.21.tgz 9095ms (cache miss)
1865 http fetch GET 200 https://cdn.npmmirror.com/packages/tough-cookie/6.0.2/tough-cookie-6.0.2.tgz 9158ms (cache miss)
1866 http fetch GET 200 https://cdn.npmmirror.com/packages/strip-json-comments/2.0.1/strip-json-comments-2.0.1.tgz 9162ms (cache miss)
1867 http fetch GET 200 https://cdn.npmmirror.com/packages/string.prototype.includes/2.0.1/string.prototype.includes-2.0.1.tgz 9251ms (cache miss)
1868 http fetch GET 200 https://cdn.npmmirror.com/packages/stop-iteration-iterator/1.1.0/stop-iteration-iterator-1.1.0.tgz 9390ms (cache miss)
1869 http fetch GET 200 https://cdn.npmmirror.com/packages/std-env/4.2.0/std-env-4.2.0.tgz 9511ms (cache miss)
1870 http fetch GET 200 https://cdn.npmmirror.com/packages/zod/4.4.3/zod-4.4.3.tgz 9533ms (cache miss)
1871 http fetch GET 200 https://cdn.npmmirror.com/packages/string.prototype.repeat/1.0.0/string.prototype.repeat-1.0.0.tgz 9595ms (cache miss)
1872 http fetch GET 200 https://cdn.npmmirror.com/packages/stable-hash/0.0.5/stable-hash-0.0.5.tgz 9654ms (cache miss)
1873 http fetch GET 200 https://cdn.npmmirror.com/packages/tailwindcss/4.3.3/tailwindcss-4.3.3.tgz 9721ms (cache miss)
1874 http fetch GET 200 https://cdn.npmmirror.com/packages/stylis/4.4.0/stylis-4.4.0.tgz 9804ms (cache miss)
1875 http fetch GET 200 https://cdn.npmmirror.com/packages/unified/11.0.5/unified-11.0.5.tgz 9823ms (cache miss)
1876 http fetch GET 200 https://cdn.npmmirror.com/packages/string_decoder/1.3.0/string_decoder-1.3.0.tgz 9894ms (cache miss)
1877 http fetch GET 200 https://cdn.npmmirror.com/packages/simple-get/4.0.1/simple-get-4.0.1.tgz 9919ms (cache miss)
1878 http fetch GET 200 https://cdn.npmmirror.com/packages/string.prototype.matchall/4.0.12/string.prototype.matchall-4.0.12.tgz 9930ms (cache miss)
1879 http fetch GET 200 https://cdn.npmmirror.com/packages/stackback/0.0.2/stackback-0.0.2.tgz 10066ms (cache miss)
1880 http fetch GET 200 https://cdn.npmmirror.com/packages/simple-concat/1.0.1/simple-concat-1.0.1.tgz 10134ms (cache miss)
1881 http fetch GET 200 https://cdn.npmmirror.com/packages/tldts/7.4.10/tldts-7.4.10.tgz 10213ms (cache miss)
1882 http fetch GET 200 https://cdn.npmmirror.com/packages/tinybench/2.9.0/tinybench-2.9.0.tgz 10221ms (cache miss)
1883 http fetch GET 200 https://cdn.npmmirror.com/packages/side-channel-map/1.0.1/side-channel-map-1.0.1.tgz 10243ms (cache miss)
1884 http fetch GET 200 https://cdn.npmmirror.com/packages/string.prototype.trimstart/1.0.8/string.prototype.trimstart-1.0.8.tgz 10310ms (cache miss)
1885 http fetch GET 200 https://cdn.npmmirror.com/packages/styled-jsx/5.1.6/styled-jsx-5.1.6.tgz 10328ms (cache miss)
1886 http fetch GET 200 https://cdn.npmmirror.com/packages/style-to-object/1.0.14/style-to-object-1.0.14.tgz 10416ms (cache miss)
1887 http fetch GET 200 https://cdn.npmmirror.com/packages/siginfo/2.0.0/siginfo-2.0.0.tgz 10444ms (cache miss)
1888 http fetch GET 200 https://cdn.npmmirror.com/packages/space-separated-tokens/2.0.2/space-separated-tokens-2.0.2.tgz 10603ms (cache miss)
1889 http fetch GET 200 https://cdn.npmmirror.com/packages/side-channel-weakmap/1.0.2/side-channel-weakmap-1.0.2.tgz 10702ms (cache miss)
1890 http fetch GET 200 https://cdn.npmmirror.com/packages/side-channel-list/1.0.1/side-channel-list-1.0.1.tgz 10717ms (cache miss)
1891 http fetch GET 200 https://cdn.npmmirror.com/packages/set-function-name/2.0.2/set-function-name-2.0.2.tgz 10722ms (cache miss)
1892 http fetch GET 200 https://cdn.npmmirror.com/packages/source-map-js/1.2.1/source-map-js-1.2.1.tgz 10883ms (cache miss)
1893 http fetch GET 200 https://cdn.npmmirror.com/packages/set-function-length/1.2.2/set-function-length-1.2.2.tgz 10952ms (cache miss)
1894 http fetch GET 200 https://cdn.npmmirror.com/packages/tippy.js/6.3.7/tippy.js-6.3.7.tgz 11006ms (cache miss)
1895 http fetch GET 200 https://cdn.npmmirror.com/packages/side-channel/1.1.1/side-channel-1.1.1.tgz 11140ms (cache miss)
1896 http fetch GET 200 https://cdn.npmmirror.com/packages/stringify-entities/4.0.4/stringify-entities-4.0.4.tgz 11146ms (cache miss)
1897 http fetch GET 200 https://cdn.npmmirror.com/packages/shebang-command/2.0.0/shebang-command-2.0.0.tgz 11165ms (cache miss)
1898 http fetch GET 200 https://cdn.npmmirror.com/packages/run-parallel/1.2.0/run-parallel-1.2.0.tgz 11293ms (cache miss)
1899 http fetch GET 200 https://cdn.npmmirror.com/packages/semver/7.8.5/semver-7.8.5.tgz 11312ms (cache miss)
1900 http fetch GET 200 https://cdn.npmmirror.com/packages/saxes/6.0.0/saxes-6.0.0.tgz 11418ms (cache miss)
1901 http fetch GET 200 https://cdn.npmmirror.com/packages/safe-buffer/5.2.1/safe-buffer-5.2.1.tgz 11431ms (cache miss)
1902 http fetch GET 200 https://cdn.npmmirror.com/packages/shebang-regex/3.0.0/shebang-regex-3.0.0.tgz 11492ms (cache miss)
1903 http fetch GET 200 https://cdn.npmmirror.com/packages/set-proto/1.0.0/set-proto-1.0.0.tgz 11500ms (cache miss)
1904 http fetch GET 200 https://cdn.npmmirror.com/packages/safer-buffer/2.1.2/safer-buffer-2.1.2.tgz 11536ms (cache miss)
1905 http fetch GET 200 https://cdn.npmmirror.com/packages/safe-regex-test/1.1.0/safe-regex-test-1.1.0.tgz 11570ms (cache miss)
1906 http fetch GET 200 https://cdn.npmmirror.com/packages/scheduler/0.27.0/scheduler-0.27.0.tgz 11649ms (cache miss)
1907 http fetch GET 200 https://cdn.npmmirror.com/packages/remark-rehype/11.1.2/remark-rehype-11.1.2.tgz 11748ms (cache miss)
1908 http fetch GET 200 https://cdn.npmmirror.com/packages/resolve/2.0.0-next.7/resolve-2.0.0-next.7.tgz 11833ms (cache miss)
1909 http fetch GET 200 https://cdn.npmmirror.com/packages/safe-push-apply/1.0.0/safe-push-apply-1.0.0.tgz 11836ms (cache miss)
1910 http fetch GET 200 https://cdn.npmmirror.com/packages/sharp/0.35.3/sharp-0.35.3.tgz 11855ms (cache miss)
1911 http fetch GET 200 https://cdn.npmmirror.com/packages/vite/8.2.1/vite-8.2.1.tgz 11882ms (cache miss)
1912 http fetch GET 200 https://cdn.npmmirror.com/packages/safe-array-concat/1.1.4/safe-array-concat-1.1.4.tgz 11916ms (cache miss)
1913 http fetch GET 200 https://cdn.npmmirror.com/packages/rw/1.3.3/rw-1.3.3.tgz 11959ms (cache miss)
1914 http fetch GET 200 https://cdn.npmmirror.com/packages/roughjs/4.6.6/roughjs-4.6.6.tgz 12060ms (cache miss)
1915 http fetch GET 200 https://cdn.npmmirror.com/packages/react-is/16.13.1/react-is-16.13.1.tgz 12079ms (cache miss)
1916 http fetch GET 200 https://cdn.npmmirror.com/packages/require-from-string/2.0.2/require-from-string-2.0.2.tgz 12167ms (cache miss)
1917 http fetch GET 200 https://cdn.npmmirror.com/packages/resolve-pkg-maps/1.0.0/resolve-pkg-maps-1.0.0.tgz 12179ms (cache miss)
1918 http fetch GET 200 https://cdn.npmmirror.com/packages/react-markdown/10.1.0/react-markdown-10.1.0.tgz 12194ms (cache miss)
1919 http fetch GET 200 https://cdn.npmmirror.com/packages/rc/1.2.8/rc-1.2.8.tgz 12223ms (cache miss)
1920 http fetch GET 200 https://cdn.npmmirror.com/packages/remark-parse/11.0.0/remark-parse-11.0.0.tgz 12274ms (cache miss)
1921 http fetch GET 200 https://cdn.npmmirror.com/packages/resolve-from/4.0.0/resolve-from-4.0.0.tgz 12318ms (cache miss)
1922 http fetch GET 200 https://cdn.npmmirror.com/packages/regexp.prototype.flags/1.5.4/regexp.prototype.flags-1.5.4.tgz 12349ms (cache miss)
1923 http fetch GET 200 https://cdn.npmmirror.com/packages/remark-gfm/4.0.1/remark-gfm-4.0.1.tgz 12374ms (cache miss)
1924 http fetch GET 200 https://cdn.npmmirror.com/packages/reusify/1.1.0/reusify-1.1.0.tgz 12529ms (cache miss)
1925 http fetch GET 200 https://cdn.npmmirror.com/packages/reflect.getprototypeof/1.0.10/reflect.getprototypeof-1.0.10.tgz 12590ms (cache miss)
1926 http fetch GET 200 https://cdn.npmmirror.com/packages/readable-stream/3.6.2/readable-stream-3.6.2.tgz 12598ms (cache miss)
1927 http fetch GET 200 https://cdn.npmmirror.com/packages/pump/3.0.4/pump-3.0.4.tgz 12614ms (cache miss)
1928 http fetch GET 200 https://cdn.npmmirror.com/packages/punycode/2.3.1/punycode-2.3.1.tgz 12623ms (cache miss)
1929 http fetch GET 200 https://cdn.npmmirror.com/packages/remark-stringify/11.0.0/remark-stringify-11.0.0.tgz 12735ms (cache miss)
1930 http fetch GET 200 https://cdn.npmmirror.com/packages/react/19.2.8/react-19.2.8.tgz 12766ms (cache miss)
1931 http fetch GET 200 https://cdn.npmmirror.com/packages/prosemirror-trailing-node/3.0.0/prosemirror-trailing-node-3.0.0.tgz 12891ms (cache miss)
1932 http fetch GET 200 https://cdn.npmmirror.com/packages/prosemirror-schema-basic/1.2.4/prosemirror-schema-basic-1.2.4.tgz 12990ms (cache miss)
1933 http fetch GET 200 https://cdn.npmmirror.com/packages/prosemirror-view/1.42.2/prosemirror-view-1.42.2.tgz 13193ms (cache miss)
1934 http fetch GET 200 https://cdn.npmmirror.com/packages/prosemirror-state/1.4.4/prosemirror-state-1.4.4.tgz 13204ms (cache miss)
1935 http fetch GET 200 https://cdn.npmmirror.com/packages/prosemirror-gapcursor/1.4.1/prosemirror-gapcursor-1.4.1.tgz 13208ms (cache miss)
1936 http fetch GET 200 https://cdn.npmmirror.com/packages/prosemirror-schema-list/1.5.1/prosemirror-schema-list-1.5.1.tgz 13250ms (cache miss)
1937 http fetch GET 200 https://cdn.npmmirror.com/packages/rolldown/1.2.4/rolldown-1.2.4.tgz 13395ms (cache miss)
1938 http fetch GET 200 https://cdn.npmmirror.com/packages/prosemirror-keymap/1.2.3/prosemirror-keymap-1.2.3.tgz 13395ms (cache miss)
1939 http fetch GET 200 https://cdn.npmmirror.com/packages/punycode.js/2.3.1/punycode.js-2.3.1.tgz 13420ms (cache miss)
1940 http fetch GET 200 https://cdn.npmmirror.com/packages/queue-microtask/1.2.3/queue-microtask-1.2.3.tgz 13578ms (cache miss)
1941 http fetch GET 200 https://cdn.npmmirror.com/packages/prosemirror-commands/1.7.2/prosemirror-commands-1.7.2.tgz 13599ms (cache miss)
1942 http fetch GET 200 https://cdn.npmmirror.com/packages/prosemirror-menu/1.3.2/prosemirror-menu-1.3.2.tgz 13613ms (cache miss)
1943 http fetch GET 200 https://cdn.npmmirror.com/packages/prosemirror-inputrules/1.5.1/prosemirror-inputrules-1.5.1.tgz 13652ms (cache miss)
1944 http fetch GET 200 https://cdn.npmmirror.com/packages/prosemirror-collab/1.3.1/prosemirror-collab-1.3.1.tgz 13671ms (cache miss)
1945 http fetch GET 200 https://cdn.npmmirror.com/packages/property-information/7.2.0/property-information-7.2.0.tgz 13707ms (cache miss)
1946 http fetch GET 200 https://cdn.npmmirror.com/packages/pretty-format/27.5.1/pretty-format-27.5.1.tgz 13718ms (cache miss)
1947 http fetch GET 200 https://cdn.npmmirror.com/packages/prosemirror-model/1.25.11/prosemirror-model-1.25.11.tgz 13923ms (cache miss)
1948 http fetch GET 200 https://cdn.npmmirror.com/packages/prop-types/15.8.1/prop-types-15.8.1.tgz 13990ms (cache miss)
1949 http fetch GET 200 https://cdn.npmmirror.com/packages/postcss/8.5.26/postcss-8.5.26.tgz 14034ms (cache miss)
1950 http fetch GET 200 https://cdn.npmmirror.com/packages/points-on-path/0.2.1/points-on-path-0.2.1.tgz 14055ms (cache miss)
1951 http fetch GET 200 https://cdn.npmmirror.com/packages/prosemirror-markdown/1.13.5/prosemirror-markdown-1.13.5.tgz 14174ms (cache miss)
1952 http fetch GET 200 https://cdn.npmmirror.com/packages/possible-typed-array-names/1.1.0/possible-typed-array-names-1.1.0.tgz 14187ms (cache miss)
1953 http fetch GET 200 https://cdn.npmmirror.com/packages/prebuild-install/7.1.2/prebuild-install-7.1.2.tgz 14214ms (cache miss)
1954 http fetch GET 200 https://cdn.npmmirror.com/packages/prelude-ls/1.2.1/prelude-ls-1.2.1.tgz 14443ms (cache miss)
1955 http fetch GET 200 https://cdn.npmmirror.com/packages/path-key/3.1.1/path-key-3.1.1.tgz 14462ms (cache miss)
1956 http fetch GET 200 https://cdn.npmmirror.com/packages/prosemirror-tables/1.8.5/prosemirror-tables-1.8.5.tgz 14518ms (cache miss)
1957 http fetch GET 200 https://cdn.npmmirror.com/packages/pend/1.2.0/pend-1.2.0.tgz 14603ms (cache miss)
1958 http fetch GET 200 https://cdn.npmmirror.com/packages/path-exists/4.0.0/path-exists-4.0.0.tgz 14626ms (cache miss)
1959 http fetch GET 200 https://cdn.npmmirror.com/packages/prosemirror-changeset/2.4.1/prosemirror-changeset-2.4.1.tgz 14691ms (cache miss)
1960 http fetch GET 200 https://cdn.npmmirror.com/packages/points-on-curve/0.2.0/points-on-curve-0.2.0.tgz 14771ms (cache miss)
1961 http fetch GET 200 https://cdn.npmmirror.com/packages/prosemirror-dropcursor/1.8.3/prosemirror-dropcursor-1.8.3.tgz 14829ms (cache miss)
1962 http fetch GET 200 https://cdn.npmmirror.com/packages/rope-sequence/1.3.4/rope-sequence-1.3.4.tgz 14847ms (cache miss)
1963 http fetch GET 200 https://cdn.npmmirror.com/packages/picomatch/2.3.2/picomatch-2.3.2.tgz 14900ms (cache miss)
1964 http fetch GET 200 https://cdn.npmmirror.com/packages/prosemirror-history/1.5.0/prosemirror-history-1.5.0.tgz 14957ms (cache miss)
1965 http fetch GET 200 https://cdn.npmmirror.com/packages/parse-entities/4.0.2/parse-entities-4.0.2.tgz 14982ms (cache miss)
1966 http fetch GET 200 https://cdn.npmmirror.com/packages/picocolors/1.1.1/picocolors-1.1.1.tgz 15060ms (cache miss)
1967 http fetch GET 200 https://cdn.npmmirror.com/packages/robust-predicates/3.0.3/robust-predicates-3.0.3.tgz 15166ms (cache miss)
1968 http fetch GET 200 https://cdn.npmmirror.com/packages/p-limit/3.1.0/p-limit-3.1.0.tgz 15237ms (cache miss)
1969 http fetch GET 200 https://cdn.npmmirror.com/packages/own-keys/1.0.2/own-keys-1.0.2.tgz 15314ms (cache miss)
1970 http fetch GET 200 https://cdn.npmmirror.com/packages/pngjs/6.0.0/pngjs-6.0.0.tgz 15428ms (cache miss)
1971 http fetch GET 200 https://cdn.npmmirror.com/packages/prosemirror-transform/1.12.0/prosemirror-transform-1.12.0.tgz 15553ms (cache miss)
1972 http fetch GET 200 https://cdn.npmmirror.com/packages/object.fromentries/2.0.8/object.fromentries-2.0.8.tgz 15670ms (cache miss)
1973 http fetch GET 200 https://cdn.npmmirror.com/packages/pathe/2.0.3/pathe-2.0.3.tgz 15736ms (cache miss)
1974 http fetch GET 200 https://cdn.npmmirror.com/packages/parent-module/1.0.1/parent-module-1.0.1.tgz 15845ms (cache miss)
1975 http fetch GET 200 https://cdn.npmmirror.com/packages/orderedmap/2.1.1/orderedmap-2.1.1.tgz 15846ms (cache miss)
1976 http fetch GET 200 https://cdn.npmmirror.com/packages/react-dom/19.2.8/react-dom-19.2.8.tgz 15863ms (cache miss)
1977 http fetch GET 200 https://cdn.npmmirror.com/packages/object-assign/4.1.1/object-assign-4.1.1.tgz 15955ms (cache miss)
1978 http fetch GET 200 https://cdn.npmmirror.com/packages/object.assign/4.1.7/object.assign-4.1.7.tgz 16101ms (cache miss)
1979 http fetch GET 200 https://cdn.npmmirror.com/packages/path-parse/1.0.7/path-parse-1.0.7.tgz 16130ms (cache miss)
1980 http fetch GET 200 https://cdn.npmmirror.com/packages/once/1.4.0/once-1.4.0.tgz 16134ms (cache miss)
1981 http fetch GET 200 https://cdn.npmmirror.com/packages/path-data-parser/0.1.0/path-data-parser-0.1.0.tgz 16147ms (cache miss)
1982 http fetch GET 200 https://cdn.npmmirror.com/packages/object.entries/1.1.9/object.entries-1.1.9.tgz 16274ms (cache miss)
1983 http fetch GET 200 https://cdn.npmmirror.com/packages/object.groupby/1.0.3/object.groupby-1.0.3.tgz 16386ms (cache miss)
1984 http fetch GET 200 https://cdn.npmmirror.com/packages/object-inspect/1.13.4/object-inspect-1.13.4.tgz 16473ms (cache miss)
1985 http fetch GET 200 https://cdn.npmmirror.com/packages/object-keys/1.1.1/object-keys-1.1.1.tgz 16497ms (cache miss)
1986 http fetch GET 200 https://cdn.npmmirror.com/packages/ms/2.1.3/ms-2.1.3.tgz 16698ms (cache miss)
1987 http fetch GET 200 https://cdn.npmmirror.com/packages/obug/2.1.4/obug-2.1.4.tgz 16764ms (cache miss)
1988 http fetch GET 200 https://cdn.npmmirror.com/packages/node-abi/3.94.0/node-abi-3.94.0.tgz 16891ms (cache miss)
1989 http fetch GET 200 https://cdn.npmmirror.com/packages/node-exports-info/1.6.2/node-exports-info-1.6.2.tgz 16895ms (cache miss)
1990 http fetch GET 200 https://cdn.npmmirror.com/packages/parse5/8.0.1/parse5-8.0.1.tgz 16936ms (cache miss)
1991 http fetch GET 200 https://cdn.npmmirror.com/packages/napi-postinstall/0.3.4/napi-postinstall-0.3.4.tgz 16962ms (cache miss)
1992 http fetch GET 200 https://cdn.npmmirror.com/packages/mkdirp-classic/0.5.3/mkdirp-classic-0.5.3.tgz 17099ms (cache miss)
1993 http fetch GET 200 https://cdn.npmmirror.com/packages/package-manager-detector/1.8.0/package-manager-detector-1.8.0.tgz 17105ms (cache miss)
1994 http fetch GET 200 https://cdn.npmmirror.com/packages/nanoid/3.3.18/nanoid-3.3.18.tgz 17119ms (cache miss)
1995 http fetch GET 200 https://cdn.npmmirror.com/packages/micromatch/4.0.8/micromatch-4.0.8.tgz 17180ms (cache miss)
1996 http fetch GET 200 https://cdn.npmmirror.com/packages/minimist/1.2.8/minimist-1.2.8.tgz 17205ms (cache miss)
1997 http fetch GET 200 https://cdn.npmmirror.com/packages/micromark-util-subtokenize/2.1.0/micromark-util-subtokenize-2.1.0.tgz 17341ms (cache miss)
1998 http fetch GET 200 https://cdn.npmmirror.com/packages/mimic-response/3.1.0/mimic-response-3.1.0.tgz 17364ms (cache miss)
1999 http fetch GET 200 https://cdn.npmmirror.com/packages/next-themes/0.4.6/next-themes-0.4.6.tgz 17478ms (cache miss)
2000 http fetch GET 200 https://cdn.npmmirror.com/packages/object.values/1.2.1/object.values-1.2.1.tgz 17538ms (cache miss)
2001 http fetch GET 200 https://cdn.npmmirror.com/packages/micromark-util-encode/2.0.1/micromark-util-encode-2.0.1.tgz 17538ms (cache miss)
2002 http fetch GET 200 https://cdn.npmmirror.com/packages/natural-compare/1.4.0/natural-compare-1.4.0.tgz 17578ms (cache miss)
2003 http fetch GET 200 https://cdn.npmmirror.com/packages/micromark-util-html-tag-name/2.0.1/micromark-util-html-tag-name-2.0.1.tgz 17606ms (cache miss)
2004 http fetch GET 200 https://cdn.npmmirror.com/packages/micromark-util-sanitize-uri/2.0.1/micromark-util-sanitize-uri-2.0.1.tgz 17767ms (cache miss)
2005 http fetch GET 200 https://cdn.npmmirror.com/packages/minimatch/3.1.5/minimatch-3.1.5.tgz 17797ms (cache miss)
2006 http fetch GET 200 https://cdn.npmmirror.com/packages/micromark-util-normalize-identifier/2.0.1/micromark-util-normalize-identifier-2.0.1.tgz 17807ms (cache miss)
2007 http fetch GET 200 https://cdn.npmmirror.com/packages/napi-build-utils/1.0.2/napi-build-utils-1.0.2.tgz 17836ms (cache miss)
2008 http fetch GET 200 https://cdn.npmmirror.com/packages/micromark-util-classify-character/2.0.1/micromark-util-classify-character-2.0.1.tgz 17940ms (cache miss)
2009 http fetch GET 200 https://cdn.npmmirror.com/packages/micromark-util-decode-numeric-character-reference/2.0.2/micromark-util-decode-numeric-character-reference-2.0.2.tgz 17958ms (cache miss)
2010 http fetch GET 200 https://cdn.npmmirror.com/packages/micromark-util-resolve-all/2.0.1/micromark-util-resolve-all-2.0.1.tgz 17998ms (cache miss)
2011 http fetch GET 200 https://cdn.npmmirror.com/packages/micromark-extension-gfm-task-list-item/2.1.0/micromark-extension-gfm-task-list-item-2.1.0.tgz 18021ms (cache miss)
2012 http fetch GET 200 https://cdn.npmmirror.com/packages/micromark-util-combine-extensions/2.0.1/micromark-util-combine-extensions-2.0.1.tgz 18162ms (cache miss)
2013 http fetch GET 200 https://cdn.npmmirror.com/packages/micromark-util-character/2.1.1/micromark-util-character-2.1.1.tgz 18254ms (cache miss)
2014 http fetch GET 200 https://cdn.npmmirror.com/packages/micromark-extension-gfm-strikethrough/2.1.0/micromark-extension-gfm-strikethrough-2.1.0.tgz 18360ms (cache miss)
2015 http fetch GET 200 https://cdn.npmmirror.com/packages/micromark-extension-gfm-tagfilter/2.0.0/micromark-extension-gfm-tagfilter-2.0.0.tgz 18372ms (cache miss)
2016 http fetch GET 200 https://cdn.npmmirror.com/packages/micromark-util-decode-string/2.0.1/micromark-util-decode-string-2.0.1.tgz 18415ms (cache miss)
2017 http fetch GET 200 https://cdn.npmmirror.com/packages/micromark-factory-space/2.0.1/micromark-factory-space-2.0.1.tgz 18424ms (cache miss)
2018 http fetch GET 200 https://cdn.npmmirror.com/packages/micromark-factory-destination/2.0.1/micromark-factory-destination-2.0.1.tgz 18425ms (cache miss)
2019 http fetch GET 200 https://cdn.npmmirror.com/packages/micromark-util-chunked/2.0.1/micromark-util-chunked-2.0.1.tgz 18459ms (cache miss)
2020 http fetch GET 200 https://cdn.npmmirror.com/packages/micromark-extension-gfm-footnote/2.1.0/micromark-extension-gfm-footnote-2.1.0.tgz 18583ms (cache miss)
2021 http fetch GET 200 https://cdn.npmmirror.com/packages/micromark-factory-whitespace/2.0.1/micromark-factory-whitespace-2.0.1.tgz 18590ms (cache miss)
2022 http fetch GET 200 https://cdn.npmmirror.com/packages/mdast-util-to-string/4.0.0/mdast-util-to-string-4.0.0.tgz 18825ms (cache miss)
2023 http fetch GET 200 https://cdn.npmmirror.com/packages/micromark-factory-label/2.0.1/micromark-factory-label-2.0.1.tgz 18912ms (cache miss)
2024 http fetch GET 200 https://cdn.npmmirror.com/packages/micromark-extension-gfm-autolink-literal/2.1.0/micromark-extension-gfm-autolink-literal-2.1.0.tgz 18997ms (cache miss)
2025 http fetch GET 200 https://cdn.npmmirror.com/packages/micromark-factory-title/2.0.1/micromark-factory-title-2.0.1.tgz 19016ms (cache miss)
2026 http fetch GET 200 https://cdn.npmmirror.com/packages/micromark-util-types/2.0.2/micromark-util-types-2.0.2.tgz 19151ms (cache miss)
2027 http fetch GET 200 https://cdn.npmmirror.com/packages/micromark/4.0.2/micromark-4.0.2.tgz 19207ms (cache miss)
2028 http fetch GET 200 https://cdn.npmmirror.com/packages/mdn-data/2.27.1/mdn-data-2.27.1.tgz 19364ms (cache miss)
2029 http fetch GET 200 https://cdn.npmmirror.com/packages/micromark-util-symbol/2.0.1/micromark-util-symbol-2.0.1.tgz 19416ms (cache miss)
2030 http fetch GET 200 https://cdn.npmmirror.com/packages/mdast-util-mdxjs-esm/2.0.1/mdast-util-mdxjs-esm-2.0.1.tgz 19421ms (cache miss)
2031 http fetch GET 200 https://cdn.npmmirror.com/packages/mdast-util-phrasing/4.1.0/mdast-util-phrasing-4.1.0.tgz 19594ms (cache miss)
2032 http fetch GET 200 https://cdn.npmmirror.com/packages/mdast-util-gfm-strikethrough/2.0.0/mdast-util-gfm-strikethrough-2.0.0.tgz 19594ms (cache miss)
2033 http fetch GET 200 https://cdn.npmmirror.com/packages/micromark-extension-gfm-table/2.1.1/micromark-extension-gfm-table-2.1.1.tgz 19704ms (cache miss)
2034 http fetch GET 200 https://cdn.npmmirror.com/packages/mdast-util-mdx-jsx/3.2.0/mdast-util-mdx-jsx-3.2.0.tgz 19790ms (cache miss)
2035 http fetch GET 200 https://cdn.npmmirror.com/packages/mdast-util-find-and-replace/3.0.2/mdast-util-find-and-replace-3.0.2.tgz 19810ms (cache miss)
2036 http fetch GET 200 https://cdn.npmmirror.com/packages/mdast-util-gfm-footnote/2.1.0/mdast-util-gfm-footnote-2.1.0.tgz 19835ms (cache miss)
2037 http fetch GET 200 https://cdn.npmmirror.com/packages/mdast-util-gfm-table/2.0.0/mdast-util-gfm-table-2.0.0.tgz 19850ms (cache miss)
2038 http fetch GET 200 https://cdn.npmmirror.com/packages/micromark-extension-gfm/3.0.0/micromark-extension-gfm-3.0.0.tgz 19890ms (cache miss)
2039 http fetch GET 200 https://registry.npmjs.org/next 17974ms (cache miss)
2040 silly packumentCache corgi:https://registry.npmjs.org/next set size:undefined disposed:false
2041 silly packumentCache corgi:https://registry.npmjs.org/@tiptap%2fextension-blockquote cache-miss
2042 silly packumentCache corgi:https://registry.npmjs.org/@tiptap%2fextension-bold cache-miss
2043 silly packumentCache corgi:https://registry.npmjs.org/@tiptap%2fextension-bubble-menu cache-miss
2044 silly packumentCache corgi:https://registry.npmjs.org/@tiptap%2fextension-bullet-list cache-miss
2045 silly packumentCache corgi:https://registry.npmjs.org/@tiptap%2fextension-code cache-miss
2046 silly packumentCache corgi:https://registry.npmjs.org/@tiptap%2fextension-code-block cache-miss
2047 silly packumentCache corgi:https://registry.npmjs.org/@tiptap%2fextension-document cache-miss
2048 silly packumentCache corgi:https://registry.npmjs.org/@tiptap%2fextension-dropcursor cache-miss
2049 silly packumentCache corgi:https://registry.npmjs.org/@tiptap%2fextension-floating-menu cache-miss
2050 silly packumentCache corgi:https://registry.npmjs.org/@tiptap%2fextension-gapcursor cache-miss
2051 silly packumentCache corgi:https://registry.npmjs.org/@tiptap%2fextension-hard-break cache-miss
2052 silly packumentCache corgi:https://registry.npmjs.org/@tiptap%2fextension-heading cache-miss
2053 silly packumentCache corgi:https://registry.npmjs.org/@tiptap%2fextension-history cache-miss
2054 silly packumentCache corgi:https://registry.npmjs.org/@tiptap%2fextension-horizontal-rule cache-miss
2055 silly packumentCache corgi:https://registry.npmjs.org/@tiptap%2fextension-image cache-miss
2056 silly packumentCache corgi:https://registry.npmjs.org/@tiptap%2fextension-italic cache-miss
2057 silly packumentCache corgi:https://registry.npmjs.org/@tiptap%2fextension-link cache-miss
2058 silly packumentCache corgi:https://registry.npmjs.org/@tiptap%2fextension-list-item cache-miss
2059 silly packumentCache corgi:https://registry.npmjs.org/@tiptap%2fextension-ordered-list cache-miss
2060 silly packumentCache corgi:https://registry.npmjs.org/@tiptap%2fextension-paragraph cache-miss
2061 silly packumentCache corgi:https://registry.npmjs.org/@tiptap%2fextension-placeholder cache-miss
2062 silly packumentCache corgi:https://registry.npmjs.org/@tiptap%2fextension-strike cache-miss
2063 silly packumentCache corgi:https://registry.npmjs.org/@tiptap%2fextension-table cache-miss
2064 silly packumentCache corgi:https://registry.npmjs.org/@tiptap%2fextension-table-cell cache-miss
2065 silly packumentCache corgi:https://registry.npmjs.org/@tiptap%2fextension-table-header cache-miss
2066 silly packumentCache corgi:https://registry.npmjs.org/@tiptap%2fextension-table-row cache-miss
2067 silly packumentCache corgi:https://registry.npmjs.org/@tiptap%2fextension-text cache-miss
2068 silly packumentCache corgi:https://registry.npmjs.org/@tiptap%2fextension-text-style cache-miss
2069 silly packumentCache corgi:https://registry.npmjs.org/@tiptap%2freact cache-miss
2070 silly packumentCache corgi:https://registry.npmjs.org/@tiptap%2fstarter-kit cache-miss
2071 silly packumentCache corgi:https://registry.npmjs.org/tiptap-markdown cache-miss
2072 http fetch GET 200 https://cdn.npmmirror.com/packages/mdast-util-gfm-autolink-literal/2.0.1/mdast-util-gfm-autolink-literal-2.0.1.tgz 20359ms (cache miss)
2073 http fetch GET 200 https://cdn.npmmirror.com/packages/mdast-util-mdx-expression/2.0.1/mdast-util-mdx-expression-2.0.1.tgz 20360ms (cache miss)
2074 http fetch GET 200 https://cdn.npmmirror.com/packages/p-locate/5.0.0/p-locate-5.0.0.tgz 20375ms (cache miss)
2075 http fetch GET 200 https://cdn.npmmirror.com/packages/micromark-core-commonmark/2.0.3/micromark-core-commonmark-2.0.3.tgz 20422ms (cache miss)
2076 http fetch GET 200 https://cdn.npmmirror.com/packages/math-intrinsics/1.1.0/math-intrinsics-1.1.0.tgz 20429ms (cache miss)
2077 http fetch GET 200 https://cdn.npmmirror.com/packages/mdast-util-to-hast/13.2.1/mdast-util-to-hast-13.2.1.tgz 20456ms (cache miss)
2078 http fetch GET 200 https://cdn.npmmirror.com/packages/mdast-util-gfm/3.1.0/mdast-util-gfm-3.1.0.tgz 20473ms (cache miss)
2079 http fetch GET 200 https://cdn.npmmirror.com/packages/markdown-table/3.0.4/markdown-table-3.0.4.tgz 20500ms (cache miss)
2080 http fetch GET 200 https://cdn.npmmirror.com/packages/loose-envify/1.4.0/loose-envify-1.4.0.tgz 20847ms (cache miss)
2081 http fetch GET 200 https://cdn.npmmirror.com/packages/markdown-it-task-lists/2.1.1/markdown-it-task-lists-2.1.1.tgz 21054ms (cache miss)
2082 http fetch GET 200 https://cdn.npmmirror.com/packages/mdurl/2.1.0/mdurl-2.1.0.tgz 21117ms (cache miss)
2083 http fetch GET 200 https://registry.npmjs.org/@tiptap%2fextension-bubble-menu 853ms (cache miss)
2084 silly packumentCache corgi:https://registry.npmjs.org/@tiptap%2fextension-bubble-menu set size:undefined disposed:false
2085 http fetch GET 200 https://registry.npmjs.org/@tiptap%2fextension-blockquote 958ms (cache miss)
2086 silly packumentCache corgi:https://registry.npmjs.org/@tiptap%2fextension-blockquote set size:undefined disposed:false
2087 http fetch GET 200 https://registry.npmjs.org/@tiptap%2fextension-bold 1069ms (cache miss)
2088 silly packumentCache corgi:https://registry.npmjs.org/@tiptap%2fextension-bold set size:undefined disposed:false
2089 http fetch GET 200 https://cdn.npmmirror.com/packages/locate-path/6.0.0/locate-path-6.0.0.tgz 21462ms (cache miss)
2090 http fetch GET 200 https://cdn.npmmirror.com/packages/linkify-it/5.0.2/linkify-it-5.0.2.tgz 21540ms (cache miss)
2091 http fetch GET 200 https://registry.npmjs.org/@tiptap%2fextension-code 1241ms (cache miss)
2092 silly packumentCache corgi:https://registry.npmjs.org/@tiptap%2fextension-code set size:undefined disposed:false
2093 http fetch GET 200 https://cdn.npmmirror.com/packages/linkifyjs/4.3.3/linkifyjs-4.3.3.tgz 21652ms (cache miss)
2094 http fetch GET 200 https://cdn.npmmirror.com/packages/mdast-util-from-markdown/2.0.3/mdast-util-from-markdown-2.0.3.tgz 21700ms (cache miss)
2095 http fetch GET 200 https://cdn.npmmirror.com/packages/longest-streak/3.1.0/longest-streak-3.1.0.tgz 21710ms (cache miss)
2096 http fetch GET 200 https://registry.npmjs.org/@tiptap%2fextension-document 1386ms (cache miss)
2097 silly packumentCache corgi:https://registry.npmjs.org/@tiptap%2fextension-document set size:undefined disposed:false
2098 http fetch GET 200 https://registry.npmjs.org/@tiptap%2fextension-link 1449ms (cache miss)
2099 silly packumentCache corgi:https://registry.npmjs.org/@tiptap%2fextension-link set size:undefined disposed:false
2100 http fetch GET 200 https://registry.npmjs.org/@tiptap%2fextension-bullet-list 1479ms (cache miss)
2101 silly packumentCache corgi:https://registry.npmjs.org/@tiptap%2fextension-bullet-list set size:undefined disposed:false
2102 http fetch GET 200 https://cdn.npmmirror.com/packages/lz-string/1.5.0/lz-string-1.5.0.tgz 21897ms (cache miss)
2103 http fetch GET 200 https://registry.npmjs.org/@tiptap%2fextension-list-item 1726ms (cache miss)
2104 silly packumentCache corgi:https://registry.npmjs.org/@tiptap%2fextension-list-item set size:undefined disposed:false
2105 http fetch GET 200 https://registry.npmjs.org/@tiptap%2fextension-italic 2120ms (cache miss)
2106 silly packumentCache corgi:https://registry.npmjs.org/@tiptap%2fextension-italic set size:undefined disposed:false
2107 http fetch GET 200 https://cdn.npmmirror.com/packages/marked/16.4.2/marked-16.4.2.tgz 22478ms (cache miss)
2108 http fetch GET 200 https://registry.npmjs.org/@tiptap%2fextension-code-block 2389ms (cache miss)
2109 silly packumentCache corgi:https://registry.npmjs.org/@tiptap%2fextension-code-block set size:undefined disposed:false
2110 http fetch GET 200 https://cdn.npmmirror.com/packages/language-tags/1.0.9/language-tags-1.0.9.tgz 22888ms (cache miss)
2111 http fetch GET 200 https://registry.npmjs.org/@tiptap%2fextension-history 2630ms (cache miss)
2112 silly packumentCache corgi:https://registry.npmjs.org/@tiptap%2fextension-history set size:undefined disposed:false
2113 http fetch GET 200 https://registry.npmjs.org/@tiptap%2fextension-table-cell 2643ms (cache miss)
2114 silly packumentCache corgi:https://registry.npmjs.org/@tiptap%2fextension-table-cell set size:undefined disposed:false
2115 http fetch GET 200 https://registry.npmjs.org/@tiptap%2fextension-gapcursor 2651ms (cache miss)
2116 silly packumentCache corgi:https://registry.npmjs.org/@tiptap%2fextension-gapcursor set size:undefined disposed:false
2117 http fetch GET 200 https://cdn.npmmirror.com/packages/mdast-util-gfm-task-list-item/2.0.0/mdast-util-gfm-task-list-item-2.0.0.tgz 23071ms (cache miss)
2118 http fetch GET 200 https://registry.npmjs.org/@tiptap%2fextension-strike 2736ms (cache miss)
2119 silly packumentCache corgi:https://registry.npmjs.org/@tiptap%2fextension-strike set size:undefined disposed:false
2120 http fetch GET 200 https://cdn.npmmirror.com/packages/mdast-util-to-markdown/2.1.2/mdast-util-to-markdown-2.1.2.tgz 23096ms (cache miss)
2121 http fetch GET 200 https://registry.npmjs.org/@tiptap%2fextension-heading 2831ms (cache miss)
2122 silly packumentCache corgi:https://registry.npmjs.org/@tiptap%2fextension-heading set size:undefined disposed:false
2123 http fetch GET 200 https://cdn.npmmirror.com/packages/lodash.merge/4.6.2/lodash.merge-4.6.2.tgz 23294ms (cache miss)
2124 http fetch GET 200 https://registry.npmjs.org/@tiptap%2fextension-floating-menu 2964ms (cache miss)
2125 silly packumentCache corgi:https://registry.npmjs.org/@tiptap%2fextension-floating-menu set size:undefined disposed:false
2126 http fetch GET 200 https://registry.npmjs.org/@tiptap%2fextension-table-header 2989ms (cache miss)
2127 silly packumentCache corgi:https://registry.npmjs.org/@tiptap%2fextension-table-header set size:undefined disposed:false
2128 http fetch GET 200 https://registry.npmjs.org/@tiptap%2fextension-ordered-list 3124ms (cache miss)
2129 silly packumentCache corgi:https://registry.npmjs.org/@tiptap%2fextension-ordered-list set size:undefined disposed:false
2130 http fetch GET 200 https://registry.npmjs.org/tiptap-markdown 3360ms (cache miss)
2131 silly packumentCache corgi:https://registry.npmjs.org/tiptap-markdown set size:undefined disposed:false
2132 http fetch GET 200 https://cdn.npmmirror.com/packages/levn/0.4.1/levn-0.4.1.tgz 23702ms (cache miss)
2133 http fetch GET 200 https://cdn.npmmirror.com/packages/keyv/4.5.4/keyv-4.5.4.tgz 23718ms (cache miss)
2134 http fetch GET 200 https://registry.npmjs.org/@tiptap%2fextension-table 3447ms (cache miss)
2135 silly packumentCache corgi:https://registry.npmjs.org/@tiptap%2fextension-table set size:undefined disposed:false
2136 http fetch GET 200 https://cdn.npmmirror.com/packages/markdown-it/14.3.0/markdown-it-14.3.0.tgz 23873ms (cache miss)
2137 http fetch GET 200 https://registry.npmjs.org/@tiptap%2fextension-image 3658ms (cache miss)
2138 silly packumentCache corgi:https://registry.npmjs.org/@tiptap%2fextension-image set size:undefined disposed:false
2139 http fetch GET 200 https://registry.npmjs.org/@tiptap%2fextension-dropcursor 3860ms (cache miss)
2140 silly packumentCache corgi:https://registry.npmjs.org/@tiptap%2fextension-dropcursor set size:undefined disposed:false
2141 http fetch GET 200 https://registry.npmjs.org/@tiptap%2fextension-table-row 3867ms (cache miss)
2142 silly packumentCache corgi:https://registry.npmjs.org/@tiptap%2fextension-table-row set size:undefined disposed:false
2143 http fetch GET 200 https://registry.npmjs.org/@tiptap%2fextension-horizontal-rule 4044ms (cache miss)
2144 silly packumentCache corgi:https://registry.npmjs.org/@tiptap%2fextension-horizontal-rule set size:undefined disposed:false
2145 http fetch GET 200 https://registry.npmjs.org/@tiptap%2fextension-placeholder 4097ms (cache miss)
2146 silly packumentCache corgi:https://registry.npmjs.org/@tiptap%2fextension-placeholder set size:undefined disposed:false
2147 http fetch GET 200 https://registry.npmjs.org/@tiptap%2fextension-text 4364ms (cache miss)
2148 silly packumentCache corgi:https://registry.npmjs.org/@tiptap%2fextension-text set size:undefined disposed:false
2149 http fetch GET 200 https://cdn.npmmirror.com/packages/lru-cache/11.5.2/lru-cache-11.5.2.tgz 24988ms (cache miss)
2150 http fetch GET 200 https://registry.npmjs.org/@tiptap%2fstarter-kit 4927ms (cache miss)
2151 silly packumentCache corgi:https://registry.npmjs.org/@tiptap%2fstarter-kit set size:undefined disposed:false
2152 http fetch GET 200 https://cdn.npmmirror.com/packages/json5/1.0.2/json5-1.0.2.tgz 25315ms (cache miss)
2153 http fetch GET 200 https://cdn.npmmirror.com/packages/json-stable-stringify-without-jsonify/1.0.1/json-stable-stringify-without-jsonify-1.0.1.tgz 25665ms (cache miss)
2154 http fetch GET 200 https://registry.npmjs.org/@tiptap%2fextension-paragraph 5369ms (cache miss)
2155 silly packumentCache corgi:https://registry.npmjs.org/@tiptap%2fextension-paragraph set size:undefined disposed:false
2156 http fetch GET 200 https://cdn.npmmirror.com/packages/jpeg-js/0.4.4/jpeg-js-0.4.4.tgz 25733ms (cache miss)
2157 http fetch GET 200 https://cdn.npmmirror.com/packages/magic-string/0.30.21/magic-string-0.30.21.tgz 25829ms (cache miss)
2158 http fetch GET 200 https://registry.npmjs.org/@tiptap%2fextension-text-style 5686ms (cache miss)
2159 silly packumentCache corgi:https://registry.npmjs.org/@tiptap%2fextension-text-style set size:undefined disposed:false
2160 http fetch GET 200 https://cdn.npmmirror.com/packages/layout-base/1.0.2/layout-base-1.0.2.tgz 26373ms (cache miss)
2161 http fetch GET 200 https://cdn.npmmirror.com/packages/js-tokens/4.0.0/js-tokens-4.0.0.tgz 26407ms (cache miss)
2162 http fetch GET 200 https://registry.npmjs.org/@tiptap%2fextension-hard-break 6211ms (cache miss)
2163 silly packumentCache corgi:https://registry.npmjs.org/@tiptap%2fextension-hard-break set size:undefined disposed:false
2164 http fetch GET 200 https://cdn.npmmirror.com/packages/jsx-ast-utils/3.3.5/jsx-ast-utils-3.3.5.tgz 26985ms (cache miss)
2165 http fetch GET 200 https://cdn.npmmirror.com/packages/lodash-es/4.18.1/lodash-es-4.18.1.tgz 27996ms (cache miss)
2166 http fetch GET 200 https://cdn.npmmirror.com/packages/json-buffer/3.0.1/json-buffer-3.0.1.tgz 28066ms (cache miss)
2167 http fetch GET 200 https://registry.npmjs.org/@tiptap%2freact 7871ms (cache miss)
2168 silly packumentCache corgi:https://registry.npmjs.org/@tiptap%2freact set size:undefined disposed:false
2169 silly packumentCache corgi:https://registry.npmjs.org/@eslint%2feslintrc cache-miss
2170 http fetch GET 200 https://cdn.npmmirror.com/packages/khroma/2.1.0/khroma-2.1.0.tgz 28267ms (cache miss)
2171 http fetch GET 200 https://cdn.npmmirror.com/packages/json-schema-traverse/0.4.1/json-schema-traverse-0.4.1.tgz 28567ms (cache miss)
2172 http fetch GET 200 https://cdn.npmmirror.com/packages/katex/0.16.47/katex-0.16.47.tgz 28680ms (cache miss)
2173 http fetch GET 200 https://cdn.npmmirror.com/packages/is-weakset/2.0.4/is-weakset-2.0.4.tgz 29148ms (cache miss)
2174 http fetch GET 200 https://cdn.npmmirror.com/packages/iterator.prototype/1.1.5/iterator.prototype-1.1.5.tgz 29245ms (cache miss)
2175 http fetch GET 200 https://cdn.npmmirror.com/packages/isexe/2.0.0/isexe-2.0.0.tgz 29277ms (cache miss)
2176 http fetch GET 200 https://cdn.npmmirror.com/packages/is-weakmap/2.0.2/is-weakmap-2.0.2.tgz 29579ms (cache miss)
2177 http fetch GET 200 https://cdn.npmmirror.com/packages/jiti/2.7.0/jiti-2.7.0.tgz 29968ms (cache miss)
2178 http fetch GET 200 https://cdn.npmmirror.com/packages/is-weakref/1.1.1/is-weakref-1.1.1.tgz 29973ms (cache miss)
2179 http fetch GET 200 https://cdn.npmmirror.com/packages/is-typed-array/1.1.15/is-typed-array-1.1.15.tgz 29994ms (cache miss)
2180 http fetch GET 200 https://cdn.npmmirror.com/packages/optionator/0.9.4/optionator-0.9.4.tgz 30020ms (cache miss)
2181 http fetch GET 200 https://registry.npmjs.org/@eslint%2feslintrc 2058ms (cache miss)
2182 silly packumentCache corgi:https://registry.npmjs.org/@eslint%2feslintrc set size:undefined disposed:false
2183 http fetch GET 200 https://cdn.npmmirror.com/packages/is-symbol/1.1.1/is-symbol-1.1.1.tgz 30421ms (cache miss)
2184 http fetch GET 200 https://cdn.npmmirror.com/packages/merge2/1.4.1/merge2-1.4.1.tgz 30509ms (cache miss)
2185 http fetch GET 200 https://cdn.npmmirror.com/packages/is-potential-custom-element-name/1.0.1/is-potential-custom-element-name-1.0.1.tgz 30503ms (cache miss)
2186 http fetch GET 200 https://cdn.npmmirror.com/packages/is-set/2.0.3/is-set-2.0.3.tgz 30590ms (cache miss)
2187 http fetch GET 200 https://cdn.npmmirror.com/packages/isarray/2.0.5/isarray-2.0.5.tgz 30601ms (cache miss)
2188 http fetch GET 200 https://cdn.npmmirror.com/packages/jose/6.2.8/jose-6.2.8.tgz 30987ms (cache miss)
2189 http fetch GET 200 https://cdn.npmmirror.com/packages/is-number-object/1.1.1/is-number-object-1.1.1.tgz 31180ms (cache miss)
2190 http fetch GET 200 https://cdn.npmmirror.com/packages/is-shared-array-buffer/1.0.4/is-shared-array-buffer-1.0.4.tgz 31338ms (cache miss)
2191 http fetch GET 200 https://cdn.npmmirror.com/packages/is-glob/4.0.3/is-glob-4.0.3.tgz 31341ms (cache miss)
2192 http fetch GET 200 https://cdn.npmmirror.com/packages/is-string/1.1.1/is-string-1.1.1.tgz 31416ms (cache miss)
2193 http fetch GET 200 https://cdn.npmmirror.com/packages/language-subtag-registry/0.3.23/language-subtag-registry-0.3.23.tgz 31598ms (cache miss)
2194 http fetch GET 200 https://cdn.npmmirror.com/packages/is-number/7.0.0/is-number-7.0.0.tgz 31678ms (cache miss)
2195 http fetch GET 200 https://cdn.npmmirror.com/packages/is-extglob/2.1.1/is-extglob-2.1.1.tgz 31764ms (cache miss)
2196 http fetch GET 200 https://cdn.npmmirror.com/packages/js-yaml/4.3.1/js-yaml-4.3.1.tgz 31770ms (cache miss)
2197 http fetch GET 200 https://cdn.npmmirror.com/packages/is-negative-zero/2.0.3/is-negative-zero-2.0.3.tgz 31768ms (cache miss)
2198 http fetch GET 200 https://cdn.npmmirror.com/packages/is-plain-obj/4.1.0/is-plain-obj-4.1.0.tgz 31852ms (cache miss)
2199 http fetch GET 200 https://cdn.npmmirror.com/packages/is-finalizationregistry/1.1.1/is-finalizationregistry-1.1.1.tgz 31957ms (cache miss)
2200 http fetch GET 200 https://cdn.npmmirror.com/packages/is-generator-function/1.1.2/is-generator-function-1.1.2.tgz 31958ms (cache miss)
2201 http fetch GET 200 https://cdn.npmmirror.com/packages/is-callable/1.2.7/is-callable-1.2.7.tgz 32092ms (cache miss)
2202 http fetch GET 200 https://cdn.npmmirror.com/packages/is-map/2.0.3/is-map-2.0.3.tgz 32185ms (cache miss)
2203 http fetch GET 200 https://cdn.npmmirror.com/packages/is-data-view/1.0.2/is-data-view-1.0.2.tgz 32247ms (cache miss)
2204 http fetch GET 200 https://cdn.npmmirror.com/packages/is-hexadecimal/2.0.1/is-hexadecimal-2.0.1.tgz 32330ms (cache miss)
2205 http fetch GET 200 https://cdn.npmmirror.com/packages/is-decimal/2.0.1/is-decimal-2.0.1.tgz 32389ms (cache miss)
2206 http fetch GET 200 https://cdn.npmmirror.com/packages/is-core-module/2.16.2/is-core-module-2.16.2.tgz 32474ms (cache miss)
2207 http fetch GET 200 https://cdn.npmmirror.com/packages/is-document.all/1.0.0/is-document.all-1.0.0.tgz 32517ms (cache miss)
2208 http fetch GET 200 https://cdn.npmmirror.com/packages/is-date-object/1.1.0/is-date-object-1.1.0.tgz 32605ms (cache miss)
2209 http fetch GET 200 https://cdn.npmmirror.com/packages/is-regex/1.2.1/is-regex-1.2.1.tgz 32644ms (cache miss)
2210 http fetch GET 200 https://cdn.npmmirror.com/packages/is-async-function/2.1.1/is-async-function-2.1.1.tgz 32806ms (cache miss)
2211 http fetch GET 200 https://cdn.npmmirror.com/packages/is-alphabetical/2.0.1/is-alphabetical-2.0.1.tgz 32850ms (cache miss)
2212 http fetch GET 200 https://cdn.npmmirror.com/packages/internal-slot/1.1.0/internal-slot-1.1.0.tgz 32925ms (cache miss)
2213 http fetch GET 200 https://cdn.npmmirror.com/packages/is-array-buffer/3.0.5/is-array-buffer-3.0.5.tgz 33095ms (cache miss)
2214 http fetch GET 200 https://cdn.npmmirror.com/packages/is-bun-module/2.0.0/is-bun-module-2.0.0.tgz 33148ms (cache miss)
2215 http fetch GET 200 https://cdn.npmmirror.com/packages/ini/1.3.8/ini-1.3.8.tgz 33196ms (cache miss)
2216 http fetch GET 200 https://cdn.npmmirror.com/packages/is-bigint/1.1.0/is-bigint-1.1.0.tgz 33198ms (cache miss)
2217 http fetch GET 200 https://cdn.npmmirror.com/packages/is-alphanumerical/2.0.1/is-alphanumerical-2.0.1.tgz 33239ms (cache miss)
2218 http fetch GET 200 https://cdn.npmmirror.com/packages/import-meta-resolve/4.2.0/import-meta-resolve-4.2.0.tgz 33349ms (cache miss)
2219 http fetch GET 200 https://cdn.npmmirror.com/packages/internmap/2.0.3/internmap-2.0.3.tgz 33451ms (cache miss)
2220 http fetch GET 200 https://cdn.npmmirror.com/packages/html-url-attributes/3.0.1/html-url-attributes-3.0.1.tgz 33633ms (cache miss)
2221 http fetch GET 200 https://cdn.npmmirror.com/packages/import-fresh/3.3.1/import-fresh-3.3.1.tgz 33685ms (cache miss)
2222 http fetch GET 200 https://cdn.npmmirror.com/packages/html-encoding-sniffer/6.0.0/html-encoding-sniffer-6.0.0.tgz 33756ms (cache miss)
2223 http fetch GET 200 https://cdn.npmmirror.com/packages/ieee754/1.2.1/ieee754-1.2.1.tgz 33828ms (cache miss)
2224 http fetch GET 200 https://cdn.npmmirror.com/packages/iconv-lite/0.6.3/iconv-lite-0.6.3.tgz 34087ms (cache miss)
2225 http fetch GET 200 https://cdn.npmmirror.com/packages/imurmurhash/0.1.4/imurmurhash-0.1.4.tgz 34182ms (cache miss)
2226 http fetch GET 200 https://cdn.npmmirror.com/packages/hast-util-to-jsx-runtime/2.3.6/hast-util-to-jsx-runtime-2.3.6.tgz 34303ms (cache miss)
2227 http fetch GET 200 https://cdn.npmmirror.com/packages/hast-util-whitespace/3.0.0/hast-util-whitespace-3.0.0.tgz 34311ms (cache miss)
2228 http fetch GET 200 https://cdn.npmmirror.com/packages/is-boolean-object/1.2.2/is-boolean-object-1.2.2.tgz 34446ms (cache miss)
2229 http fetch GET 200 https://cdn.npmmirror.com/packages/has-symbols/1.1.0/has-symbols-1.1.0.tgz 34500ms (cache miss)
2230 http fetch GET 200 https://cdn.npmmirror.com/packages/has-proto/1.2.0/has-proto-1.2.0.tgz 34597ms (cache miss)
2231 http fetch GET 200 https://cdn.npmmirror.com/packages/ignore/5.3.2/ignore-5.3.2.tgz 34705ms (cache miss)
2232 http fetch GET 200 https://cdn.npmmirror.com/packages/heic-decode/2.1.0/heic-decode-2.1.0.tgz 34864ms (cache miss)
2233 http fetch GET 200 https://cdn.npmmirror.com/packages/has-flag/4.0.0/has-flag-4.0.0.tgz 34913ms (cache miss)
2234 http fetch GET 200 https://cdn.npmmirror.com/packages/inline-style-parser/0.2.7/inline-style-parser-0.2.7.tgz 34947ms (cache miss)
2235 http fetch GET 200 https://cdn.npmmirror.com/packages/has-bigints/1.1.0/has-bigints-1.1.0.tgz 35013ms (cache miss)
2236 http fetch GET 200 https://cdn.npmmirror.com/packages/inherits/2.0.4/inherits-2.0.4.tgz 35130ms (cache miss)
2237 http fetch GET 200 https://cdn.npmmirror.com/packages/has-property-descriptors/1.0.2/has-property-descriptors-1.0.2.tgz 35128ms (cache miss)
2238 http fetch GET 200 https://cdn.npmmirror.com/packages/graceful-fs/4.2.11/graceful-fs-4.2.11.tgz 35341ms (cache miss)
2239 http fetch GET 200 https://cdn.npmmirror.com/packages/hachure-fill/0.5.2/hachure-fill-0.5.2.tgz 35418ms (cache miss)
2240 http fetch GET 200 https://cdn.npmmirror.com/packages/has-tostringtag/1.0.2/has-tostringtag-1.0.2.tgz 35418ms (cache miss)
2241 http fetch GET 200 https://cdn.npmmirror.com/packages/globalthis/1.0.4/globalthis-1.0.4.tgz 35542ms (cache miss)
2242 http fetch GET 200 https://cdn.npmmirror.com/packages/github-from-package/0.0.0/github-from-package-0.0.0.tgz 35755ms (cache miss)
2243 http fetch GET 200 https://cdn.npmmirror.com/packages/glob-parent/6.0.2/glob-parent-6.0.2.tgz 35780ms (cache miss)
2244 http fetch GET 200 https://cdn.npmmirror.com/packages/heic-convert/2.1.0/heic-convert-2.1.0.tgz 35852ms (cache miss)
2245 http fetch GET 200 https://cdn.npmmirror.com/packages/gopd/1.2.0/gopd-1.2.0.tgz 35978ms (cache miss)
2246 http fetch GET 200 https://cdn.npmmirror.com/packages/get-proto/1.0.1/get-proto-1.0.1.tgz 36035ms (cache miss)
2247 http fetch GET 200 https://cdn.npmmirror.com/packages/generator-function/2.0.1/generator-function-2.0.1.tgz 36163ms (cache miss)
2248 http fetch GET 200 https://cdn.npmmirror.com/packages/hasown/2.0.4/hasown-2.0.4.tgz 36566ms (cache miss)
2249 http fetch GET 200 https://cdn.npmmirror.com/packages/find-up/5.0.0/find-up-5.0.0.tgz 36577ms (cache miss)
2250 http fetch GET 200 https://cdn.npmmirror.com/packages/functions-have-names/1.2.3/functions-have-names-1.2.3.tgz 36773ms (cache miss)
2251 http fetch GET 200 https://cdn.npmmirror.com/packages/lightningcss-linux-x64-gnu/1.32.0/lightningcss-linux-x64-gnu-1.32.0.tgz 36945ms (cache miss)
2252 http fetch GET 200 https://cdn.npmmirror.com/packages/flatted/3.4.4/flatted-3.4.4.tgz 36992ms (cache miss)
2253 http fetch GET 200 https://cdn.npmmirror.com/packages/get-intrinsic/1.3.0/get-intrinsic-1.3.0.tgz 37080ms (cache miss)
2254 http fetch GET 200 https://cdn.npmmirror.com/packages/get-tsconfig/4.14.2/get-tsconfig-4.14.2.tgz 37124ms (cache miss)
2255 http fetch GET 200 https://cdn.npmmirror.com/packages/function.prototype.name/1.2.0/function.prototype.name-1.2.0.tgz 37155ms (cache miss)
2256 http fetch GET 200 https://cdn.npmmirror.com/packages/lightningcss/1.32.0/lightningcss-1.32.0.tgz 37209ms (cache miss)
2257 http fetch GET 200 https://cdn.npmmirror.com/packages/function-bind/1.1.2/function-bind-1.1.2.tgz 37373ms (cache miss)
2258 http fetch GET 200 https://cdn.npmmirror.com/packages/file-uri-to-path/1.0.0/file-uri-to-path-1.0.0.tgz 37439ms (cache miss)
2259 http fetch GET 200 https://cdn.npmmirror.com/packages/flat-cache/4.0.1/flat-cache-4.0.1.tgz 37728ms (cache miss)
2260 http fetch GET 200 https://cdn.npmmirror.com/packages/fastq/1.20.1/fastq-1.20.1.tgz 37742ms (cache miss)
2261 http fetch GET 200 https://cdn.npmmirror.com/packages/get-symbol-description/1.1.0/get-symbol-description-1.1.0.tgz 37801ms (cache miss)
2262 http fetch GET 200 https://cdn.npmmirror.com/packages/expect-type/1.4.0/expect-type-1.4.0.tgz 37965ms (cache miss)
2263 http fetch GET 200 https://cdn.npmmirror.com/packages/expand-template/2.0.3/expand-template-2.0.3.tgz 37984ms (cache miss)
2264 http fetch GET 200 https://cdn.npmmirror.com/packages/globals/14.0.0/globals-14.0.0.tgz 38114ms (cache miss)
2265 http fetch GET 200 https://cdn.npmmirror.com/packages/fs-constants/1.0.0/fs-constants-1.0.0.tgz 38215ms (cache miss)
2266 http fetch GET 200 https://cdn.npmmirror.com/packages/fill-range/7.1.1/fill-range-7.1.1.tgz 38389ms (cache miss)
2267 http fetch GET 200 https://cdn.npmmirror.com/packages/file-entry-cache/8.0.0/file-entry-cache-8.0.0.tgz 38432ms (cache miss)
2268 http fetch GET 200 https://cdn.npmmirror.com/packages/esutils/2.0.3/esutils-2.0.3.tgz 38500ms (cache miss)
2269 http fetch GET 200 https://cdn.npmmirror.com/packages/for-each/0.3.5/for-each-0.3.5.tgz 38592ms (cache miss)
2270 http fetch GET 200 https://cdn.npmmirror.com/packages/fast-levenshtein/2.0.6/fast-levenshtein-2.0.6.tgz 38622ms (cache miss)
2271 http fetch GET 200 https://cdn.npmmirror.com/packages/fast-deep-equal/3.1.3/fast-deep-equal-3.1.3.tgz 38631ms (cache miss)
2272 http fetch GET 200 https://cdn.npmmirror.com/packages/estree-util-is-identifier-name/3.0.0/estree-util-is-identifier-name-3.0.0.tgz 38805ms (cache miss)
2273 http fetch GET 200 https://cdn.npmmirror.com/packages/extend/3.0.2/extend-3.0.2.tgz 38911ms (cache miss)
2274 http fetch GET 200 https://cdn.npmmirror.com/packages/estraverse/5.3.0/estraverse-5.3.0.tgz 39241ms (cache miss)
2275 http fetch GET 200 https://cdn.npmmirror.com/packages/eslint-visitor-keys/4.2.1/eslint-visitor-keys-4.2.1.tgz 39280ms (cache miss)
2276 http fetch GET 200 https://cdn.npmmirror.com/packages/eslint-scope/8.4.0/eslint-scope-8.4.0.tgz 39283ms (cache miss)
2277 http fetch GET 200 https://cdn.npmmirror.com/packages/jsdom/29.1.1/jsdom-29.1.1.tgz 39327ms (cache miss)
2278 http fetch GET 200 https://cdn.npmmirror.com/packages/fast-glob/3.3.1/fast-glob-3.3.1.tgz 39345ms (cache miss)
2279 http fetch GET 200 https://cdn.npmmirror.com/packages/eslint-import-resolver-node/0.3.10/eslint-import-resolver-node-0.3.10.tgz 39732ms (cache miss)
2280 http fetch GET 200 https://cdn.npmmirror.com/packages/eslint-import-resolver-typescript/3.10.1/eslint-import-resolver-typescript-3.10.1.tgz 39929ms (cache miss)
2281 http fetch GET 200 https://cdn.npmmirror.com/packages/eslint-plugin-react-hooks/5.2.0/eslint-plugin-react-hooks-5.2.0.tgz 39984ms (cache miss)
2282 http fetch GET 200 https://cdn.npmmirror.com/packages/eslint-module-utils/2.14.0/eslint-module-utils-2.14.0.tgz 40066ms (cache miss)
2283 http fetch GET 200 https://cdn.npmmirror.com/packages/eslint-plugin-react/7.37.5/eslint-plugin-react-7.37.5.tgz 40196ms (cache miss)
2284 http fetch GET 200 https://cdn.npmmirror.com/packages/eslint-config-next/15.5.23/eslint-config-next-15.5.23.tgz 40343ms (cache miss)
2285 http fetch GET 200 https://cdn.npmmirror.com/packages/esrecurse/4.3.0/esrecurse-4.3.0.tgz 40439ms (cache miss)
2286 http fetch GET 200 https://cdn.npmmirror.com/packages/espree/10.4.0/espree-10.4.0.tgz 40765ms (cache miss)
2287 http fetch GET 200 https://cdn.npmmirror.com/packages/es-shim-unscopables/1.1.0/es-shim-unscopables-1.1.0.tgz 40790ms (cache miss)
2288 http fetch GET 200 https://cdn.npmmirror.com/packages/estree-walker/3.0.3/estree-walker-3.0.3.tgz 41087ms (cache miss)
2289 http fetch GET 200 https://cdn.npmmirror.com/packages/escape-string-regexp/4.0.0/escape-string-regexp-4.0.0.tgz 41214ms (cache miss)
2290 http fetch GET 200 https://cdn.npmmirror.com/packages/es-define-property/1.0.1/es-define-property-1.0.1.tgz 41623ms (cache miss)
2291 http fetch GET 200 https://cdn.npmmirror.com/packages/es-to-primitive/1.3.4/es-to-primitive-1.3.4.tgz 41710ms (cache miss)
2292 http fetch GET 200 https://cdn.npmmirror.com/packages/es-object-atoms/1.1.2/es-object-atoms-1.1.2.tgz 42181ms (cache miss)
2293 http fetch GET 200 https://cdn.npmmirror.com/packages/es-iterator-helpers/1.4.0/es-iterator-helpers-1.4.0.tgz 42402ms (cache miss)
2294 http fetch GET 200 https://cdn.npmmirror.com/packages/es-module-lexer/2.3.1/es-module-lexer-2.3.1.tgz 42438ms (cache miss)
2295 http fetch GET 200 https://cdn.npmmirror.com/packages/es-toolkit/1.50.0/es-toolkit-1.50.0.tgz 42722ms (cache miss)
2296 http fetch GET 200 https://cdn.npmmirror.com/packages/end-of-stream/1.4.5/end-of-stream-1.4.5.tgz 42808ms (cache miss)
2297 http fetch GET 200 https://cdn.npmmirror.com/packages/es-errors/1.3.0/es-errors-1.3.0.tgz 43055ms (cache miss)
2298 http fetch GET 200 https://cdn.npmmirror.com/packages/es-abstract-get/1.0.0/es-abstract-get-1.0.0.tgz 43153ms (cache miss)
2299 http fetch GET 200 https://cdn.npmmirror.com/packages/fast-json-stable-stringify/2.1.0/fast-json-stable-stringify-2.1.0.tgz 43458ms (cache miss)
2300 http fetch GET 200 https://cdn.npmmirror.com/packages/devlop/1.1.0/devlop-1.1.0.tgz 43700ms (cache miss)
2301 http fetch GET 200 https://cdn.npmmirror.com/packages/dequal/2.0.3/dequal-2.0.3.tgz 44114ms (cache miss)
2302 http fetch GET 200 https://cdn.npmmirror.com/packages/dom-accessibility-api/0.5.16/dom-accessibility-api-0.5.16.tgz 44266ms (cache miss)
2303 http fetch GET 200 https://cdn.npmmirror.com/packages/es-abstract/1.24.2/es-abstract-1.24.2.tgz 44480ms (cache miss)
2304 http fetch GET 200 https://cdn.npmmirror.com/packages/emoji-regex/9.2.2/emoji-regex-9.2.2.tgz 44950ms (cache miss)
2305 http fetch GET 200 https://cdn.npmmirror.com/packages/define-properties/1.2.1/define-properties-1.2.1.tgz 44991ms (cache miss)
2306 http fetch GET 200 https://cdn.npmmirror.com/packages/enhanced-resolve/5.24.5/enhanced-resolve-5.24.5.tgz 45176ms (cache miss)
2307 http fetch GET 200 https://cdn.npmmirror.com/packages/lightningcss-linux-x64-musl/1.32.0/lightningcss-linux-x64-musl-1.32.0.tgz 45643ms (cache miss)
2308 http fetch GET 200 https://cdn.npmmirror.com/packages/define-data-property/1.1.4/define-data-property-1.1.4.tgz 45803ms (cache miss)
2309 http fetch GET 200 https://cdn.npmmirror.com/packages/doctrine/2.1.0/doctrine-2.1.0.tgz 45950ms (cache miss)
2310 http fetch GET 200 https://cdn.npmmirror.com/packages/deep-extend/0.6.0/deep-extend-0.6.0.tgz 46035ms (cache miss)
2311 http fetch GET 200 https://cdn.npmmirror.com/packages/eslint-plugin-jsx-a11y/6.10.2/eslint-plugin-jsx-a11y-6.10.2.tgz 46175ms (cache miss)
2312 http fetch GET 200 https://cdn.npmmirror.com/packages/deep-is/0.1.4/deep-is-0.1.4.tgz 46174ms (cache miss)
2313 http fetch GET 200 https://cdn.npmmirror.com/packages/decompress-response/6.0.0/decompress-response-6.0.0.tgz 46222ms (cache miss)
2314 http fetch GET 200 https://cdn.npmmirror.com/packages/es-set-tostringtag/2.1.0/es-set-tostringtag-2.1.0.tgz 46473ms (cache miss)
2315 http fetch GET 200 https://cdn.npmmirror.com/packages/delaunator/5.1.0/delaunator-5.1.0.tgz 46594ms (cache miss)
2316 http fetch GET 200 https://cdn.npmmirror.com/packages/dunder-proto/1.0.1/dunder-proto-1.0.1.tgz 46701ms (cache miss)
2317 http fetch GET 200 https://cdn.npmmirror.com/packages/libheif-js/1.19.8/libheif-js-1.19.8.tgz 46729ms (cache miss)
2318 http fetch GET 200 https://cdn.npmmirror.com/packages/decode-named-character-reference/1.3.0/decode-named-character-reference-1.3.0.tgz 46877ms (cache miss)
2319 http fetch GET 200 https://cdn.npmmirror.com/packages/decimal.js/10.6.0/decimal.js-10.6.0.tgz 46950ms (cache miss)
2320 http fetch GET 200 https://cdn.npmmirror.com/packages/esquery/1.7.0/esquery-1.7.0.tgz 47353ms (cache miss)
2321 http fetch GET 200 https://cdn.npmmirror.com/packages/data-urls/7.0.0/data-urls-7.0.0.tgz 47384ms (cache miss)
2322 http fetch GET 200 https://cdn.npmmirror.com/packages/damerau-levenshtein/1.0.8/damerau-levenshtein-1.0.8.tgz 47523ms (cache miss)
2323 http fetch GET 200 https://cdn.npmmirror.com/packages/data-view-byte-offset/1.0.1/data-view-byte-offset-1.0.1.tgz 47567ms (cache miss)
2324 http fetch GET 200 https://cdn.npmmirror.com/packages/detect-libc/2.1.2/detect-libc-2.1.2.tgz 47886ms (cache miss)
2325 http fetch GET 200 https://cdn.npmmirror.com/packages/dagre-d3-es/7.0.14/dagre-d3-es-7.0.14.tgz 48079ms (cache miss)
2326 http fetch GET 200 https://cdn.npmmirror.com/packages/d3-zoom/3.0.0/d3-zoom-3.0.0.tgz 48151ms (cache miss)
2327 http fetch GET 200 https://cdn.npmmirror.com/packages/d3-time-format/4.1.0/d3-time-format-4.1.0.tgz 48259ms (cache miss)
2328 http fetch GET 200 https://cdn.npmmirror.com/packages/typescript/5.9.3/typescript-5.9.3.tgz 48449ms (cache miss)
2329 http fetch GET 200 https://cdn.npmmirror.com/packages/debug/4.4.3/debug-4.4.3.tgz 48384ms (cache miss)
2330 http fetch GET 200 https://cdn.npmmirror.com/packages/dayjs/1.11.21/dayjs-1.11.21.tgz 48418ms (cache miss)
2331 http fetch GET 200 https://cdn.npmmirror.com/packages/d3-transition/3.0.1/d3-transition-3.0.1.tgz 48512ms (cache miss)
2332 http fetch GET 200 https://cdn.npmmirror.com/packages/d3-selection/3.0.0/d3-selection-3.0.0.tgz 48930ms (cache miss)
2333 http fetch GET 200 https://cdn.npmmirror.com/packages/d3-sankey/0.12.3/d3-sankey-0.12.3.tgz 49060ms (cache miss)
2334 http fetch GET 200 https://cdn.npmmirror.com/packages/d3-scale/4.0.2/d3-scale-4.0.2.tgz 49087ms (cache miss)
2335 http fetch GET 200 https://cdn.npmmirror.com/packages/d3-timer/3.0.1/d3-timer-3.0.1.tgz 49094ms (cache miss)
2336 http fetch GET 200 https://cdn.npmmirror.com/packages/d3-random/3.0.1/d3-random-3.0.1.tgz 49115ms (cache miss)
2337 http fetch GET 200 https://cdn.npmmirror.com/packages/d3-shape/3.2.0/d3-shape-3.2.0.tgz 49128ms (cache miss)
2338 http fetch GET 200 https://cdn.npmmirror.com/packages/data-view-buffer/1.0.2/data-view-buffer-1.0.2.tgz 49194ms (cache miss)
2339 http fetch GET 200 https://cdn.npmmirror.com/packages/data-view-byte-length/1.0.2/data-view-byte-length-1.0.2.tgz 49337ms (cache miss)
2340 http fetch GET 200 https://cdn.npmmirror.com/packages/d3-time/3.1.0/d3-time-3.1.0.tgz 49461ms (cache miss)
2341 http fetch GET 200 https://cdn.npmmirror.com/packages/dompurify/3.4.13/dompurify-3.4.13.tgz 49614ms (cache miss)
2342 http fetch GET 200 https://cdn.npmmirror.com/packages/d3-polygon/3.0.1/d3-polygon-3.0.1.tgz 49759ms (cache miss)
2343 http fetch GET 200 https://cdn.npmmirror.com/packages/d3-format/3.1.2/d3-format-3.1.2.tgz 49814ms (cache miss)
2344 http fetch GET 200 https://cdn.npmmirror.com/packages/entities/4.5.0/entities-4.5.0.tgz 49841ms (cache miss)
2345 http fetch GET 200 https://cdn.npmmirror.com/packages/d3-fetch/3.0.1/d3-fetch-3.0.1.tgz 49966ms (cache miss)
2346 http fetch GET 200 https://cdn.npmmirror.com/packages/d3-force/3.0.0/d3-force-3.0.0.tgz 49984ms (cache miss)
2347 http fetch GET 200 https://cdn.npmmirror.com/packages/d3-dispatch/3.0.1/d3-dispatch-3.0.1.tgz 50221ms (cache miss)
2348 http fetch GET 200 https://cdn.npmmirror.com/packages/d3-drag/3.0.0/d3-drag-3.0.0.tgz 50247ms (cache miss)
2349 http fetch GET 200 https://cdn.npmmirror.com/packages/d3-scale-chromatic/3.1.0/d3-scale-chromatic-3.1.0.tgz 50331ms (cache miss)
2350 http fetch GET 200 https://cdn.npmmirror.com/packages/d3-geo/3.1.1/d3-geo-3.1.1.tgz 50407ms (cache miss)
2351 http fetch GET 200 https://cdn.npmmirror.com/packages/d3-interpolate/3.0.1/d3-interpolate-3.0.1.tgz 50411ms (cache miss)
2352 http fetch GET 200 https://cdn.npmmirror.com/packages/d3-color/3.1.0/d3-color-3.1.0.tgz 50419ms (cache miss)
2353 http fetch GET 200 https://cdn.npmmirror.com/packages/d3-dsv/3.0.1/d3-dsv-3.0.1.tgz 50476ms (cache miss)
2354 http fetch GET 200 https://cdn.npmmirror.com/packages/d3-chord/3.0.1/d3-chord-3.0.1.tgz 50523ms (cache miss)
2355 http fetch GET 200 https://cdn.npmmirror.com/packages/d3-quadtree/3.0.1/d3-quadtree-3.0.1.tgz 50750ms (cache miss)
2356 http fetch GET 200 https://cdn.npmmirror.com/packages/d3-ease/3.0.1/d3-ease-3.0.1.tgz 50955ms (cache miss)
2357 http fetch GET 200 https://cdn.npmmirror.com/packages/d3-axis/3.0.0/d3-axis-3.0.0.tgz 51044ms (cache miss)
2358 http fetch GET 200 https://cdn.npmmirror.com/packages/d3-brush/3.0.0/d3-brush-3.0.0.tgz 51082ms (cache miss)
2359 http fetch GET 200 https://cdn.npmmirror.com/packages/d3-contour/4.0.2/d3-contour-4.0.2.tgz 51299ms (cache miss)
2360 http fetch GET 200 https://cdn.npmmirror.com/packages/d3-hierarchy/3.1.2/d3-hierarchy-3.1.2.tgz 51363ms (cache miss)
2361 http fetch GET 200 https://cdn.npmmirror.com/packages/d3-path/3.1.0/d3-path-3.1.0.tgz 51411ms (cache miss)
2362 http fetch GET 200 https://cdn.npmmirror.com/packages/d3-delaunay/6.0.4/d3-delaunay-6.0.4.tgz 51411ms (cache miss)
2363 http fetch GET 200 https://cdn.npmmirror.com/packages/d3-array/3.2.4/d3-array-3.2.4.tgz 51546ms (cache miss)
2364 http fetch GET 200 https://cdn.npmmirror.com/packages/crelt/1.0.7/crelt-1.0.7.tgz 51785ms (cache miss)
2365 http fetch GET 200 https://cdn.npmmirror.com/packages/concat-map/0.0.1/concat-map-0.0.1.tgz 51846ms (cache miss)
2366 http fetch GET 200 https://cdn.npmmirror.com/packages/eslint/9.39.5/eslint-9.39.5.tgz 51927ms (cache miss)
2367 http fetch GET 200 https://cdn.npmmirror.com/packages/color-name/1.1.4/color-name-1.1.4.tgz 51953ms (cache miss)
2368 http fetch GET 200 https://cdn.npmmirror.com/packages/cross-spawn/7.0.6/cross-spawn-7.0.6.tgz 52108ms (cache miss)
2369 http fetch GET 200 https://cdn.npmmirror.com/packages/chownr/1.1.4/chownr-1.1.4.tgz 52285ms (cache miss)
2370 http fetch GET 200 https://cdn.npmmirror.com/packages/character-reference-invalid/2.0.1/character-reference-invalid-2.0.1.tgz 52372ms (cache miss)
2371 http fetch GET 200 https://cdn.npmmirror.com/packages/character-entities-html4/2.1.0/character-entities-html4-2.1.0.tgz 52536ms (cache miss)
2372 http fetch GET 200 https://cdn.npmmirror.com/packages/csstype/3.2.3/csstype-3.2.3.tgz 52601ms (cache miss)
2373 http fetch GET 200 https://cdn.npmmirror.com/packages/character-entities-legacy/3.0.0/character-entities-legacy-3.0.0.tgz 52628ms (cache miss)
2374 http fetch GET 200 https://cdn.npmmirror.com/packages/cytoscape-cose-bilkent/4.1.0/cytoscape-cose-bilkent-4.1.0.tgz 52915ms (cache miss)
2375 http fetch GET 200 https://cdn.npmmirror.com/packages/comma-separated-tokens/2.0.3/comma-separated-tokens-2.0.3.tgz 53018ms (cache miss)
2376 http fetch GET 200 https://cdn.npmmirror.com/packages/chalk/4.1.2/chalk-4.1.2.tgz 53208ms (cache miss)
2377 http fetch GET 200 https://cdn.npmmirror.com/packages/client-only/0.0.1/client-only-0.0.1.tgz 53216ms (cache miss)
2378 http fetch GET 200 https://cdn.npmmirror.com/packages/cose-base/1.0.3/cose-base-1.0.3.tgz 53437ms (cache miss)
2379 http fetch GET 200 https://cdn.npmmirror.com/packages/commander/7.2.0/commander-7.2.0.tgz 53605ms (cache miss)
2380 http fetch GET 200 https://cdn.npmmirror.com/packages/callsites/3.1.0/callsites-3.1.0.tgz 53636ms (cache miss)
2381 http fetch GET 200 https://cdn.npmmirror.com/packages/character-entities/2.0.2/character-entities-2.0.2.tgz 53637ms (cache miss)
2382 http fetch GET 200 https://cdn.npmmirror.com/packages/drizzle-orm/0.45.2/drizzle-orm-0.45.2.tgz 53654ms (cache miss)
2383 http fetch GET 200 https://cdn.npmmirror.com/packages/ccount/2.0.1/ccount-2.0.1.tgz 53731ms (cache miss)
2384 http fetch GET 200 https://cdn.npmmirror.com/packages/call-bind-apply-helpers/1.0.2/call-bind-apply-helpers-1.0.2.tgz 54023ms (cache miss)
2385 http fetch GET 200 https://cdn.npmmirror.com/packages/braces/3.0.3/braces-3.0.3.tgz 54094ms (cache miss)
2386 http fetch GET 200 https://cdn.npmmirror.com/packages/eslint-plugin-import/2.32.0/eslint-plugin-import-2.32.0.tgz 54177ms (cache miss)
2387 http fetch GET 200 https://cdn.npmmirror.com/packages/brace-expansion/1.1.18/brace-expansion-1.1.18.tgz 54447ms (cache miss)
2388 http fetch GET 200 https://cdn.npmmirror.com/packages/call-bind/1.0.9/call-bind-1.0.9.tgz 54474ms (cache miss)
2389 http fetch GET 200 https://cdn.npmmirror.com/packages/bindings/1.5.0/bindings-1.5.0.tgz 54515ms (cache miss)
2390 http fetch GET 200 https://cdn.npmmirror.com/packages/buffer/5.7.1/buffer-5.7.1.tgz 54611ms (cache miss)
2391 http fetch GET 200 https://cdn.npmmirror.com/packages/chai/6.2.2/chai-6.2.2.tgz 54703ms (cache miss)
2392 http fetch GET 200 https://cdn.npmmirror.com/packages/color-convert/2.0.1/color-convert-2.0.1.tgz 54904ms (cache miss)
2393 http fetch GET 200 https://cdn.npmmirror.com/packages/base64-js/1.5.1/base64-js-1.5.1.tgz 54918ms (cache miss)
2394 http fetch GET 200 https://cdn.npmmirror.com/packages/bail/2.0.2/bail-2.0.2.tgz 55118ms (cache miss)
2395 http fetch GET 200 https://cdn.npmmirror.com/packages/bl/4.1.0/bl-4.1.0.tgz 55219ms (cache miss)
2396 http fetch GET 200 https://cdn.npmmirror.com/packages/convert-source-map/2.0.0/convert-source-map-2.0.0.tgz 55258ms (cache miss)
2397 http fetch GET 200 https://cdn.npmmirror.com/packages/call-bound/1.0.4/call-bound-1.0.4.tgz 55323ms (cache miss)
2398 http fetch GET 200 https://cdn.npmmirror.com/packages/caniuse-lite/1.0.30001809/caniuse-lite-1.0.30001809.tgz 55347ms (cache miss)
2399 http fetch GET 200 https://cdn.npmmirror.com/packages/balanced-match/1.0.2/balanced-match-1.0.2.tgz 55371ms (cache miss)
2400 http fetch GET 200 https://cdn.npmmirror.com/packages/async-function/1.0.0/async-function-1.0.0.tgz 55647ms (cache miss)
2401 http fetch GET 200 https://cdn.npmmirror.com/packages/assertion-error/2.0.1/assertion-error-2.0.1.tgz 55788ms (cache miss)
2402 http fetch GET 200 https://cdn.npmmirror.com/packages/ast-types-flow/0.0.8/ast-types-flow-0.0.8.tgz 56083ms (cache miss)
2403 http fetch GET 200 https://cdn.npmmirror.com/packages/buffer-crc32/1.0.0/buffer-crc32-1.0.0.tgz 56089ms (cache miss)
2404 http fetch GET 200 https://cdn.npmmirror.com/packages/arraybuffer.prototype.slice/1.0.4/arraybuffer.prototype.slice-1.0.4.tgz 56087ms (cache miss)
2405 http fetch GET 200 https://cdn.npmmirror.com/packages/array.prototype.findlastindex/1.2.6/array.prototype.findlastindex-1.2.6.tgz 56477ms (cache miss)
2406 http fetch GET 200 https://cdn.npmmirror.com/packages/axobject-query/4.1.0/axobject-query-4.1.0.tgz 56529ms (cache miss)
2407 http fetch GET 200 https://cdn.npmmirror.com/packages/d3/7.9.0/d3-7.9.0.tgz 56675ms (cache miss)
2408 http fetch GET 200 https://cdn.npmmirror.com/packages/array.prototype.flat/1.3.3/array.prototype.flat-1.3.3.tgz 56735ms (cache miss)
2409 http fetch GET 200 https://cdn.npmmirror.com/packages/array.prototype.findlast/1.2.5/array.prototype.findlast-1.2.5.tgz 56908ms (cache miss)
2410 http fetch GET 200 https://cdn.npmmirror.com/packages/array-includes/3.1.9/array-includes-3.1.9.tgz 57132ms (cache miss)
2411 http fetch GET 200 https://cdn.npmmirror.com/packages/array.prototype.flatmap/1.3.3/array.prototype.flatmap-1.3.3.tgz 57135ms (cache miss)
2412 http fetch GET 200 https://cdn.npmmirror.com/packages/acorn-jsx/5.3.2/acorn-jsx-5.3.2.tgz 57174ms (cache miss)
2413 http fetch GET 200 https://cdn.npmmirror.com/packages/available-typed-arrays/1.0.7/available-typed-arrays-1.0.7.tgz 57181ms (cache miss)
2414 http fetch GET 200 https://cdn.npmmirror.com/packages/ansi-styles/4.3.0/ansi-styles-4.3.0.tgz 57181ms (cache miss)
2415 http fetch GET 200 https://cdn.npmmirror.com/packages/array.prototype.tosorted/1.1.4/array.prototype.tosorted-1.1.4.tgz 57239ms (cache miss)
2416 http fetch GET 200 https://cdn.npmmirror.com/packages/%40vitest/spy/4.1.10/spy-4.1.10.tgz 57586ms (cache miss)
2417 http fetch GET 200 https://cdn.npmmirror.com/packages/%40vitest/utils/4.1.10/utils-4.1.10.tgz 57876ms (cache miss)
2418 http fetch GET 200 https://cdn.npmmirror.com/packages/%40vitest/pretty-format/4.1.10/pretty-format-4.1.10.tgz 58050ms (cache miss)
2419 http fetch GET 200 https://cdn.npmmirror.com/packages/ansi-regex/5.0.1/ansi-regex-5.0.1.tgz 58160ms (cache miss)
2420 http fetch GET 200 https://cdn.npmmirror.com/packages/%40vitest/snapshot/4.1.10/snapshot-4.1.10.tgz 58214ms (cache miss)
2421 http fetch GET 200 https://cdn.npmmirror.com/packages/%40vitest/expect/4.1.10/expect-4.1.10.tgz 58405ms (cache miss)
2422 http fetch GET 200 https://cdn.npmmirror.com/packages/array-buffer-byte-length/1.0.2/array-buffer-byte-length-1.0.2.tgz 58807ms (cache miss)
2423 http fetch GET 200 https://cdn.npmmirror.com/packages/bidi-js/1.0.3/bidi-js-1.0.3.tgz 58894ms (cache miss)
2424 http fetch GET 200 https://cdn.npmmirror.com/packages/%40vitest/runner/4.1.10/runner-4.1.10.tgz 58974ms (cache miss)
2425 http fetch GET 200 https://cdn.npmmirror.com/packages/argparse/2.0.1/argparse-2.0.1.tgz 59532ms (cache miss)
2426 http fetch GET 200 https://cdn.npmmirror.com/packages/ajv/6.15.0/ajv-6.15.0.tgz 59699ms (cache miss)
2427 http fetch GET 200 https://cdn.npmmirror.com/packages/css-tree/3.2.1/css-tree-3.2.1.tgz 60050ms (cache miss)
2428 http fetch GET 200 https://cdn.npmmirror.com/packages/%40ungap/structured-clone/1.3.3/structured-clone-1.3.3.tgz 60159ms (cache miss)
2429 http fetch GET 200 https://cdn.npmmirror.com/packages/%40upsetjs/venn.js/2.0.0/venn.js-2.0.0.tgz 60195ms (cache miss)
2430 http fetch GET 200 https://cdn.npmmirror.com/packages/%40typescript-eslint/tsconfig-utils/8.67.0/tsconfig-utils-8.67.0.tgz 60265ms (cache miss)
2431 http fetch GET 200 https://cdn.npmmirror.com/packages/%40typescript-eslint/parser/8.67.0/parser-8.67.0.tgz 60572ms (cache miss)
2432 http fetch GET 200 https://cdn.npmmirror.com/packages/%40typescript-eslint/utils/8.67.0/utils-8.67.0.tgz 60722ms (cache miss)
2433 http fetch GET 200 https://cdn.npmmirror.com/packages/%40typescript-eslint/types/8.67.0/types-8.67.0.tgz 60947ms (cache miss)
2434 http fetch GET 200 https://cdn.npmmirror.com/packages/acorn/8.18.0/acorn-8.18.0.tgz 61123ms (cache miss)
2435 http fetch GET 200 https://cdn.npmmirror.com/packages/%40types/yauzl/3.4.0/yauzl-3.4.0.tgz 61168ms (cache miss)
2436 http fetch GET 200 https://cdn.npmmirror.com/packages/cytoscape-fcose/2.2.0/cytoscape-fcose-2.2.0.tgz 61345ms (cache miss)
2437 http fetch GET 200 https://cdn.npmmirror.com/packages/%40typescript-eslint/project-service/8.67.0/project-service-8.67.0.tgz 61462ms (cache miss)
2438 http fetch GET 200 https://cdn.npmmirror.com/packages/%40types/trusted-types/2.0.7/trusted-types-2.0.7.tgz 61625ms (cache miss)
2439 http fetch GET 200 https://cdn.npmmirror.com/packages/%40types/unist/3.0.3/unist-3.0.3.tgz 61732ms (cache miss)
2440 http fetch GET 200 https://cdn.npmmirror.com/packages/%40types/react-dom/19.2.4/react-dom-19.2.4.tgz 62206ms (cache miss)
2441 http fetch GET 200 https://cdn.npmmirror.com/packages/%40typescript-eslint/typescript-estree/8.67.0/typescript-estree-8.67.0.tgz 62410ms (cache miss)
2442 http fetch GET 200 https://cdn.npmmirror.com/packages/%40typescript-eslint/type-utils/8.67.0/type-utils-8.67.0.tgz 62411ms (cache miss)
2443 http fetch GET 200 https://cdn.npmmirror.com/packages/%40types/yazl/3.3.1/yazl-3.3.1.tgz 62416ms (cache miss)
2444 http fetch GET 200 https://cdn.npmmirror.com/packages/%40typescript-eslint/scope-manager/8.67.0/scope-manager-8.67.0.tgz 62582ms (cache miss)
2445 http fetch GET 200 https://cdn.npmmirror.com/packages/%40types/use-sync-external-store/0.0.6/use-sync-external-store-0.0.6.tgz 62826ms (cache miss)
2446 http fetch GET 200 https://cdn.npmmirror.com/packages/%40typescript-eslint/eslint-plugin/8.67.0/eslint-plugin-8.67.0.tgz 63076ms (cache miss)
2447 http fetch GET 200 https://cdn.npmmirror.com/packages/%40types/mdast/4.0.4/mdast-4.0.4.tgz 63102ms (cache miss)
2448 http fetch GET 200 https://cdn.npmmirror.com/packages/aria-query/5.3.2/aria-query-5.3.2.tgz 63436ms (cache miss)
2449 http fetch GET 200 https://cdn.npmmirror.com/packages/%40types/json5/0.0.29/json5-0.0.29.tgz 63440ms (cache miss)
2450 http fetch GET 200 https://cdn.npmmirror.com/packages/%40types/markdown-it/14.1.2/markdown-it-14.1.2.tgz 63559ms (cache miss)
2451 http fetch GET 200 https://cdn.npmmirror.com/packages/%40types/node/22.20.1/node-22.20.1.tgz 63753ms (cache miss)
2452 http fetch GET 200 https://cdn.npmmirror.com/packages/%40types/geojson/7946.0.16/geojson-7946.0.16.tgz 63864ms (cache miss)
2453 http fetch GET 200 https://cdn.npmmirror.com/packages/%40types/linkify-it/5.0.0/linkify-it-5.0.0.tgz 64018ms (cache miss)
2454 http fetch GET 200 https://cdn.npmmirror.com/packages/%40types/estree-jsx/1.0.5/estree-jsx-1.0.5.tgz 64024ms (cache miss)
2455 http fetch GET 200 https://cdn.npmmirror.com/packages/%40types/json-schema/7.0.15/json-schema-7.0.15.tgz 64083ms (cache miss)
2456 http fetch GET 200 https://cdn.npmmirror.com/packages/%40types/estree/1.0.9/estree-1.0.9.tgz 64177ms (cache miss)
2457 http fetch GET 200 https://cdn.npmmirror.com/packages/%40typescript-eslint/visitor-keys/8.67.0/visitor-keys-8.67.0.tgz 64204ms (cache miss)
2458 http fetch GET 200 https://cdn.npmmirror.com/packages/%40types/mdurl/2.0.0/mdurl-2.0.0.tgz 64295ms (cache miss)
2459 http fetch GET 200 https://cdn.npmmirror.com/packages/%40types/debug/4.1.13/debug-4.1.13.tgz 64459ms (cache miss)
2460 http fetch GET 200 https://cdn.npmmirror.com/packages/%40types/ms/2.1.0/ms-2.1.0.tgz 64527ms (cache miss)
2461 http fetch GET 200 https://cdn.npmmirror.com/packages/%40types/hast/3.0.5/hast-3.0.5.tgz 64597ms (cache miss)
2462 http fetch GET 200 https://cdn.npmmirror.com/packages/%40unrs/resolver-binding-linux-x64-musl/1.12.2/resolver-binding-linux-x64-musl-1.12.2.tgz 64816ms (cache miss)
2463 http fetch GET 200 https://cdn.npmmirror.com/packages/%40types/d3-time/3.0.4/d3-time-3.0.4.tgz 64873ms (cache miss)
2464 http fetch GET 200 https://cdn.npmmirror.com/packages/%40types/d3-zoom/3.0.8/d3-zoom-3.0.8.tgz 64942ms (cache miss)
2465 http fetch GET 200 https://cdn.npmmirror.com/packages/%40types/d3-shape/3.1.8/d3-shape-3.1.8.tgz 64985ms (cache miss)
2466 http fetch GET 200 https://cdn.npmmirror.com/packages/%40types/d3-timer/3.0.2/d3-timer-3.0.2.tgz 65005ms (cache miss)
2467 http fetch GET 200 https://cdn.npmmirror.com/packages/%40types/react/19.2.18/react-19.2.18.tgz 65139ms (cache miss)
2468 http fetch GET 200 https://cdn.npmmirror.com/packages/%40types/d3-path/3.1.1/d3-path-3.1.1.tgz 65227ms (cache miss)
2469 http fetch GET 200 https://cdn.npmmirror.com/packages/%40types/d3-selection/3.0.11/d3-selection-3.0.11.tgz 65264ms (cache miss)
2470 http fetch GET 200 https://cdn.npmmirror.com/packages/%40types/d3-format/3.0.4/d3-format-3.0.4.tgz 65405ms (cache miss)
2471 http fetch GET 200 https://cdn.npmmirror.com/packages/%40types/d3-force/3.0.10/d3-force-3.0.10.tgz 65421ms (cache miss)
2472 http fetch GET 200 https://cdn.npmmirror.com/packages/%40types/d3-hierarchy/3.1.7/d3-hierarchy-3.1.7.tgz 65422ms (cache miss)
2473 http fetch GET 200 https://cdn.npmmirror.com/packages/%40types/d3-interpolate/3.0.4/d3-interpolate-3.0.4.tgz 65643ms (cache miss)
2474 http fetch GET 200 https://cdn.npmmirror.com/packages/%40types/d3-quadtree/3.0.6/d3-quadtree-3.0.6.tgz 65727ms (cache miss)
2475 http fetch GET 200 https://cdn.npmmirror.com/packages/%40types/deep-eql/4.0.2/deep-eql-4.0.2.tgz 65818ms (cache miss)
2476 http fetch GET 200 https://cdn.npmmirror.com/packages/%40types/d3-time-format/4.0.3/d3-time-format-4.0.3.tgz 65845ms (cache miss)
2477 http fetch GET 200 https://cdn.npmmirror.com/packages/%40types/d3-transition/3.0.9/d3-transition-3.0.9.tgz 65965ms (cache miss)
2478 http fetch GET 200 https://cdn.npmmirror.com/packages/%40vitest/mocker/4.1.10/mocker-4.1.10.tgz 66150ms (cache miss)
2479 http fetch GET 200 https://cdn.npmmirror.com/packages/axe-core/4.13.0/axe-core-4.13.0.tgz 66369ms (cache miss)
2480 http fetch GET 200 https://cdn.npmmirror.com/packages/%40types/d3-polygon/3.0.2/d3-polygon-3.0.2.tgz 66422ms (cache miss)
2481 http fetch GET 200 https://cdn.npmmirror.com/packages/%40types/d3-dispatch/3.0.7/d3-dispatch-3.0.7.tgz 66420ms (cache miss)
2482 http fetch GET 200 https://cdn.npmmirror.com/packages/%40types/d3-geo/3.1.1/d3-geo-3.1.1.tgz 66477ms (cache miss)
2483 http fetch GET 200 https://cdn.npmmirror.com/packages/%40types/d3-random/3.0.4/d3-random-3.0.4.tgz 66644ms (cache miss)
2484 http fetch GET 200 https://cdn.npmmirror.com/packages/%40types/d3-ease/3.0.2/d3-ease-3.0.2.tgz 66705ms (cache miss)
2485 http fetch GET 200 https://cdn.npmmirror.com/packages/%40types/d3-delaunay/6.0.4/d3-delaunay-6.0.4.tgz 66815ms (cache miss)
2486 http fetch GET 200 https://cdn.npmmirror.com/packages/%40types/d3-fetch/3.0.7/d3-fetch-3.0.7.tgz 66864ms (cache miss)
2487 http fetch GET 200 https://cdn.npmmirror.com/packages/%40types/d3-color/3.1.3/d3-color-3.1.3.tgz 67003ms (cache miss)
2488 http fetch GET 200 https://cdn.npmmirror.com/packages/%40types/d3-scale-chromatic/3.1.0/d3-scale-chromatic-3.1.0.tgz 67087ms (cache miss)
2489 http fetch GET 200 https://cdn.npmmirror.com/packages/%40types/d3-chord/3.0.6/d3-chord-3.0.6.tgz 67123ms (cache miss)
2490 http fetch GET 200 https://cdn.npmmirror.com/packages/%40types/d3-axis/3.0.6/d3-axis-3.0.6.tgz 67240ms (cache miss)
2491 http fetch GET 200 https://cdn.npmmirror.com/packages/%40types/better-sqlite3/7.6.13/better-sqlite3-7.6.13.tgz 67282ms (cache miss)
2492 http fetch GET 200 https://cdn.npmmirror.com/packages/%40types/d3-dsv/3.0.7/d3-dsv-3.0.7.tgz 67310ms (cache miss)
2493 http fetch GET 200 https://cdn.npmmirror.com/packages/%40types/d3/7.4.3/d3-7.4.3.tgz 67362ms (cache miss)
2494 http fetch GET 200 https://cdn.npmmirror.com/packages/%40types/d3-brush/3.0.6/d3-brush-3.0.6.tgz 67408ms (cache miss)
2495 http fetch GET 200 https://cdn.npmmirror.com/packages/%40types/d3-array/3.2.2/d3-array-3.2.2.tgz 67616ms (cache miss)
2496 http fetch GET 200 https://cdn.npmmirror.com/packages/%40tiptap/extension-text/2.27.2/extension-text-2.27.2.tgz 67692ms (cache miss)
2497 http fetch GET 200 https://cdn.npmmirror.com/packages/%40tiptap/extension-table-row/2.27.2/extension-table-row-2.27.2.tgz 67706ms (cache miss)
2498 http fetch GET 200 https://cdn.npmmirror.com/packages/%40tiptap/extension-text-style/2.27.2/extension-text-style-2.27.2.tgz 67818ms (cache miss)
2499 http fetch GET 200 https://cdn.npmmirror.com/packages/%40tiptap/pm/2.27.2/pm-2.27.2.tgz 68142ms (cache miss)
2500 http fetch GET 200 https://cdn.npmmirror.com/packages/%40types/aria-query/5.0.4/aria-query-5.0.4.tgz 68384ms (cache miss)
2501 http fetch GET 200 https://cdn.npmmirror.com/packages/%40tiptap/starter-kit/2.27.2/starter-kit-2.27.2.tgz 68436ms (cache miss)
2502 http fetch GET 200 https://cdn.npmmirror.com/packages/%40types/d3-contour/3.0.6/d3-contour-3.0.6.tgz 68439ms (cache miss)
2503 http fetch GET 200 https://cdn.npmmirror.com/packages/%40tiptap/extension-strike/2.27.2/extension-strike-2.27.2.tgz 68787ms (cache miss)
2504 http fetch GET 200 https://cdn.npmmirror.com/packages/%40tiptap/extension-paragraph/2.27.2/extension-paragraph-2.27.2.tgz 68852ms (cache miss)
2505 http fetch GET 200 https://cdn.npmmirror.com/packages/%40tiptap/extension-table-header/2.27.2/extension-table-header-2.27.2.tgz 68905ms (cache miss)
2506 http fetch GET 200 https://cdn.npmmirror.com/packages/%40tiptap/extension-list-item/2.27.2/extension-list-item-2.27.2.tgz 69318ms (cache miss)
2507 http fetch GET 200 https://cdn.npmmirror.com/packages/%40tiptap/extension-table-cell/2.27.2/extension-table-cell-2.27.2.tgz 69343ms (cache miss)
2508 http fetch GET 200 https://cdn.npmmirror.com/packages/%40tiptap/extension-ordered-list/2.27.2/extension-ordered-list-2.27.2.tgz 69392ms (cache miss)
2509 http fetch GET 200 https://cdn.npmmirror.com/packages/%40tiptap/extension-hard-break/2.27.2/extension-hard-break-2.27.2.tgz 69883ms (cache miss)
2510 http fetch GET 200 https://cdn.npmmirror.com/packages/%40tiptap/extension-heading/2.27.2/extension-heading-2.27.2.tgz 69964ms (cache miss)
2511 http fetch GET 200 https://cdn.npmmirror.com/packages/%40tiptap/extension-image/2.27.2/extension-image-2.27.2.tgz 69996ms (cache miss)
2512 http fetch GET 200 https://cdn.npmmirror.com/packages/%40tiptap/extension-document/2.27.2/extension-document-2.27.2.tgz 70029ms (cache miss)
2513 http fetch GET 200 https://cdn.npmmirror.com/packages/%40tiptap/extension-link/2.27.2/extension-link-2.27.2.tgz 70036ms (cache miss)
2514 http fetch GET 200 https://cdn.npmmirror.com/packages/%40tiptap/extension-table/2.27.2/extension-table-2.27.2.tgz 70134ms (cache miss)
2515 http fetch GET 200 https://cdn.npmmirror.com/packages/%40tiptap/extension-placeholder/2.27.2/extension-placeholder-2.27.2.tgz 70407ms (cache miss)
2516 http fetch GET 200 https://cdn.npmmirror.com/packages/%40tiptap/extension-italic/2.27.2/extension-italic-2.27.2.tgz 70591ms (cache miss)
2517 http fetch GET 200 https://cdn.npmmirror.com/packages/%40tiptap/extension-horizontal-rule/2.27.2/extension-horizontal-rule-2.27.2.tgz 70611ms (cache miss)
2518 http fetch GET 200 https://cdn.npmmirror.com/packages/%40tiptap/extension-bullet-list/2.27.2/extension-bullet-list-2.27.2.tgz 70687ms (cache miss)
2519 http fetch GET 200 https://cdn.npmmirror.com/packages/%40types/d3-drag/3.0.7/d3-drag-3.0.7.tgz 70712ms (cache miss)
2520 http fetch GET 200 https://cdn.npmmirror.com/packages/%40tiptap/extension-code/2.27.2/extension-code-2.27.2.tgz 70842ms (cache miss)
2521 http fetch GET 200 https://cdn.npmmirror.com/packages/%40tiptap/extension-gapcursor/2.27.2/extension-gapcursor-2.27.2.tgz 71129ms (cache miss)
2522 http fetch GET 200 https://cdn.npmmirror.com/packages/%40tiptap/extension-dropcursor/2.27.2/extension-dropcursor-2.27.2.tgz 71143ms (cache miss)
2523 http fetch GET 200 https://cdn.npmmirror.com/packages/%40tiptap/extension-blockquote/2.27.2/extension-blockquote-2.27.2.tgz 71158ms (cache miss)
2524 http fetch GET 200 https://cdn.npmmirror.com/packages/%40tiptap/extension-bold/2.27.2/extension-bold-2.27.2.tgz 71283ms (cache miss)
2525 http fetch GET 200 https://cdn.npmmirror.com/packages/%40types/chai/5.2.3/chai-5.2.3.tgz 71319ms (cache miss)
2526 http fetch GET 200 https://cdn.npmmirror.com/packages/%40tiptap/extension-code-block/2.27.2/extension-code-block-2.27.2.tgz 71315ms (cache miss)
2527 http fetch GET 200 https://cdn.npmmirror.com/packages/%40tiptap/extension-history/2.27.2/extension-history-2.27.2.tgz 71516ms (cache miss)
2528 http fetch GET 200 https://cdn.npmmirror.com/packages/better-sqlite3/12.11.1/better-sqlite3-12.11.1.tgz 71583ms (cache miss)
2529 http fetch GET 200 https://cdn.npmmirror.com/packages/%40tiptap/extension-bubble-menu/2.27.2/extension-bubble-menu-2.27.2.tgz 72015ms (cache miss)
2530 http fetch GET 200 https://cdn.npmmirror.com/packages/%40tailwindcss/oxide/4.3.3/oxide-4.3.3.tgz 72638ms (cache miss)
2531 http fetch GET 200 https://cdn.npmmirror.com/packages/%40rushstack/eslint-patch/1.16.1/eslint-patch-1.16.1.tgz 72681ms (cache miss)
2532 http fetch GET 200 https://cdn.npmmirror.com/packages/%40tiptap/react/2.27.2/react-2.27.2.tgz 72721ms (cache miss)
2533 http fetch GET 200 https://cdn.npmmirror.com/packages/%40types/d3-scale/4.0.9/d3-scale-4.0.9.tgz 73048ms (cache miss)
2534 http fetch GET 200 https://cdn.npmmirror.com/packages/%40testing-library/react/16.3.2/react-16.3.2.tgz 73063ms (cache miss)
2535 http fetch GET 200 https://cdn.npmmirror.com/packages/%40tailwindcss/postcss/4.3.3/postcss-4.3.3.tgz 73141ms (cache miss)
2536 http fetch GET 200 https://cdn.npmmirror.com/packages/%40paralleldrive/cuid2/2.3.1/cuid2-2.3.1.tgz 73458ms (cache miss)
2537 http fetch GET 200 https://cdn.npmmirror.com/packages/%40rtsao/scc/1.1.0/scc-1.1.0.tgz 73779ms (cache miss)
2538 http fetch GET 200 https://cdn.npmmirror.com/packages/%40swc/helpers/0.5.15/helpers-0.5.15.tgz 73816ms (cache miss)
2539 http fetch GET 200 https://cdn.npmmirror.com/packages/%40standard-schema/spec/1.1.0/spec-1.1.0.tgz 74285ms (cache miss)
2540 http fetch GET 200 https://cdn.npmmirror.com/packages/%40oxc-project/types/0.144.0/types-0.144.0.tgz 74296ms (cache miss)
2541 http fetch GET 200 https://cdn.npmmirror.com/packages/%40tybys/wasm-util/0.10.3/wasm-util-0.10.3.tgz 74488ms (cache miss)
2542 http fetch GET 200 https://cdn.npmmirror.com/packages/%40tailwindcss/node/4.3.3/node-4.3.3.tgz 74520ms (cache miss)
2543 http fetch GET 200 https://cdn.npmmirror.com/packages/%40nodelib/fs.stat/2.0.5/fs.stat-2.0.5.tgz 74814ms (cache miss)
2544 http fetch GET 200 https://cdn.npmmirror.com/packages/%40remirror/core-constants/3.0.0/core-constants-3.0.0.tgz 74838ms (cache miss)
2545 http fetch GET 200 https://cdn.npmmirror.com/packages/%40nolyfill/is-core-module/1.0.39/is-core-module-1.0.39.tgz 74892ms (cache miss)
2546 http fetch GET 200 https://cdn.npmmirror.com/packages/%40nodelib/fs.walk/1.2.8/fs.walk-1.2.8.tgz 75454ms (cache miss)
2547 http fetch GET 200 https://cdn.npmmirror.com/packages/%40rolldown/pluginutils/1.0.1/pluginutils-1.0.1.tgz 75636ms (cache miss)
2548 http fetch GET 200 https://cdn.npmmirror.com/packages/%40tiptap/extension-floating-menu/2.27.2/extension-floating-menu-2.27.2.tgz 76199ms (cache miss)
2549 http fetch GET 200 https://cdn.npmmirror.com/packages/cytoscape/3.34.1/cytoscape-3.34.1.tgz 81487ms (cache miss)
2550 http fetch GET 200 https://cdn.npmmirror.com/packages/%40testing-library/dom/10.4.1/dom-10.4.1.tgz 84654ms (cache miss)
2551 http fetch GET 200 https://cdn.npmmirror.com/packages/%40jridgewell/sourcemap-codec/1.5.5/sourcemap-codec-1.5.5.tgz 85159ms (cache miss)
2552 http fetch GET 200 https://cdn.npmmirror.com/packages/%40jridgewell/remapping/2.3.5/remapping-2.3.5.tgz 85676ms (cache miss)
2553 http fetch GET 200 https://cdn.npmmirror.com/packages/%40unrs/resolver-binding-linux-x64-gnu/1.12.2/resolver-binding-linux-x64-gnu-1.12.2.tgz 86411ms (cache miss)
2554 http fetch GET 200 https://cdn.npmmirror.com/packages/%40next/eslint-plugin-next/15.5.23/eslint-plugin-next-15.5.23.tgz 87088ms (cache miss)
2555 http fetch GET 200 https://cdn.npmmirror.com/packages/%40nodelib/fs.scandir/2.1.5/fs.scandir-2.1.5.tgz 87307ms (cache miss)
2556 http fetch GET 200 https://cdn.npmmirror.com/packages/%40popperjs/core/2.11.8/core-2.11.8.tgz 89560ms (cache miss)
2557 http fetch GET 200 https://cdn.npmmirror.com/packages/%40jridgewell/gen-mapping/0.3.13/gen-mapping-0.3.13.tgz 91402ms (cache miss)
2558 http fetch GET 200 https://cdn.npmmirror.com/packages/%40jridgewell/trace-mapping/0.3.31/trace-mapping-0.3.31.tgz 92886ms (cache miss)
2559 http fetch GET 200 https://cdn.npmmirror.com/packages/%40napi-rs/wasm-runtime/0.2.12/wasm-runtime-0.2.12.tgz 96243ms (cache miss)
2560 http fetch GET 200 https://cdn.npmmirror.com/packages/%40tailwindcss/oxide-linux-x64-musl/4.3.3/oxide-linux-x64-musl-4.3.3.tgz 96339ms (cache miss)
2561 http fetch GET 200 https://cdn.npmmirror.com/packages/%40img/colour/1.1.0/colour-1.1.0.tgz 96840ms (cache miss)
2562 http fetch GET 200 https://cdn.npmmirror.com/packages/%40noble/hashes/1.8.0/hashes-1.8.0.tgz 96969ms (cache miss)
2563 http fetch GET 200 https://cdn.npmmirror.com/packages/%40iconify/types/2.0.0/types-2.0.0.tgz 97126ms (cache miss)
2564 http fetch GET 200 https://cdn.npmmirror.com/packages/%40next/env/15.5.23/env-15.5.23.tgz 97303ms (cache miss)
2565 http fetch GET 200 https://cdn.npmmirror.com/packages/%40node-rs/jieba-linux-x64-gnu/2.0.1/jieba-linux-x64-gnu-2.0.1.tgz 97579ms (cache miss)
2566 http fetch GET 200 https://cdn.npmmirror.com/packages/%40humanwhocodes/module-importer/1.0.1/module-importer-1.0.1.tgz 98041ms (cache miss)
2567 http fetch GET 200 https://cdn.npmmirror.com/packages/%40humanfs/types/0.15.0/types-0.15.0.tgz 98138ms (cache miss)
2568 http fetch GET 200 https://cdn.npmmirror.com/packages/%40iconify/utils/3.1.4/utils-3.1.4.tgz 98501ms (cache miss)
2569 http fetch GET 200 https://cdn.npmmirror.com/packages/%40humanfs/node/0.16.8/node-0.16.8.tgz 98639ms (cache miss)
2570 http fetch GET 200 https://cdn.npmmirror.com/packages/%40humanfs/core/0.19.2/core-0.19.2.tgz 98687ms (cache miss)
2571 http fetch GET 200 https://cdn.npmmirror.com/packages/%40node-rs/jieba-linux-x64-musl/2.0.1/jieba-linux-x64-musl-2.0.1.tgz 98721ms (cache miss)
2572 http fetch GET 200 https://cdn.npmmirror.com/packages/%40jridgewell/resolve-uri/3.1.2/resolve-uri-3.1.2.tgz 99169ms (cache miss)
2573 http fetch GET 200 https://cdn.npmmirror.com/packages/%40humanwhocodes/retry/0.4.3/retry-0.4.3.tgz 99213ms (cache miss)
2574 http fetch GET 200 https://cdn.npmmirror.com/packages/%40img/sharp-linuxmusl-x64/0.35.3/sharp-linuxmusl-x64-0.35.3.tgz 101298ms (cache miss)
2575 http fetch GET 200 https://cdn.npmmirror.com/packages/%40fontsource/instrument-serif/5.3.0/instrument-serif-5.3.0.tgz 101751ms (cache miss)
2576 http fetch GET 200 https://cdn.npmmirror.com/packages/%40img/sharp-linux-x64/0.35.3/sharp-linux-x64-0.35.3.tgz 101908ms (cache miss)
2577 http fetch GET 200 https://cdn.npmmirror.com/packages/%40eslint/object-schema/2.1.7/object-schema-2.1.7.tgz 102431ms (cache miss)
2578 http fetch GET 200 https://cdn.npmmirror.com/packages/%40eslint/plugin-kit/0.4.1/plugin-kit-0.4.1.tgz 102744ms (cache miss)
2579 http fetch GET 200 https://cdn.npmmirror.com/packages/%40eslint/js/9.39.5/js-9.39.5.tgz 102867ms (cache miss)
2580 http fetch GET 200 https://cdn.npmmirror.com/packages/%40tiptap/core/2.27.2/core-2.27.2.tgz 102973ms (cache miss)
2581 http fetch GET 200 https://cdn.npmmirror.com/packages/%40eslint/eslintrc/3.3.6/eslintrc-3.3.6.tgz 105382ms (cache miss)
2582 http fetch GET 200 https://cdn.npmmirror.com/packages/%40eslint/config-array/0.21.2/config-array-0.21.2.tgz 107552ms (cache miss)
2583 http fetch GET 200 https://cdn.npmmirror.com/packages/%40fontsource-variable/jetbrains-mono/5.3.0/jetbrains-mono-5.3.0.tgz 109109ms (cache miss)
2584 http fetch GET 200 https://cdn.npmmirror.com/packages/%40eslint-community/eslint-utils/4.10.1/eslint-utils-4.10.1.tgz 109475ms (cache miss)
2585 http fetch GET 200 https://cdn.npmmirror.com/packages/%40emnapi/wasi-threads/1.2.3/wasi-threads-1.2.3.tgz 110717ms (cache miss)
2586 http fetch GET 200 https://cdn.npmmirror.com/packages/%40node-rs/jieba/2.0.1/jieba-2.0.1.tgz 111139ms (cache miss)
2587 http fetch GET 200 https://cdn.npmmirror.com/packages/%40eslint-community/regexpp/4.12.2/regexpp-4.12.2.tgz 111157ms (cache miss)
2588 http fetch GET 200 https://cdn.npmmirror.com/packages/%40csstools/css-syntax-patches-for-csstree/1.1.8/css-syntax-patches-for-csstree-1.1.8.tgz 111951ms (cache miss)
2589 http fetch GET 200 https://cdn.npmmirror.com/packages/%40csstools/css-tokenizer/4.0.0/css-tokenizer-4.0.0.tgz 112109ms (cache miss)
2590 http fetch GET 200 https://cdn.npmmirror.com/packages/%40eslint/core/0.17.0/core-0.17.0.tgz 112622ms (cache miss)
2591 http fetch GET 200 https://cdn.npmmirror.com/packages/%40csstools/css-parser-algorithms/4.0.0/css-parser-algorithms-4.0.0.tgz 113110ms (cache miss)
2592 http fetch GET 200 https://cdn.npmmirror.com/packages/%40chevrotain/types/11.1.2/types-11.1.2.tgz 114384ms (cache miss)
2593 http fetch GET 200 https://cdn.npmmirror.com/packages/%40bramus/specificity/2.4.2/specificity-2.4.2.tgz 117131ms (cache miss)
2594 http fetch GET 200 https://cdn.npmmirror.com/packages/%40tailwindcss/oxide-linux-x64-gnu/4.3.3/oxide-linux-x64-gnu-4.3.3.tgz 119398ms (cache miss)
2595 http fetch GET https://cdn.npmmirror.com/packages/%40babel/runtime/7.29.7/runtime-7.29.7.tgz attempt 1 failed with ECONNRESET
2596 http fetch GET 200 https://cdn.npmmirror.com/packages/mermaid/11.16.1/mermaid-11.16.1.tgz 119960ms (cache miss)
2597 http fetch GET 200 https://cdn.npmmirror.com/packages/%40braintree/sanitize-url/7.1.2/sanitize-url-7.1.2.tgz 120071ms (cache miss)
2598 http fetch GET 200 https://cdn.npmmirror.com/packages/%40babel/code-frame/7.29.7/code-frame-7.29.7.tgz 120723ms (cache miss)
2599 http fetch GET 200 https://cdn.npmmirror.com/packages/%40emnapi/core/1.11.3/core-1.11.3.tgz 121557ms (cache miss)
2600 http fetch GET 200 https://cdn.npmmirror.com/packages/%40asamuzakjp/nwsapi/2.3.9/nwsapi-2.3.9.tgz 121739ms (cache miss)
2601 http fetch GET 200 https://cdn.npmmirror.com/packages/%40asamuzakjp/generational-cache/1.0.1/generational-cache-1.0.1.tgz 121972ms (cache miss)
2602 http fetch GET 200 https://cdn.npmmirror.com/packages/%40csstools/css-color-parser/4.2.0/css-color-parser-4.2.0.tgz 122444ms (cache miss)
2603 http fetch GET 200 https://cdn.npmmirror.com/packages/%40csstools/css-calc/3.3.0/css-calc-3.3.0.tgz 123094ms (cache miss)
2604 http fetch GET 200 https://cdn.npmmirror.com/packages/%40asamuzakjp/dom-selector/7.1.1/dom-selector-7.1.1.tgz 123410ms (cache miss)
2605 http fetch GET 200 https://cdn.npmmirror.com/packages/%40antfu/install-pkg/1.1.0/install-pkg-1.1.0.tgz 123527ms (cache miss)
2606 http fetch GET 200 https://cdn.npmmirror.com/packages/%40alloc/quick-lru/5.2.0/quick-lru-5.2.0.tgz 124027ms (cache miss)
2607 http fetch GET 200 https://cdn.npmmirror.com/packages/lightningcss/1.33.0/lightningcss-1.33.0.tgz 124940ms (cache miss)
2608 http fetch GET 200 https://cdn.npmmirror.com/packages/%40types/mdurl/1.0.5/mdurl-1.0.5.tgz 125321ms (cache miss)
2609 http fetch GET 200 https://cdn.npmmirror.com/packages/%40eslint/config-helpers/0.4.2/config-helpers-0.4.2.tgz 125823ms (cache miss)
2610 http fetch GET 200 https://cdn.npmmirror.com/packages/%40emnapi/runtime/1.11.3/runtime-1.11.3.tgz 126554ms (cache miss)
2611 http fetch GET 200 https://cdn.npmmirror.com/packages/%40asamuzakjp/css-color/5.1.11/css-color-5.1.11.tgz 127311ms (cache miss)
2612 http fetch GET 200 https://cdn.npmmirror.com/packages/picomatch/4.0.5/picomatch-4.0.5.tgz 127967ms (cache miss)
2613 http fetch GET 200 https://cdn.npmmirror.com/packages/%40fontsource-variable/noto-sans-sc/5.3.0/noto-sans-sc-5.3.0.tgz 130816ms (cache miss)
2614 http fetch GET 200 https://cdn.npmmirror.com/packages/%40types/linkify-it/3.0.5/linkify-it-3.0.5.tgz 131242ms (cache miss)
2615 http fetch GET 200 https://cdn.npmmirror.com/packages/%40exodus/bytes/1.15.1/bytes-1.15.1.tgz 131636ms (cache miss)
2616 http fetch GET 200 https://cdn.npmmirror.com/packages/picomatch/4.0.5/picomatch-4.0.5.tgz 131707ms (cache miss)
2617 http fetch GET 200 https://cdn.npmmirror.com/packages/fdir/6.5.0/fdir-6.5.0.tgz 132371ms (cache miss)
2618 http fetch GET 200 https://cdn.npmmirror.com/packages/%40types/markdown-it/13.0.9/markdown-it-13.0.9.tgz 132679ms (cache miss)
2619 http fetch GET 200 https://cdn.npmmirror.com/packages/picomatch/4.0.5/picomatch-4.0.5.tgz 133268ms (cache miss)
2620 http fetch GET 200 https://cdn.npmmirror.com/packages/escape-string-regexp/5.0.0/escape-string-regexp-5.0.0.tgz 134104ms (cache miss)
2621 http fetch GET 200 https://cdn.npmmirror.com/packages/glob-parent/5.1.2/glob-parent-5.1.2.tgz 134729ms (cache miss)
2622 http fetch GET 200 https://cdn.npmmirror.com/packages/semver/6.3.1/semver-6.3.1.tgz 135185ms (cache miss)
2623 http fetch GET 200 https://cdn.npmmirror.com/packages/commander/8.3.0/commander-8.3.0.tgz 135255ms (cache miss)
2624 http fetch GET 200 https://cdn.npmmirror.com/packages/react-is/17.0.2/react-is-17.0.2.tgz 135616ms (cache miss)
2625 http fetch GET 200 https://cdn.npmmirror.com/packages/%40csstools/color-helpers/6.1.1/color-helpers-6.1.1.tgz 136029ms (cache miss)
2626 http fetch GET 200 https://cdn.npmmirror.com/packages/debug/3.2.7/debug-3.2.7.tgz 136692ms (cache miss)
2627 http fetch GET 200 https://cdn.npmmirror.com/packages/ansi-styles/5.2.0/ansi-styles-5.2.0.tgz 137269ms (cache miss)
2628 http fetch GET 200 https://cdn.npmmirror.com/packages/entities/8.0.0/entities-8.0.0.tgz 137501ms (cache miss)
2629 http fetch GET 200 https://cdn.npmmirror.com/packages/semver/6.3.1/semver-6.3.1.tgz 138494ms (cache miss)
2630 http fetch GET https://cdn.npmmirror.com/packages/d3-shape/1.3.7/d3-shape-1.3.7.tgz attempt 1 failed with ECONNRESET
2631 http fetch GET 200 https://cdn.npmmirror.com/packages/%40mermaid-js/parser/1.2.0/parser-1.2.0.tgz 138930ms (cache miss)
2632 http fetch GET 200 https://cdn.npmmirror.com/packages/internmap/1.0.1/internmap-1.0.1.tgz 139186ms (cache miss)
2633 http fetch GET 200 https://cdn.npmmirror.com/packages/semver/6.3.1/semver-6.3.1.tgz 140061ms (cache miss)
2634 http fetch GET 200 https://cdn.npmmirror.com/packages/debug/3.2.7/debug-3.2.7.tgz 140843ms (cache miss)
2635 http fetch GET 200 https://cdn.npmmirror.com/packages/%40fontsource-variable/inter/5.3.0/inter-5.3.0.tgz 141244ms (cache miss)
2636 http fetch GET 200 https://cdn.npmmirror.com/packages/debug/3.2.7/debug-3.2.7.tgz 141539ms (cache miss)
2637 http fetch GET 200 https://cdn.npmmirror.com/packages/%40emnapi/wasi-threads/1.2.1/wasi-threads-1.2.1.tgz 141828ms (cache miss)
2638 http fetch GET 200 https://cdn.npmmirror.com/packages/cose-base/2.2.0/cose-base-2.2.0.tgz 141863ms (cache miss)
2639 http fetch GET 200 https://cdn.npmmirror.com/packages/lightningcss-linux-x64-gnu/1.33.0/lightningcss-linux-x64-gnu-1.33.0.tgz 142268ms (cache miss)
2640 http fetch GET 200 https://cdn.npmmirror.com/packages/d3-path/1.0.9/d3-path-1.0.9.tgz 142472ms (cache miss)
2641 http fetch GET 200 https://cdn.npmmirror.com/packages/%40emnapi/runtime/1.10.0/runtime-1.10.0.tgz 142696ms (cache miss)
2642 http fetch GET 200 https://cdn.npmmirror.com/packages/%40types/unist/2.0.11/unist-2.0.11.tgz 142882ms (cache miss)
2643 http fetch GET 200 https://cdn.npmmirror.com/packages/%40babel/helper-validator-identifier/7.29.7/helper-validator-identifier-7.29.7.tgz 143070ms (cache miss)
2644 http fetch GET 200 https://cdn.npmmirror.com/packages/d3-array/2.12.1/d3-array-2.12.1.tgz 143120ms (cache miss)
2645 http fetch GET 200 https://cdn.npmmirror.com/packages/eslint-visitor-keys/5.0.1/eslint-visitor-keys-5.0.1.tgz 143508ms (cache miss)
2646 http fetch GET 200 https://cdn.npmmirror.com/packages/brace-expansion/5.0.9/brace-expansion-5.0.9.tgz 143958ms (cache miss)
2647 http fetch GET 200 https://cdn.npmmirror.com/packages/minimatch/10.2.6/minimatch-10.2.6.tgz 144357ms (cache miss)
2648 http fetch GET 200 https://cdn.npmmirror.com/packages/%40emnapi/core/1.10.0/core-1.10.0.tgz 144379ms (cache miss)
2649 http fetch GET 200 https://cdn.npmmirror.com/packages/aria-query/5.3.0/aria-query-5.3.0.tgz 144661ms (cache miss)
2650 http fetch GET 200 https://cdn.npmmirror.com/packages/strip-json-comments/3.1.1/strip-json-comments-3.1.1.tgz 144760ms (cache miss)
2651 http fetch GET 200 https://cdn.npmmirror.com/packages/eslint-visitor-keys/3.4.3/eslint-visitor-keys-3.4.3.tgz 144762ms (cache miss)
2652 http fetch GET 200 https://cdn.npmmirror.com/packages/layout-base/2.0.1/layout-base-2.0.1.tgz 144923ms (cache miss)
2653 http fetch GET 200 https://cdn.npmmirror.com/packages/balanced-match/4.0.4/balanced-match-4.0.4.tgz 145177ms (cache miss)
2654 http fetch GET 200 https://cdn.npmmirror.com/packages/%40napi-rs/wasm-runtime/1.2.3/wasm-runtime-1.2.3.tgz 145218ms (cache miss)
2655 http fetch GET 200 https://cdn.npmmirror.com/packages/%40babel/runtime/7.29.7/runtime-7.29.7.tgz 145983ms attempt #2 (cache miss)
2656 http fetch GET 200 https://cdn.npmmirror.com/packages/ignore/7.0.6/ignore-7.0.6.tgz 146014ms (cache miss)
2657 http fetch GET 200 https://cdn.npmmirror.com/packages/lightningcss-linux-x64-musl/1.33.0/lightningcss-linux-x64-musl-1.33.0.tgz 146846ms (cache miss)
2658 http fetch GET 200 https://cdn.npmmirror.com/packages/d3-shape/1.3.7/d3-shape-1.3.7.tgz 150104ms attempt #2 (cache miss)
2659 http fetch GET 200 https://cdn.npmmirror.com/packages/%40img/sharp-wasm32/0.35.3/sharp-wasm32-0.35.3.tgz 151165ms (cache miss)
2660 http fetch GET 200 https://cdn.npmmirror.com/packages/%40fontsource-variable/noto-serif-sc/5.3.0/noto-serif-sc-5.3.0.tgz 170038ms (cache miss)
2661 http fetch GET 200 https://cdn.npmmirror.com/packages/%40img/sharp-libvips-linuxmusl-x64/1.3.2/sharp-libvips-linuxmusl-x64-1.3.2.tgz 198714ms (cache miss)
2662 http fetch GET 200 https://cdn.npmmirror.com/packages/next/15.5.23/next-15.5.23.tgz 207007ms (cache miss)
2663 http fetch GET 200 https://cdn.npmmirror.com/packages/%40rolldown/binding-linux-x64-gnu/1.2.4/binding-linux-x64-gnu-1.2.4.tgz 216716ms (cache miss)
2664 http fetch GET 200 https://cdn.npmmirror.com/packages/%40img/sharp-libvips-linux-x64/1.3.2/sharp-libvips-linux-x64-1.3.2.tgz 229502ms (cache miss)
2665 http fetch GET 200 https://cdn.npmmirror.com/packages/%40rolldown/binding-linux-x64-musl/1.2.4/binding-linux-x64-musl-1.2.4.tgz 248880ms (cache miss)
2666 http fetch GET 200 https://cdn.npmmirror.com/packages/%40next/swc-linux-x64-gnu/15.5.23/swc-linux-x64-gnu-15.5.23.tgz 287076ms (cache miss)
